drug_name,reaction_num,ec3_num,ec3_list
Gramicidin D,132,17,"['6.3.2', '1.14.13', '1.14.15', '1.1.1', '1.2.7', '1.2.99', '3.4.24', '3.1.3', '1.3.1', '6.3.1', '1.14.3', '3.4.19', '3.4.15', '3.4.13', '3.4.21', '3.8.1', '3.5.1']"
Desmopressin,100,33,"['6.3.4', '3.1.3', '3.4.13', '1.14.19', '3.8.1', '3.5.1', '1.14.3', '1.6.4', '6.3.2', '1.14.13', '1.14.15', '1.1.1', '3.4.24', '1.8.1', '3.2.1', '3.4.19', '3.4.15', '1.8.4', '1.3.8', '1.14.99', '1.17.1', '1.11.1', '1.3.3', '3.4.11', '1.14.14', '3.5.3', '1.8.98', '1.17.99', '1.3.1', '6.3.1', '1.3.99', '3.4.21', '1.14.18']"
Cyclosporine,103,24,"['3.1.3', '3.4.13', '1.14.19', '3.5.1', '6.3.2', '1.14.13', '1.14.15', '1.1.1', '3.4.24', '1.14.21', '3.2.1', '3.4.19', '3.4.15', '1.1.3', '3.1.6', '1.14.99', '1.3.3', '3.4.11', '1.14.14', '1.3.1', '6.3.1', '1.3.99', '3.4.21', '1.14.18']"
Pyridoxal phosphate,38,35,"['1.6.5', '2.7.1', '3.1.3', '4.2.2', '3.8.1', '6.3.2', '1.14.13', '1.11.2', '1.14.15', '1.1.1', '2.6.1', '3.2.1', '3.4.15', '3.4.19', '1.1.3', '3.1.6', '1.14.99', '1.2.1', '1.11.1', '3.4.11', '2.8.2', '1.14.14', '3.1.4', '1.2.3', '3.1.1', '1.14.16', '1.4.3', '5.1.3', '6.2.1', '1.3.1', '4.1.3', '4.2.1', '3.6.1', '1.17.1', '1.14.18']"
Cyanocobalamin,129,30,"['3.1.3', '3.4.13', '1.14.19', '3.8.1', '3.5.1', '1.14.3', '6.3.2', '1.14.15', '1.14.13', '1.1.1', '2.6.1', '3.2.1', '5.4.99', '1.1.3', '3.1.6', '1.3.8', '1.14.99', '1.3.3', '1.14.14', '3.1.4', '1.17.99', '6.2.1', '1.3.1', '4.2.1', '6.3.1', '3.6.1', '1.3.99', '1.17.1', '1.14.18', '4.3.3']"
Histidine,35,34,"['4.2.3', '2.7.1', '3.1.3', '3.10.1', '4.2.2', '3.4.13', '1.4.1', '4.3.1', '6.3.2', '1.14.13', '1.13.99', '3.1.5', '1.1.1', '3.2.1', '3.4.15', '5.4.3', '3.4.19', '5.2.1', '3.1.6', '1.2.1', '1.11.1', '3.4.11', '1.14.14', '3.1.1', '4.1.1', '1.4.3', '5.1.3', '2.4.1', '1.3.1', '4.1.3', '4.2.1', '3.6.1', '1.16.3', '1.17.1']"
Ademetionine,89,47,"['6.3.4', '2.4.2', '2.7.1', '3.1.3', '3.10.1', '3.13.1', '3.5.4', '4.2.2', '3.8.1', '1.14.15', '1.14.13', '1.11.2', '3.3.1', '3.1.5', '1.1.1', '3.2.1', '3.3.2', '5.3.1', '1.7.1', '3.4.15', '3.4.19', '5.2.1', '1.14.11', '1.1.3', '3.1.6', '1.14.99', '1.2.1', '1.11.1', '3.4.11', '2.5.1', '1.14.14', '1.2.3', '3.1.1', '3.2.2', '2.1.1', '1.1.99', '5.1.3', '6.2.1', '2.4.1', '4.2.1', '1.3.1', '4.1.3', '3.6.1', '1.16.3', '1.17.1', '1.14.18', '4.3.3']"
Phenylalanine,75,43,"['1.6.5', '1.22.1', '4.2.3', '2.7.1', '3.1.3', '3.10.1', '4.2.2', '3.4.13', '1.14.19', '1.4.1', '3.8.1', '1.14.3', '1.21.1', '4.3.1', '1.14.13', '1.11.2', '6.3.2', '3.1.5', '1.1.1', '1.10.3', '3.2.1', '3.4.15', '3.4.19', '5.2.1', '3.1.6', '1.2.1', '1.11.1', '3.4.11', '1.14.12', '1.14.14', '3.1.1', '1.14.16', '4.1.1', '1.4.3', '5.1.3', '2.4.1', '1.3.1', '4.1.3', '4.2.1', '3.6.1', '1.16.3', '1.17.1', '1.14.18']"
Biotin,73,41,"['4.2.3', '2.7.1', '3.1.3', '4.2.2', '1.14.19', '1.8.3', '6.3.2', '1.14.15', '1.14.13', '3.1.5', '1.1.1', '3.2.1', '3.4.15', '3.4.19', '5.2.1', '1.14.11', '3.1.6', '1.3.8', '1.6.99', '2.8.1', '1.14.99', '1.2.1', '1.3.3', '3.4.11', '1.11.1', '2.5.1', '1.14.14', '3.1.1', '1.5.1', '5.1.3', '1.17.99', '2.4.1', '1.3.1', '4.1.3', '4.2.1', '3.6.1', '1.16.3', '1.3.99', '1.17.1', '6.3.3', '1.14.18']"
Choline,19,25,"['4.2.3', '2.7.1', '3.1.3', '1.14.13', '1.14.15', '3.1.5', '1.1.1', '3.2.1', '1.7.3', '4.3.99', '1.1.3', '3.1.6', '1.2.1', '1.11.1', '1.14.12', '1.14.14', '3.1.1', '4.99.1', '1.1.99', '5.1.3', '2.4.1', '4.1.3', '4.2.1', '3.6.1', '1.16.3']"
Lysine,56,37,"['4.2.3', '2.7.1', '3.1.3', '3.10.1', '4.2.2', '3.4.13', '1.4.1', '6.3.2', '1.14.15', '1.14.13', '3.1.5', '1.1.1', '3.4.24', '3.2.1', '3.4.15', '3.4.19', '1.7.3', '5.2.1', '1.14.11', '3.1.6', '1.14.99', '1.2.1', '1.11.1', '3.4.11', '1.14.14', '3.1.1', '4.1.1', '1.4.3', '5.1.3', '2.4.1', '1.3.1', '4.1.3', '4.2.1', '3.6.1', '1.16.3', '1.3.99', '1.14.18']"
Arginine,43,38,"['4.2.3', '2.7.1', '3.1.3', '3.10.1', '4.2.2', '3.4.13', '1.4.1', '6.3.2', '1.14.15', '1.14.13', '3.1.5', '1.1.1', '3.4.24', '3.2.1', '3.4.15', '3.4.19', '1.7.3', '5.2.1', '1.14.11', '3.1.6', '1.14.99', '2.8.1', '1.2.1', '1.11.1', '3.4.11', '1.14.14', '3.1.1', '4.1.1', '1.4.3', '5.1.3', '3.5.3', '2.4.1', '1.3.1', '4.1.3', '4.2.1', '3.6.1', '1.16.3', '1.3.99']"
Ascorbic acid,68,37,"['3.4.16', '2.7.1', '3.1.3', '4.2.3', '4.2.2', '6.3.2', '1.14.15', '1.14.13', '3.1.5', '1.1.1', '3.2.1', '3.3.2', '3.4.15', '3.4.19', '2.3.1', '1.7.3', '1.1.3', '3.1.6', '1.14.99', '1.2.1', '1.11.1', '3.4.11', '2.5.1', '1.1.5', '1.14.14', '3.1.1', '1.1.99', '5.1.3', '6.2.1', '2.4.1', '1.3.1', '4.2.1', '4.1.3', '3.6.1', '1.16.3', '3.4.21', '1.14.18']"
Ornithine,40,37,"['4.2.3', '2.7.1', '3.1.3', '3.10.1', '4.2.2', '3.4.13', '1.4.1', '6.3.2', '1.14.15', '1.14.13', '3.1.5', '1.1.1', '3.4.24', '3.2.1', '3.4.15', '3.4.19', '1.7.3', '5.2.1', '1.14.11', '3.1.6', '1.14.99', '1.2.1', '1.11.1', '3.4.11', '1.14.14', '3.1.1', '4.1.1', '1.4.3', '5.1.3', '2.4.1', '1.3.1', '4.1.3', '4.2.1', '3.6.1', '1.16.3', '1.3.99', '1.14.18']"
L-Glutamine,49,53,"['6.3.4', '2.4.2', '4.2.3', '2.7.1', '3.1.3', '3.10.1', '4.2.2', '3.5.5', '3.4.13', '6.3.5', '1.4.1', '3.5.1', '4.3.1', '6.3.2', '1.14.15', '1.14.13', '3.1.5', '1.1.1', '3.4.24', '3.2.1', '2.3.2', '3.4.15', '3.4.19', '1.7.3', '5.2.1', '1.14.11', '3.1.6', '1.3.8', '1.6.99', '1.14.99', '3.5.2', '1.2.1', '1.3.3', '3.4.11', '1.11.1', '1.14.14', '3.1.1', '4.1.1', '1.4.7', '1.4.3', '5.1.3', '1.17.99', '2.4.1', '4.2.1', '6.3.1', '1.3.1', '4.1.3', '3.6.1', '1.16.3', '1.3.99', '1.17.1', '1.14.18', '4.3.3']"
alpha-Linolenic acid,170,28,"['3.1.3', '4.2.2', '1.14.19', '1.14.15', '1.14.13', '1.1.1', '3.2.1', '3.4.15', '5.2.1', '1.14.11', '1.13.11', '3.1.6', '1.3.8', '1.6.99', '1.14.99', '1.2.1', '1.3.3', '1.11.1', '1.14.14', '3.1.1', '1.17.99', '2.4.1', '1.3.1', '4.2.1', '1.16.3', '1.3.99', '1.17.1', '1.14.18']"
Serine,40,38,"['4.2.3', '2.7.1', '3.1.3', '3.10.1', '4.2.2', '3.4.13', '1.4.1', '3.5.1', '4.3.1', '6.3.2', '1.14.13', '1.14.15', '3.1.5', '1.1.1', '3.2.1', '3.3.2', '3.4.15', '3.4.19', '1.7.3', '5.2.1', '1.1.3', '3.1.6', '1.2.1', '1.11.1', '3.4.11', '1.14.14', '3.1.1', '4.1.1', '4.99.1', '1.4.3', '1.1.99', '5.1.3', '2.4.1', '1.3.1', '4.1.3', '4.2.1', '3.6.1', '1.16.3']"
Methionine,34,36,"['4.2.3', '2.7.1', '3.1.3', '3.10.1', '4.2.2', '3.4.13', '1.4.1', '1.8.3', '6.3.2', '1.14.15', '1.14.13', '3.1.5', '1.1.1', '3.2.1', '3.4.15', '3.4.19', '1.7.3', '5.2.1', '3.1.6', '1.2.1', '1.11.1', '3.4.11', '2.5.1', '1.14.14', '3.1.1', '4.1.1', '2.1.1', '1.4.3', '5.1.3', '2.4.1', '1.3.1', '4.1.3', '4.2.1', '3.6.1', '1.16.3', '1.14.18']"
Tyrosine,69,44,"['1.6.5', '1.22.1', '4.2.3', '2.7.1', '3.1.3', '3.10.1', '4.2.2', '3.4.13', '1.14.19', '1.4.1', '3.8.1', '1.14.3', '1.21.1', '4.3.1', '1.14.13', '1.11.2', '6.3.2', '3.1.5', '1.1.1', '1.10.3', '3.2.1', '3.4.15', '3.4.19', '5.2.1', '3.1.6', '1.2.1', '1.11.1', '3.4.11', '1.14.12', '2.8.2', '1.14.14', '3.1.1', '1.14.16', '4.1.1', '1.4.3', '5.1.3', '2.4.1', '1.3.1', '4.1.3', '4.2.1', '3.6.1', '1.16.3', '1.17.1', '1.14.18']"
Calcitriol,156,26,"['3.1.3', '4.1.99', '1.14.19', '5.3.3', '1.14.15', '1.14.13', '3.1.5', '1.1.1', '3.2.1', '1.14.21', '1.13.11', '1.1.3', '3.1.6', '1.14.99', '1.11.1', '1.3.3', '1.14.12', '1.14.14', '1.1.99', '1.17.99', '2.4.1', '1.3.1', '4.2.1', '1.16.3', '1.3.99', '1.14.18']"
Lutein,260,24,"['5.5.1', '3.1.3', '1.14.19', '5.3.3', '1.14.15', '1.14.13', '1.1.1', '3.2.1', '1.14.21', '1.13.11', '1.1.3', '3.1.6', '1.3.8', '1.14.99', '1.3.3', '1.14.12', '2.5.1', '1.14.14', '1.13.12', '1.17.99', '1.3.1', '4.2.1', '1.3.99', '1.14.18']"
Cystine,29,35,"['4.2.3', '2.7.1', '3.1.3', '3.10.1', '4.2.2', '3.4.13', '1.4.1', '1.6.4', '6.3.2', '1.14.13', '3.1.5', '1.1.1', '3.4.24', '1.8.1', '3.2.1', '3.4.15', '3.4.19', '1.7.3', '5.2.1', '1.8.4', '3.1.6', '1.11.1', '1.2.1', '3.4.11', '3.1.1', '4.1.1', '1.4.3', '5.1.3', '1.8.98', '2.4.1', '1.3.1', '4.1.3', '4.2.1', '3.6.1', '1.16.3']"
Succinic acid,28,36,"['4.2.3', '2.7.1', '3.1.3', '4.2.2', '1.14.19', '3.5.1', '6.3.2', '1.14.15', '1.14.13', '3.1.5', '1.1.1', '3.2.1', '3.4.15', '3.4.19', '1.7.3', '5.2.1', '3.1.6', '1.6.99', '1.14.99', '1.2.1', '1.3.3', '3.4.11', '1.11.1', '1.14.14', '3.1.1', '5.1.3', '1.17.99', '2.4.1', '1.3.1', '4.1.3', '4.2.1', '3.6.1', '1.16.3', '1.3.99', '1.17.1', '1.14.18']"
Riboflavin,87,35,"['1.22.1', '2.7.1', '3.1.3', '4.2.2', '3.8.1', '1.14.3', '1.21.1', '1.14.13', '1.14.15', '1.11.2', '3.1.5', '1.1.1', '1.10.3', '3.2.1', '2.6.1', '3.3.2', '3.4.15', '5.4.99', '1.1.3', '3.1.6', '1.2.1', '1.11.1', '2.5.1', '1.14.14', '1.14.16', '3.1.1', '1.1.99', '5.1.3', '2.4.1', '4.2.1', '1.3.1', '4.1.3', '3.6.1', '1.16.3', '1.14.18']"
N-Acetylglucosamine,130,51,"['6.3.4', '5.5.1', '4.2.3', '2.7.1', '3.1.3', '4.2.2', '3.4.13', '1.4.99', '3.5.1', '6.3.2', '1.14.15', '1.14.13', '1.13.99', '3.1.5', '1.1.1', '3.2.1', '3.3.2', '1.7.3', '3.4.15', '2.3.1', '3.4.19', '1.14.11', '5.4.99', '1.1.3', '3.1.6', '1.14.99', '1.5.99', '1.2.1', '1.11.1', '3.4.11', '1.14.12', '1.4.9', '2.5.1', '1.1.5', '1.14.14', '1.2.3', '3.1.1', '1.4.3', '1.5.1', '1.1.99', '6.1.1', '5.1.3', '2.4.1', '1.3.1', '1.5.3', '6.3.1', '4.2.1', '4.1.3', '3.6.1', '1.16.3', '1.14.18']"
Glutamic acid,51,42,"['4.2.3', '2.7.1', '3.1.3', '3.10.1', '4.2.2', '3.4.13', '1.4.1', '6.3.2', '1.14.15', '1.14.13', '3.1.5', '1.1.1', '3.4.24', '3.2.1', '3.4.15', '3.4.19', '1.7.3', '5.2.1', '1.14.11', '3.1.6', '1.3.8', '1.6.99', '1.14.99', '1.2.1', '1.3.3', '3.4.11', '1.11.1', '1.14.14', '3.1.1', '4.1.1', '1.4.3', '5.1.3', '1.17.99', '2.4.1', '1.3.1', '4.1.3', '4.2.1', '3.6.1', '1.16.3', '1.3.99', '1.17.1', '1.14.18']"
Glutathione,74,53,"['6.3.4', '3.4.16', '2.7.1', '3.1.3', '3.10.1', '4.2.3', '4.2.2', '3.4.13', '1.14.19', '1.4.1', '3.5.1', '5.1.1', '6.3.2', '1.14.15', '1.14.13', '3.1.5', '1.1.1', '3.4.24', '1.8.1', '3.2.1', '2.3.2', '3.4.19', '3.4.15', '2.3.1', '5.2.1', '1.14.11', '1.13.11', '3.1.6', '1.3.8', '1.14.99', '1.2.1', '1.3.3', '3.4.11', '1.11.1', '1.14.14', '1.13.12', '3.1.1', '4.1.1', '3.4.21', '1.4.3', '1.5.1', '5.1.3', '1.17.99', '2.4.1', '1.3.1', '6.3.1', '4.1.3', '4.2.1', '3.6.1', '1.16.3', '1.3.99', '1.17.1', '1.14.18']"
Phosphatidyl serine,526,30,"['3.4.16', '3.1.3', '3.4.13', '1.14.19', '6.3.2', '1.14.15', '1.14.13', '1.1.1', '3.2.1', '2.3.1', '5.2.1', '1.14.11', '3.1.6', '1.3.8', '1.14.99', '1.17.1', '1.2.1', '1.3.3', '3.4.11', '1.14.14', '3.1.4', '3.1.1', '4.1.1', '1.17.99', '6.2.1', '1.3.1', '3.6.1', '1.3.99', '3.4.21', '1.14.18']"
Glycine,20,31,"['6.3.4', '4.2.3', '2.7.1', '3.1.3', '3.10.1', '4.2.2', '3.4.13', '3.5.1', '6.3.2', '1.14.13', '3.1.5', '1.1.1', '3.2.1', '3.4.15', '3.4.19', '1.7.3', '5.2.1', '3.1.6', '1.2.1', '1.11.1', '3.4.11', '1.14.14', '3.1.1', '1.4.3', '5.1.3', '2.4.1', '1.3.1', '4.1.3', '4.2.1', '3.6.1', '1.16.3']"
Calcifediol,147,24,"['3.1.3', '4.1.99', '1.14.19', '5.3.3', '1.14.15', '1.14.13', '1.1.1', '3.2.1', '1.14.21', '1.13.11', '1.1.3', '3.1.6', '1.14.99', '1.11.1', '1.3.3', '1.14.14', '1.1.99', '1.17.99', '2.4.1', '1.3.1', '4.2.1', '1.16.3', '1.3.99', '1.14.18']"
Creatine,24,29,"['4.2.3', '2.7.1', '3.1.3', '3.10.1', '6.3.2', '1.14.13', '3.1.5', '1.1.1', '3.4.24', '3.2.1', '3.4.15', '3.4.19', '1.7.3', '5.2.1', '3.1.6', '2.8.1', '1.2.1', '1.11.1', '3.4.11', '1.14.14', '3.1.1', '5.1.3', '3.5.3', '2.4.1', '1.3.1', '4.1.3', '4.2.1', '3.6.1', '1.16.3']"
Leucine,37,34,"['4.2.3', '2.7.1', '3.1.3', '3.10.1', '4.2.2', '3.4.13', '1.4.1', '6.3.2', '1.14.15', '1.14.13', '3.1.5', '1.1.1', '3.2.1', '3.4.15', '3.4.19', '1.7.3', '5.2.1', '3.1.6', '1.2.1', '1.11.1', '3.4.11', '1.14.12', '1.14.14', '3.1.1', '4.1.1', '1.4.3', '5.1.3', '2.4.1', '1.3.1', '4.1.3', '4.2.1', '3.6.1', '1.16.3', '1.14.18']"
Tryptophan,91,45,"['1.6.5', '1.22.1', '4.2.3', '2.7.1', '3.1.3', '3.10.1', '4.2.2', '3.4.13', '1.14.19', '1.4.1', '3.8.1', '1.21.1', '4.3.1', '1.14.13', '1.11.2', '6.3.2', '1.13.99', '3.1.5', '1.1.1', '1.10.3', '3.2.1', '3.4.15', '3.4.19', '5.2.1', '1.13.11', '3.1.6', '1.14.99', '1.2.1', '1.11.1', '3.4.11', '1.14.12', '1.14.14', '3.1.1', '1.14.16', '4.1.1', '1.4.3', '5.1.3', '2.4.1', '1.3.1', '4.1.3', '4.2.1', '3.6.1', '1.16.3', '1.17.1', '1.14.18']"
Cysteine,28,34,"['4.2.3', '2.7.1', '3.10.1', '3.1.3', '4.2.2', '3.4.13', '1.4.1', '3.5.1', '6.3.2', '1.14.13', '3.1.5', '1.1.1', '3.2.1', '1.8.1', '3.4.15', '3.4.19', '1.7.3', '5.2.1', '1.13.11', '3.1.6', '1.2.1', '1.11.1', '3.4.11', '1.13.12', '3.1.1', '4.1.1', '1.4.3', '5.1.3', '2.4.1', '1.3.1', '4.1.3', '4.2.1', '3.6.1', '1.16.3']"
Thiamine,38,30,"['6.3.4', '2.7.1', '3.1.3', '3.5.4', '3.8.1', '1.14.13', '1.14.15', '1.13.99', '3.1.5', '1.1.1', '2.6.1', '3.2.1', '1.7.1', '1.1.3', '3.1.6', '1.2.1', '1.11.1', '1.14.12', '1.14.14', '1.2.3', '1.1.99', '1.8.99', '5.1.3', '2.4.1', '4.1.3', '3.5.99', '4.2.1', '3.6.1', '1.16.3', '1.17.1']"
Ergocalciferol,139,21,"['3.1.3', '4.1.99', '1.14.19', '5.3.3', '1.14.15', '1.14.13', '1.1.1', '3.2.1', '1.14.21', '1.13.11', '1.1.3', '3.1.6', '1.14.99', '1.3.3', '1.14.14', '1.1.99', '1.17.99', '1.3.1', '4.2.1', '1.3.99', '1.14.18']"
Citrulline,52,42,"['6.3.4', '4.2.3', '2.7.1', '3.1.3', '3.10.1', '4.2.2', '3.4.13', '1.4.1', '3.5.1', '6.3.2', '1.14.15', '1.14.13', '3.1.5', '1.1.1', '3.4.24', '3.2.1', '2.3.2', '3.4.15', '3.4.19', '1.7.3', '5.2.1', '1.14.11', '3.1.6', '1.14.99', '1.2.1', '1.11.1', '3.4.11', '1.14.14', '3.1.1', '4.1.1', '1.4.3', '2.1.3', '3.5.3', '5.1.3', '2.4.1', '1.3.1', '6.3.1', '4.1.3', '4.2.1', '3.6.1', '1.16.3', '1.3.99']"
Threonine,45,41,"['4.1.2', '4.2.3', '2.7.1', '3.1.3', '3.10.1', '4.2.2', '3.4.13', '1.4.1', '3.5.1', '6.3.2', '1.14.15', '1.14.13', '3.1.5', '1.1.1', '3.2.1', '3.4.15', '3.4.19', '1.7.3', '2.3.1', '5.2.1', '1.1.3', '3.1.6', '1.2.1', '1.11.1', '3.4.11', '1.14.12', '2.5.1', '1.1.5', '1.14.14', '3.1.1', '4.1.1', '1.4.3', '1.1.99', '5.1.3', '2.4.1', '1.3.1', '4.1.3', '4.2.1', '3.6.1', '1.16.3', '1.14.18']"
NADH,117,40,"['6.3.4', '2.4.2', '2.7.1', '3.1.3', '3.10.1', '3.5.4', '4.2.2', '2.7.7', '3.8.1', '3.5.1', '1.14.15', '1.14.13', '3.1.5', '1.1.1', '3.2.1', '3.3.2', '5.3.1', '3.4.15', '1.1.3', '3.1.6', '4.6.1', '1.14.99', '1.11.1', '1.6.3', '1.14.14', '3.1.4', '3.1.1', '3.2.2', '1.1.99', '5.1.3', '6.2.1', '2.4.1', '4.2.1', '1.3.1', '4.1.3', '3.6.1', '1.16.3', '1.17.1', '1.14.18', '4.3.3']"
Folic acid,110,46,"['1.22.1', '2.7.1', '3.1.3', '3.5.4', '4.2.2', '1.14.19', '3.8.1', '3.5.1', '1.14.3', '1.21.1', '1.14.13', '1.14.15', '1.11.2', '3.1.5', '1.1.1', '1.10.3', '3.2.1', '1.7.1', '3.4.15', '5.2.1', '1.14.11', '3.1.6', '1.3.8', '1.14.99', '1.2.1', '1.3.3', '1.11.1', '1.6.6', '1.14.14', '1.2.3', '3.1.1', '1.14.16', '1.5.1', '5.1.3', '1.17.99', '2.4.1', '1.3.1', '4.1.3', '4.2.1', '3.5.99', '3.6.1', '1.16.3', '1.3.99', '6.3.1', '1.17.1', '1.14.18']"
Icosapent,214,29,"['3.1.3', '1.14.19', '5.3.3', '1.14.15', '1.14.13', '1.1.1', '1.10.3', '3.2.1', '3.4.15', '5.2.1', '1.14.11', '1.13.11', '3.1.6', '1.3.8', '1.6.99', '1.14.99', '1.2.1', '1.3.3', '1.11.1', '1.14.14', '3.1.1', '1.17.99', '2.4.1', '1.3.1', '4.2.1', '1.16.3', '1.3.99', '1.17.1', '1.14.18']"
Valine,25,33,"['4.2.3', '2.7.1', '3.10.1', '3.1.3', '4.2.2', '3.4.13', '1.4.1', '3.5.1', '6.3.2', '1.14.13', '1.14.15', '3.1.5', '1.1.1', '3.2.1', '3.4.15', '3.4.19', '5.2.1', '3.1.6', '1.2.1', '1.11.1', '3.4.11', '1.14.12', '1.14.14', '3.1.1', '4.1.1', '1.4.3', '5.1.3', '2.4.1', '1.3.1', '4.1.3', '4.2.1', '3.6.1', '1.16.3']"
Vitamin A,136,29,"['5.4.4', '5.5.1', '3.1.3', '1.14.19', '5.3.3', '1.14.15', '1.14.13', '1.1.1', '3.2.1', '1.14.21', '1.13.11', '1.1.3', '3.1.6', '1.3.8', '1.14.99', '1.2.1', '1.3.3', '1.11.1', '1.14.12', '2.5.1', '1.14.14', '1.13.12', '1.17.99', '2.4.1', '1.3.1', '4.2.1', '1.16.3', '1.3.99', '1.14.18']"
Vitamin E,113,22,"['1.6.5', '5.5.1', '3.1.3', '1.14.19', '3.8.1', '1.14.13', '1.14.15', '1.11.2', '1.1.1', '2.6.1', '3.2.1', '3.1.6', '1.14.99', '2.8.2', '1.14.14', '2.1.1', '6.2.1', '2.4.1', '1.3.1', '1.3.99', '1.17.1', '1.14.18']"
Pyridoxine,40,34,"['1.6.5', '4.2.3', '2.7.1', '3.1.3', '3.8.1', '1.14.13', '1.11.2', '1.14.15', '3.1.5', '1.1.1', '2.6.1', '3.2.1', '1.1.3', '3.1.6', '1.14.99', '1.11.1', '1.2.1', '1.14.12', '2.8.2', '1.14.14', '1.2.3', '3.1.1', '1.14.16', '1.4.3', '1.1.99', '5.1.3', '2.4.1', '1.3.1', '4.1.3', '4.2.1', '3.6.1', '1.16.3', '1.17.1', '1.14.18']"
Lipoic acid,66,42,"['4.2.3', '2.7.1', '3.1.3', '4.2.2', '1.14.19', '1.6.4', '6.3.2', '1.14.15', '1.14.13', '3.1.5', '1.1.1', '3.2.1', '1.8.1', '3.4.15', '3.4.19', '5.2.1', '1.14.11', '1.8.4', '3.1.6', '1.3.8', '1.6.99', '1.14.99', '1.11.1', '1.2.1', '1.3.3', '3.4.11', '1.14.12', '1.14.14', '3.1.1', '1.6.2', '5.1.3', '1.8.98', '1.17.99', '2.4.1', '1.3.1', '4.1.3', '4.2.1', '3.6.1', '1.16.3', '1.3.99', '1.17.1', '1.14.18']"
Isoleucine,40,34,"['4.2.3', '2.7.1', '3.1.3', '3.10.1', '4.2.2', '1.14.19', '3.4.13', '1.4.1', '6.3.2', '1.14.15', '1.14.13', '3.1.5', '1.1.1', '3.2.1', '3.4.15', '3.4.19', '5.2.1', '3.1.6', '1.2.1', '1.11.1', '3.4.11', '1.14.12', '1.14.14', '3.1.1', '4.1.1', '1.4.3', '5.1.3', '2.4.1', '1.3.1', '4.1.3', '4.2.1', '3.6.1', '1.16.3', '1.14.18']"
Aspartame,106,49,"['6.3.4', '1.22.1', '3.4.16', '2.7.1', '3.1.3', '3.10.1', '4.2.3', '4.2.2', '3.4.13', '1.14.19', '3.8.1', '3.5.1', '1.14.3', '1.21.1', '6.3.2', '1.14.13', '1.14.15', '1.11.2', '3.1.5', '1.1.1', '1.10.3', '3.4.24', '3.2.1', '3.4.15', '3.4.19', '2.3.1', '5.2.1', '3.1.6', '1.2.1', '1.11.1', '3.4.11', '1.14.12', '1.14.14', '3.1.1', '1.14.16', '3.4.21', '1.5.1', '5.1.3', '1.17.99', '6.2.1', '2.4.1', '1.3.1', '6.3.1', '4.1.3', '4.2.1', '3.6.1', '1.16.3', '1.17.1', '1.14.18']"
Cholecalciferol,143,23,"['3.1.3', '1.14.19', '5.3.3', '1.14.15', '1.14.13', '1.1.1', '3.2.1', '1.14.21', '1.13.11', '1.1.3', '3.1.6', '1.14.99', '1.11.1', '1.3.3', '1.14.14', '1.1.99', '1.17.99', '2.4.1', '1.3.1', '4.2.1', '1.16.3', '1.3.99', '1.14.18']"
ATP,83,42,"['6.3.4', '2.4.2', '4.2.3', '2.7.1', '3.1.3', '3.5.4', '4.2.2', '2.7.7', '3.8.1', '1.14.15', '1.14.13', '3.1.5', '1.1.1', '3.2.1', '3.3.2', '5.3.1', '1.7.1', '3.4.15', '3.4.19', '1.1.3', '3.1.6', '4.6.1', '1.11.1', '3.4.11', '2.5.1', '1.14.14', '3.1.4', '3.1.1', '3.2.2', '1.1.99', '1.8.99', '5.1.3', '6.2.1', '2.4.1', '4.2.1', '1.3.1', '4.1.3', '3.6.1', '1.16.3', '1.17.1', '1.14.18', '4.3.3']"
Pravastatin,168,40,"['3.4.16', '2.7.1', '3.1.3', '4.1.99', '4.2.2', '1.14.19', '5.3.3', '6.3.2', '1.14.15', '1.14.13', '3.1.5', '1.1.1', '3.2.1', '3.4.15', '2.3.1', '5.2.1', '1.1.3', '3.1.6', '1.14.99', '1.17.1', '1.2.1', '1.11.1', '1.14.12', '3.1.2', '1.14.14', '3.1.1', '1.1.99', '5.1.3', '1.17.99', '6.2.1', '2.4.1', '1.3.1', '4.2.1', '4.1.3', '3.6.1', '2.7.2', '1.16.3', '1.3.99', '3.4.21', '1.14.18']"
Fluvoxamine,37,19,"['1.22.1', '1.14.19', '1.14.3', '3.8.1', '1.21.1', '1.14.15', '1.14.13', '1.11.2', '1.10.3', '3.2.1', '1.14.99', '1.14.14', '1.14.16', '1.4.3', '6.2.1', '1.3.1', '3.6.1', '1.3.99', '1.14.18']"
Valsartan,105,29,"['3.1.3', '3.4.13', '1.14.19', '3.8.1', '1.14.3', '1.14.15', '1.14.13', '1.11.2', '3.1.5', '1.1.1', '3.2.1', '3.4.15', '5.2.1', '3.1.6', '1.3.8', '1.14.99', '1.2.1', '1.3.3', '1.11.1', '1.14.14', '1.17.99', '2.4.1', '1.3.1', '4.2.1', '3.6.1', '1.16.3', '1.3.99', '1.17.1', '1.14.18']"
Ramipril,142,40,"['1.22.1', '3.4.16', '2.7.1', '3.1.3', '4.2.2', '3.4.13', '1.14.19', '3.8.1', '1.14.3', '1.21.1', '6.3.2', '1.14.13', '1.14.15', '1.11.2', '3.1.5', '1.1.1', '1.10.3', '3.2.1', '3.4.15', '2.3.1', '5.2.1', '3.1.6', '1.14.99', '1.2.1', '1.11.1', '1.14.14', '3.1.1', '3.4.21', '1.5.1', '5.1.3', '6.2.1', '2.4.1', '1.3.1', '4.1.3', '4.2.1', '3.6.1', '1.16.3', '1.3.99', '1.17.1', '1.14.18']"
Baclofen,57,44,"['1.6.5', '1.97.1', '1.22.1', '4.2.3', '2.7.1', '3.1.3', '3.10.1', '4.2.2', '1.14.19', '3.8.1', '1.14.3', '1.21.1', '6.3.2', '1.14.13', '1.14.15', '1.11.2', '3.1.5', '1.1.1', '1.10.3', '3.4.24', '3.2.1', '3.4.15', '3.4.19', '5.2.1', '3.1.6', '1.2.1', '1.11.1', '3.4.11', '1.14.12', '1.14.14', '3.1.1', '1.14.16', '1.4.3', '5.1.3', '1.17.99', '1.3.98', '2.4.1', '1.3.1', '4.1.3', '4.2.1', '3.6.1', '1.16.3', '1.17.1', '1.14.18']"
Amphetamine,43,12,"['1.21.1', '1.14.13', '1.22.1', '1.11.2', '1.13.11', '1.10.3', '1.11.1', '3.10.1', '1.14.12', '1.14.14', '1.14.18', '1.14.16']"
Nicotine,31,18,"['1.22.1', '1.14.19', '1.14.3', '3.8.1', '1.21.1', '1.14.13', '1.14.15', '1.11.2', '1.14.99', '2.5.1', '1.14.14', '1.2.3', '1.14.16', '1.3.1', '1.5.3', '1.3.99', '1.17.1', '1.14.18']"
Cevimeline,16,12,"['1.14.15', '1.14.13', '3.3.1', '3.2.1', '3.13.1', '6.2.1', '1.3.1', '2.5.1', '3.6.1', '1.14.14', '1.8.3', '1.14.18']"
Lorazepam,126,41,"['1.97.1', '1.22.1', '2.7.1', '3.1.3', '4.2.2', '1.14.19', '3.8.1', '3.5.1', '1.14.3', '1.21.1', '1.14.13', '1.11.2', '3.1.5', '1.1.1', '1.10.3', '3.2.1', '2.3.2', '3.3.2', '3.4.19', '3.4.15', '3.4.22', '1.13.11', '3.1.6', '1.2.1', '1.11.1', '3.4.11', '1.14.12', '1.14.14', '3.1.1', '1.14.16', '1.8.99', '5.1.3', '1.3.98', '2.4.1', '4.1.3', '6.3.1', '4.2.1', '3.6.1', '1.16.3', '3.4.21', '1.14.18']"
Ethchlorvynol,15,18,"['4.2.3', '2.7.1', '3.1.3', '1.14.19', '1.14.15', '1.14.13', '3.2.1', '3.1.6', '1.11.1', '1.14.12', '1.14.14', '3.1.1', '5.1.3', '2.4.1', '4.1.3', '4.2.1', '1.16.3', '1.14.18']"
Carbidopa,88,41,"['1.6.5', '1.97.1', '1.22.1', '4.2.3', '2.7.1', '3.1.3', '4.2.2', '1.14.19', '3.8.1', '1.14.3', '1.21.1', '6.3.2', '1.14.13', '1.11.2', '1.14.15', '3.1.5', '1.1.1', '1.10.3', '3.2.1', '3.4.15', '3.4.19', '5.2.1', '1.13.11', '3.1.6', '1.2.1', '1.11.1', '3.4.11', '1.14.12', '2.8.2', '1.14.14', '1.14.16', '3.1.1', '5.1.3', '2.4.1', '1.3.1', '4.1.3', '4.2.1', '3.6.1', '1.16.3', '1.17.1', '1.14.18']"
Phentermine,37,15,"['1.21.1', '1.14.13', '1.22.1', '1.11.2', '1.14.15', '1.13.11', '1.10.3', '1.11.1', '3.10.1', '1.14.12', '1.14.3', '1.14.14', '3.8.1', '1.14.18', '1.14.16']"
Tramadol,68,31,"['1.22.1', '2.7.1', '3.1.3', '1.14.19', '3.8.1', '1.14.3', '1.21.1', '1.14.15', '1.14.13', '1.11.2', '3.1.5', '1.10.3', '3.2.1', '3.3.2', '3.1.6', '1.14.99', '1.11.1', '1.14.12', '1.14.14', '1.14.16', '2.1.1', '5.1.3', '6.2.1', '2.4.1', '1.3.1', '4.1.3', '4.2.1', '3.6.1', '1.16.3', '1.3.99', '1.14.18']"
Betaxolol,45,33,"['1.22.1', '2.7.1', '3.1.3', '3.8.1', '1.14.3', '1.21.1', '1.14.15', '1.14.13', '1.11.2', '3.1.5', '1.1.1', '1.10.3', '3.2.1', '1.1.3', '3.1.6', '1.11.1', '1.14.12', '2.5.1', '1.14.14', '1.14.16', '2.1.1', '1.5.1', '1.1.99', '5.1.3', '6.2.1', '2.4.1', '4.2.1', '1.3.1', '4.1.3', '3.6.1', '1.16.3', '1.17.1', '1.14.18']"
Fluconazole,32,24,"['1.22.1', '2.7.1', '3.1.3', '1.14.19', '3.8.1', '1.21.1', '1.14.13', '1.11.2', '3.1.5', '1.10.3', '3.2.1', '3.1.6', '1.11.1', '1.14.12', '1.14.14', '1.14.16', '5.1.3', '2.4.1', '4.1.3', '4.2.1', '3.6.1', '1.16.3', '1.17.1', '1.14.18']"
Oseltamivir,61,31,"['6.3.4', '3.4.16', '2.7.1', '3.10.1', '4.2.2', '3.4.13', '3.5.1', '5.3.3', '6.3.2', '1.14.15', '1.14.13', '1.1.1', '3.2.1', '3.4.15', '3.4.19', '2.3.1', '1.13.11', '1.14.99', '3.4.11', '1.14.14', '3.1.1', '1.5.1', '5.1.3', '6.2.1', '4.2.1', '6.3.1', '1.3.1', '4.1.3', '3.6.1', '3.4.21', '1.14.18']"
Erythromycin,189,30,"['5.3.99', '3.4.16', '2.7.1', '3.1.3', '4.2.2', '1.14.15', '1.14.13', '3.1.5', '1.1.1', '3.2.1', '3.3.2', '2.3.1', '5.4.99', '1.1.3', '3.1.6', '1.11.1', '1.14.14', '3.1.1', '1.1.99', '5.1.3', '6.2.1', '2.4.1', '4.2.1', '1.3.1', '4.1.3', '1.16.3', '3.6.1', '1.3.99', '3.4.21', '1.14.18']"
Hydroxocobalamin,137,29,"['3.1.3', '3.4.13', '1.14.19', '3.8.1', '3.5.1', '1.14.3', '6.3.2', '1.14.15', '1.14.13', '1.1.1', '2.6.1', '3.2.1', '5.4.99', '1.1.3', '3.1.6', '1.3.8', '1.14.99', '1.3.3', '1.14.14', '3.1.4', '1.17.99', '6.2.1', '1.3.1', '4.2.1', '6.3.1', '1.3.99', '1.17.1', '1.14.18', '4.3.3']"
Caffeine,14,15,"['1.14.13', '3.8.1', '3.2.1', '2.7.1', '3.4.11', '5.1.3', '4.1.3', '4.2.1', '3.4.15', '1.17.5', '3.4.19', '4.2.2', '1.17.1', '1.14.14', '1.13.12']"
Sildenafil,48,14,"['1.14.13', '1.14.15', '2.1.1', '1.11.2', '3.2.1', '6.2.1', '2.4.1', '1.14.3', '3.4.15', '3.6.1', '1.17.1', '1.14.14', '3.8.1', '1.14.18']"
Dofetilide,61,23,"['1.22.1', '2.7.1', '4.2.2', '3.8.1', '1.14.3', '1.21.1', '1.14.13', '1.11.2', '1.10.3', '3.2.1', '3.4.15', '1.14.14', '3.1.1', '1.14.16', '2.1.1', '5.1.3', '6.2.1', '2.4.1', '4.1.3', '4.2.1', '3.6.1', '1.17.1', '1.14.18']"
Pyrimethamine,47,21,"['1.97.1', '6.3.4', '1.22.1', '3.5.4', '1.14.19', '3.8.1', '1.21.1', '1.14.13', '1.11.2', '1.1.1', '1.10.3', '1.7.1', '1.14.12', '1.6.6', '1.14.14', '1.14.16', '1.8.99', '1.3.98', '3.5.99', '1.17.1', '1.14.18']"
Reserpine,90,19,"['3.4.16', '4.2.2', '1.14.3', '3.8.1', '1.14.13', '1.14.15', '1.1.1', '3.2.1', '2.3.1', '1.17.1', '1.14.14', '3.1.1', '2.1.1', '6.2.1', '2.4.1', '1.3.1', '3.6.1', '3.4.21', '1.14.18']"
Azithromycin,150,26,"['3.4.16', '3.1.3', '4.2.2', '1.14.15', '1.14.13', '3.1.5', '1.1.1', '3.2.1', '3.3.2', '2.3.1', '5.4.99', '1.1.3', '3.1.6', '1.2.1', '1.11.1', '1.14.14', '3.1.1', '1.1.99', '6.2.1', '2.4.1', '4.2.1', '1.3.1', '1.16.3', '3.6.1', '3.4.21', '1.14.18']"
Ticlopidine,43,12,"['1.97.1', '1.14.13', '1.11.2', '1.13.11', '1.3.98', '1.14.12', '1.14.19', '1.17.1', '1.14.14', '3.8.1', '1.14.18', '1.14.16']"
Trospium,79,32,"['1.22.1', '3.4.16', '3.1.3', '4.2.2', '1.14.19', '3.8.1', '1.14.3', '1.21.1', '6.3.2', '1.14.15', '1.14.13', '1.11.2', '3.1.5', '1.1.1', '1.10.3', '3.2.1', '2.3.1', '3.1.6', '1.14.99', '1.11.1', '1.14.12', '1.14.14', '3.1.1', '6.2.1', '2.4.1', '1.3.1', '4.2.1', '3.6.1', '1.16.3', '1.3.99', '3.4.21', '1.14.18']"
Midodrine,63,44,"['1.6.5', '6.3.4', '1.22.1', '4.2.3', '2.7.1', '3.1.3', '3.10.1', '4.2.2', '3.4.13', '1.14.19', '3.8.1', '3.5.1', '1.14.3', '1.21.1', '6.3.2', '1.14.13', '1.11.2', '3.1.5', '1.1.1', '1.10.3', '3.2.1', '3.3.2', '3.4.15', '3.4.19', '3.1.6', '1.11.1', '3.4.11', '1.14.12', '1.14.14', '3.1.1', '1.14.16', '1.4.3', '2.1.1', '5.1.3', '6.2.1', '2.4.1', '1.3.1', '6.3.1', '4.1.3', '4.2.1', '3.6.1', '1.16.3', '1.17.1', '1.14.18']"
Pantoprazole,47,25,"['1.22.1', '2.7.1', '4.2.2', '3.8.1', '1.14.3', '1.21.1', '1.14.13', '1.11.2', '1.10.3', '3.2.1', '3.3.2', '3.4.15', '1.14.99', '1.3.3', '1.14.14', '1.2.3', '3.1.1', '2.1.1', '5.1.3', '6.2.1', '2.4.1', '4.1.3', '4.2.1', '3.6.1', '1.14.18']"
Torasemide,50,16,"['1.14.13', '1.11.2', '1.14.15', '1.8.99', '3.2.1', '2.7.1', '5.1.3', '2.6.1', '4.1.3', '4.2.1', '3.4.15', '4.2.2', '1.14.14', '3.8.1', '1.2.3', '1.14.18']"
Citalopram,42,13,"['1.14.13', '1.14.15', '1.14.99', '3.2.1', '6.2.1', '1.3.1', '1.14.3', '3.6.1', '1.3.99', '1.14.19', '1.14.14', '3.8.1', '1.14.18']"
Eletriptan,67,15,"['1.14.13', '1.14.15', '1.14.99', '1.13.99', '3.2.1', '1.14.18', '1.14.12', '1.3.1', '1.14.3', '1.3.99', '1.14.19', '1.17.1', '1.14.14', '3.8.1', '1.13.11']"
Moxifloxacin,65,36,"['1.22.1', '2.7.1', '3.1.3', '4.2.2', '1.14.19', '3.8.1', '1.14.3', '1.21.1', '1.14.15', '1.14.13', '1.11.2', '3.1.5', '1.1.1', '3.2.1', '3.3.2', '3.4.15', '3.1.6', '1.14.99', '1.2.1', '1.11.1', '1.14.14', '3.1.1', '1.14.16', '4.1.1', '2.1.1', '1.5.1', '5.1.3', '6.2.1', '2.4.1', '1.3.1', '4.1.3', '4.2.1', '3.6.1', '1.16.3', '1.3.99', '1.14.18']"
Nelfinavir,132,34,"['6.3.4', '3.1.3', '3.4.13', '1.14.19', '3.8.1', '3.5.1', '1.14.3', '6.3.2', '1.14.13', '1.14.15', '1.11.2', '3.1.5', '1.1.1', '2.6.1', '3.2.1', '3.4.15', '1.1.3', '3.1.6', '1.14.99', '1.11.1', '3.4.11', '2.8.2', '2.5.1', '1.14.14', '4.1.1', '1.1.99', '2.4.1', '1.3.1', '6.3.1', '4.2.1', '3.6.1', '1.16.3', '1.3.99', '1.14.18']"
Glimepiride,67,16,"['5.3.3', '1.14.13', '1.14.15', '1.14.99', '1.1.1', '3.2.1', '1.14.18', '1.3.1', '1.14.3', '3.4.15', '1.3.99', '1.14.19', '1.17.1', '1.14.14', '3.8.1', '1.13.11']"
Indinavir,117,30,"['6.3.4', '3.1.3', '3.4.13', '3.8.1', '3.5.1', '1.14.3', '6.3.2', '1.14.15', '1.14.13', '3.1.5', '1.1.1', '1.23.1', '3.2.1', '3.4.15', '1.1.3', '3.1.6', '1.11.1', '3.4.11', '1.14.14', '1.2.3', '4.2.99', '1.1.99', '2.4.1', '1.3.1', '6.3.1', '4.2.1', '3.6.1', '1.16.3', '1.17.1', '1.14.18']"
Lovastatin,139,36,"['3.4.16', '2.7.1', '3.1.3', '4.1.99', '4.2.2', '1.14.19', '5.3.3', '6.3.2', '1.14.15', '1.14.13', '3.1.5', '1.1.1', '3.2.1', '2.3.1', '1.1.3', '3.1.6', '1.14.99', '1.17.1', '1.11.1', '3.1.2', '1.14.14', '3.1.1', '1.1.99', '5.1.3', '1.17.99', '6.2.1', '2.4.1', '1.3.1', '4.2.1', '4.1.3', '2.7.2', '1.16.3', '3.6.1', '1.3.99', '3.4.21', '1.14.18']"
Enflurane,0,0,[]
Pregabalin,44,34,"['4.2.3', '2.7.1', '3.1.3', '3.10.1', '4.2.2', '6.3.2', '1.14.15', '1.14.13', '3.1.5', '1.1.1', '3.4.24', '3.2.1', '3.4.15', '3.4.19', '5.2.1', '3.1.6', '1.2.1', '1.11.1', '3.4.11', '1.14.12', '1.14.14', '3.1.1', '1.4.3', '5.1.3', '1.17.99', '2.4.1', '1.3.1', '4.1.3', '4.2.1', '3.6.1', '1.16.3', '1.3.99', '1.17.1', '1.14.18']"
Temazepam,89,29,"['1.22.1', '2.7.1', '3.1.3', '4.2.2', '1.14.19', '3.8.1', '1.14.3', '1.21.1', '1.14.13', '1.11.2', '3.1.5', '1.1.1', '1.10.3', '3.2.1', '3.4.15', '1.13.11', '3.1.6', '1.2.1', '1.11.1', '1.14.12', '1.14.14', '5.1.3', '1.3.98', '2.4.1', '4.1.3', '4.2.1', '3.6.1', '1.16.3', '1.14.18']"
Methyclothiazide,30,23,"['1.97.1', '1.22.1', '2.7.1', '4.2.2', '1.14.19', '3.8.1', '1.21.1', '1.14.13', '1.11.2', '1.10.3', '3.2.1', '3.4.15', '3.4.19', '1.14.12', '1.14.14', '3.1.1', '1.14.16', '1.8.99', '5.1.3', '1.3.98', '4.1.3', '4.2.1', '1.14.18']"
Aminosalicylic acid,65,41,"['1.6.5', '1.97.1', '1.22.1', '4.2.3', '2.7.1', '3.1.3', '3.5.4', '4.2.2', '1.14.19', '3.8.1', '3.5.1', '1.14.3', '1.21.1', '6.3.2', '1.14.13', '1.11.2', '3.1.5', '1.1.1', '1.10.3', '3.2.1', '1.7.1', '3.4.15', '3.4.19', '3.1.6', '1.2.1', '1.11.1', '3.4.11', '1.14.12', '2.8.2', '1.14.14', '3.1.1', '1.14.16', '4.1.1', '1.8.99', '5.1.3', '2.4.1', '4.1.3', '4.2.1', '3.6.1', '1.16.3', '1.14.18']"
Reboxetine,88,17,"['1.21.1', '1.14.13', '1.22.1', '2.1.1', '1.11.2', '1.14.15', '1.10.3', '3.2.1', '6.2.1', '2.4.1', '1.14.12', '1.14.3', '3.6.1', '1.14.14', '3.8.1', '1.14.18', '1.14.16']"
Milrinone,31,29,"['6.3.4', '1.22.1', '2.7.1', '4.2.2', '3.5.5', '1.14.19', '3.8.1', '1.14.3', '1.21.1', '4.3.1', '1.14.13', '1.11.2', '1.14.15', '1.10.3', '3.2.1', '2.6.1', '3.4.15', '1.7.1', '1.1.3', '1.14.99', '1.11.1', '1.14.14', '1.2.3', '1.14.16', '5.1.3', '4.2.1', '4.1.3', '1.17.1', '1.14.18']"
Butabarbital,35,22,"['6.3.4', '2.7.1', '4.2.2', '3.4.13', '3.5.1', '6.3.2', '1.14.15', '1.14.13', '1.1.1', '3.2.1', '3.4.15', '3.4.19', '3.5.2', '3.4.11', '1.14.14', '3.1.1', '5.1.3', '1.3.1', '6.3.1', '4.1.3', '4.2.1', '1.14.18']"
Nevirapine,31,20,"['1.22.1', '2.7.1', '4.2.2', '3.8.1', '1.21.1', '1.14.13', '1.14.15', '1.11.2', '1.10.3', '3.2.1', '2.6.1', '3.4.15', '1.14.14', '1.2.3', '1.14.16', '1.8.99', '5.1.3', '4.1.3', '4.2.1', '1.14.18']"
Butalbital,32,23,"['6.3.4', '2.7.1', '4.2.2', '3.4.13', '3.5.1', '6.3.2', '1.14.15', '1.14.13', '1.1.1', '3.2.1', '3.4.15', '3.4.19', '1.14.99', '3.5.2', '3.4.11', '1.14.14', '3.1.1', '5.1.3', '1.3.1', '6.3.1', '4.1.3', '4.2.1', '1.14.18']"
Cladribine,57,35,"['6.3.4', '2.4.2', '4.2.3', '2.7.1', '3.1.3', '3.5.4', '3.8.1', '1.14.15', '1.14.13', '3.1.5', '1.1.1', '3.2.1', '3.3.2', '1.7.1', '5.4.99', '1.1.3', '3.1.6', '1.2.1', '1.11.1', '2.5.1', '1.14.14', '3.2.2', '1.1.99', '1.8.99', '5.1.3', '6.2.1', '2.4.1', '4.2.1', '1.3.1', '4.1.3', '3.6.1', '1.16.3', '1.17.1', '1.14.18', '4.3.3']"
Ranolazine,73,42,"['1.22.1', '2.7.1', '3.1.3', '4.2.2', '3.8.1', '3.5.1', '1.14.3', '1.21.1', '1.14.13', '1.14.15', '1.11.2', '3.1.5', '1.1.1', '1.10.3', '3.2.1', '2.6.1', '2.3.2', '3.3.2', '3.4.19', '3.4.15', '3.4.22', '1.1.3', '3.1.6', '1.11.1', '3.4.11', '1.14.12', '1.14.14', '3.1.1', '1.14.16', '2.1.1', '1.1.99', '5.1.3', '6.2.1', '2.4.1', '4.2.1', '6.3.1', '1.3.1', '4.1.3', '3.6.1', '1.16.3', '3.4.21', '1.14.18']"
Mesalazine,65,40,"['1.6.5', '1.22.1', '4.2.3', '2.7.1', '3.1.3', '3.5.4', '4.2.2', '1.14.19', '3.8.1', '3.5.1', '1.14.3', '1.21.1', '6.3.2', '1.14.13', '1.11.2', '3.1.5', '1.1.1', '1.10.3', '3.2.1', '1.7.1', '3.4.15', '3.4.19', '3.1.6', '1.2.1', '1.11.1', '3.4.11', '1.14.12', '2.8.2', '1.14.14', '3.1.1', '1.14.16', '4.1.1', '1.8.99', '5.1.3', '2.4.1', '4.1.3', '4.2.1', '3.6.1', '1.16.3', '1.14.18']"
Benzatropine,39,16,"['1.14.13', '1.14.15', '1.11.2', '1.14.99', '3.2.1', '1.14.18', '6.2.1', '1.14.12', '1.3.1', '1.14.3', '3.6.1', '1.3.99', '1.14.19', '1.14.14', '3.8.1', '1.13.11']"
Ziprasidone,64,22,"['1.14.19', '3.8.1', '3.5.1', '1.14.3', '1.14.13', '1.11.2', '1.1.1', '3.2.1', '2.3.2', '3.3.2', '3.4.19', '3.4.15', '3.4.22', '1.17.1', '3.4.11', '1.14.12', '1.14.14', '3.1.1', '1.3.98', '6.3.1', '3.4.21', '1.14.18']"
Methysergide,62,37,"['6.3.4', '1.22.1', '2.7.1', '3.1.3', '4.2.2', '3.4.13', '3.8.1', '3.5.1', '1.14.3', '1.21.1', '6.3.2', '1.14.13', '1.14.15', '1.11.2', '1.13.99', '3.1.5', '1.1.1', '3.2.1', '3.4.15', '1.13.11', '1.1.3', '3.1.6', '1.2.1', '1.11.1', '3.4.11', '1.14.12', '1.14.14', '1.5.1', '5.1.3', '2.4.1', '4.1.3', '6.3.1', '4.2.1', '3.6.1', '1.16.3', '1.17.1', '1.14.18']"
Cabergoline,60,12,"['1.14.13', '1.14.15', '1.13.99', '1.1.1', '3.2.1', '1.14.18', '1.3.1', '1.14.3', '3.4.15', '1.14.14', '3.8.1', '1.13.11']"
Dapsone,35,21,"['1.22.1', '2.7.1', '3.5.4', '4.2.2', '3.8.1', '1.21.1', '1.14.13', '1.11.2', '1.1.1', '1.10.3', '3.2.1', '1.7.1', '3.4.15', '1.14.12', '1.14.14', '1.14.16', '1.8.99', '5.1.3', '4.1.3', '4.2.1', '1.14.18']"
Phenytoin,61,27,"['6.3.4', '1.22.1', '2.7.1', '4.2.2', '3.4.13', '3.8.1', '3.5.1', '1.21.1', '6.3.2', '1.14.13', '1.11.2', '1.1.1', '1.10.3', '3.2.1', '3.4.15', '1.13.11', '3.5.2', '1.2.1', '3.4.11', '1.14.12', '1.14.14', '5.1.3', '4.1.3', '6.3.1', '4.2.1', '6.3.3', '1.14.18']"
Doxycycline,121,35,"['1.22.1', '5.3.99', '2.7.1', '3.1.3', '4.2.2', '3.4.13', '3.8.1', '3.5.1', '1.14.3', '1.21.1', '1.14.13', '1.14.15', '1.11.2', '3.1.5', '1.1.1', '3.2.1', '3.4.15', '1.1.3', '3.1.6', '1.14.99', '1.11.1', '1.14.12', '2.8.2', '1.14.14', '1.14.16', '1.1.99', '5.1.3', '2.4.1', '1.3.1', '4.2.1', '4.1.3', '3.7.1', '3.6.1', '1.16.3', '1.14.18']"
Diethylstilbestrol,48,21,"['1.6.5', '1.22.1', '3.1.3', '1.14.19', '3.8.1', '1.14.3', '1.21.1', '1.14.13', '1.14.15', '1.11.2', '1.10.3', '3.2.1', '1.13.11', '3.1.6', '1.14.99', '1.11.1', '2.8.2', '1.14.14', '1.14.16', '4.2.1', '1.14.18']"
Lymecycline,183,43,"['6.3.4', '5.3.99', '2.7.1', '3.1.3', '4.2.2', '3.4.13', '1.14.19', '3.8.1', '3.5.1', '1.14.3', '6.3.2', '1.14.13', '1.14.15', '1.11.2', '3.1.5', '1.1.1', '3.2.1', '3.4.15', '5.2.1', '1.14.11', '1.1.3', '3.1.6', '1.14.99', '1.2.1', '1.11.1', '3.4.11', '1.14.12', '1.14.14', '4.1.1', '1.4.3', '1.1.99', '5.1.3', '1.17.99', '2.4.1', '1.3.1', '4.2.1', '4.1.3', '3.7.1', '3.6.1', '6.3.1', '1.16.3', '1.3.99', '1.14.18']"
Clotrimazole,51,8,"['1.14.13', '1.3.98', '1.14.12', '1.14.19', '1.14.14', '3.8.1', '1.2.3', '1.14.18']"
Calcium acetate,0,0,[]
Cycloserine,5,15,"['6.3.2', '1.1.1', '3.2.1', '2.7.1', '3.10.1', '3.4.11', '5.1.3', '4.1.3', '4.2.1', '6.2.1', '3.4.15', '3.4.19', '4.2.2', '3.6.1', '1.14.14']"
Anagrelide,40,28,"['1.97.1', '6.3.4', '1.22.1', '2.7.1', '4.2.2', '3.4.13', '1.14.19', '3.8.1', '3.5.1', '1.21.1', '6.3.2', '1.14.13', '1.11.2', '1.1.1', '3.2.1', '3.4.15', '3.4.19', '3.4.11', '1.14.12', '1.14.14', '3.1.1', '1.14.16', '5.1.3', '1.3.98', '4.1.3', '6.3.1', '4.2.1', '1.14.18']"
Sulfisoxazole,34,21,"['1.22.1', '2.7.1', '4.2.2', '3.8.1', '1.21.1', '1.14.13', '1.11.2', '1.13.99', '1.1.1', '1.10.3', '3.2.1', '2.6.1', '1.7.1', '3.4.15', '1.14.12', '1.14.14', '1.8.99', '5.1.3', '4.1.3', '4.2.1', '1.14.18']"
Metoprolol,41,36,"['1.6.5', '1.22.1', '4.2.3', '2.7.1', '3.1.3', '1.14.19', '3.8.1', '1.14.3', '1.21.1', '1.14.15', '1.14.13', '1.11.2', '3.1.5', '1.1.1', '1.10.3', '3.2.1', '1.1.3', '3.1.6', '1.11.1', '1.14.12', '2.5.1', '1.14.14', '1.14.16', '2.1.1', '1.5.1', '1.1.99', '5.1.3', '6.2.1', '2.4.1', '4.2.1', '1.3.1', '4.1.3', '3.6.1', '1.16.3', '1.17.1', '1.14.18']"
Ropinirole,43,27,"['1.22.1', '2.7.1', '3.8.1', '3.5.1', '1.14.3', '1.21.1', '1.14.13', '1.14.15', '1.11.2', '1.1.1', '3.2.1', '2.3.2', '3.3.2', '3.4.19', '3.4.15', '3.4.22', '1.17.1', '3.4.11', '1.14.14', '3.1.1', '1.14.16', '5.1.3', '4.1.3', '6.3.1', '4.2.1', '3.4.21', '1.14.18']"
Isradipine,48,22,"['1.22.1', '3.4.16', '2.7.1', '4.2.2', '3.8.1', '1.14.3', '1.21.1', '1.14.13', '1.11.2', '1.14.15', '1.1.1', '3.2.1', '2.3.1', '1.14.14', '3.1.1', '5.1.3', '6.2.1', '4.1.3', '4.2.1', '3.6.1', '3.4.21', '1.14.18']"
Diatrizoate,33,39,"['1.22.1', '2.7.1', '3.1.3', '4.2.2', '3.8.1', '3.5.1', '1.21.1', '6.3.2', '1.14.13', '1.14.15', '3.1.5', '1.1.1', '3.2.1', '2.3.2', '3.3.2', '1.7.1', '3.4.19', '3.4.15', '5.2.1', '3.4.22', '3.1.6', '1.14.99', '1.2.1', '1.11.1', '3.4.11', '1.14.12', '1.14.14', '3.1.1', '4.1.1', '1.8.99', '5.1.3', '2.4.1', '4.1.3', '6.3.1', '4.2.1', '3.6.1', '1.16.3', '3.4.21', '1.14.18']"
Topiramate,24,15,"['1.14.15', '1.14.13', '3.2.1', '2.7.1', '5.1.3', '2.4.1', '6.2.1', '4.1.3', '4.2.1', '3.4.15', '3.4.19', '2.3.1', '4.2.2', '3.6.1', '3.1.1']"
Olmesartan,64,21,"['3.1.3', '1.14.3', '3.8.1', '1.14.15', '1.14.13', '1.11.2', '3.1.5', '1.1.1', '3.2.1', '3.4.15', '5.2.1', '3.1.6', '1.2.1', '1.11.1', '1.14.14', '2.4.1', '4.2.1', '3.6.1', '1.16.3', '1.17.1', '1.14.18']"
Theophylline,13,16,"['6.3.2', '1.14.13', '3.8.1', '3.2.1', '2.7.1', '3.4.11', '5.1.3', '4.1.3', '4.2.1', '3.4.15', '1.17.5', '3.4.19', '4.2.2', '1.17.1', '1.14.14', '1.13.12']"
Liothyronine,91,46,"['1.6.5', '1.22.1', '4.2.3', '2.7.1', '3.1.3', '3.10.1', '4.2.2', '3.4.13', '1.14.19', '1.4.1', '3.8.1', '1.14.3', '1.21.1', '4.3.1', '1.14.13', '1.11.2', '6.3.2', '3.1.5', '1.1.1', '1.10.3', '3.2.1', '3.4.15', '3.4.19', '5.2.1', '3.1.6', '1.2.1', '1.11.1', '3.4.11', '1.14.12', '2.8.2', '1.14.14', '3.1.1', '1.14.16', '4.1.1', '2.1.1', '1.4.3', '5.1.3', '6.2.1', '2.4.1', '1.3.1', '4.1.3', '4.2.1', '3.6.1', '1.16.3', '1.17.1', '1.14.18']"
Disopyramide,70,18,"['2.7.1', '1.14.3', '3.8.1', '3.5.1', '1.14.13', '1.14.15', '1.11.2', '1.1.1', '3.2.1', '3.4.15', '1.3.3', '1.14.12', '1.14.14', '1.2.3', '5.1.3', '4.2.1', '4.1.3', '1.14.18']"
Lidocaine,25,29,"['1.22.1', '2.7.1', '3.8.1', '3.5.1', '1.14.3', '1.21.1', '1.14.13', '1.11.2', '1.14.15', '1.1.1', '2.6.1', '3.2.1', '2.3.2', '3.3.2', '3.4.19', '3.4.15', '3.4.22', '1.2.1', '3.4.11', '1.14.14', '3.1.1', '1.14.16', '1.8.99', '5.1.3', '4.1.3', '6.3.1', '4.2.1', '3.4.21', '1.14.18']"
Clemastine,56,15,"['1.14.13', '1.14.15', '1.11.2', '1.14.99', '3.2.1', '1.3.98', '6.2.1', '1.3.1', '1.14.3', '3.6.1', '1.3.99', '1.14.19', '1.14.14', '3.8.1', '1.14.18']"
Acarbose,319,44,"['5.4.4', '2.4.2', '4.1.2', '2.7.1', '3.1.3', '4.2.2', '1.4.99', '1.14.15', '1.14.13', '3.1.5', '1.1.1', '3.2.1', '3.3.2', '5.3.1', '3.4.15', '2.3.1', '1.14.11', '1.13.11', '1.1.3', '5.4.99', '3.1.6', '1.14.99', '1.2.1', '1.11.1', '1.14.12', '1.4.9', '2.5.1', '1.14.14', '1.2.3', '3.1.1', '1.4.3', '1.1.99', '5.1.3', '1.17.99', '5.4.1', '2.4.1', '6.2.1', '1.3.1', '4.2.1', '4.1.3', '3.6.1', '1.16.3', '1.17.1', '1.14.18']"
Venlafaxine,50,30,"['1.22.1', '3.1.3', '4.1.99', '1.14.19', '3.8.1', '1.14.3', '1.21.1', '1.14.15', '1.14.13', '1.11.2', '3.1.5', '1.1.1', '1.10.3', '3.2.1', '3.3.2', '3.1.6', '1.14.99', '1.11.1', '1.14.12', '1.14.14', '1.14.16', '2.1.1', '6.2.1', '2.4.1', '1.3.1', '4.2.1', '3.6.1', '1.16.3', '1.3.99', '1.14.18']"
Atomoxetine,94,22,"['1.22.1', '3.8.1', '1.14.3', '1.21.1', '1.14.13', '1.14.15', '1.11.2', '1.10.3', '3.2.1', '2.6.1', '1.13.11', '1.1.3', '1.11.1', '1.14.12', '1.14.14', '1.14.16', '1.4.3', '2.1.1', '6.2.1', '2.4.1', '3.6.1', '1.14.18']"
Chlorambucil,58,41,"['1.22.1', '2.7.1', '3.1.3', '4.2.2', '1.14.19', '3.8.1', '1.14.3', '1.21.1', '6.3.2', '1.14.13', '1.14.15', '1.11.2', '3.1.5', '1.1.1', '1.10.3', '3.2.1', '3.4.15', '3.4.19', '5.2.1', '3.1.6', '1.3.8', '1.14.99', '1.2.1', '1.3.3', '3.4.11', '1.11.1', '1.14.12', '1.14.14', '3.1.1', '1.14.16', '5.1.3', '1.17.99', '2.4.1', '1.3.1', '4.1.3', '4.2.1', '3.6.1', '1.16.3', '1.3.99', '1.17.1', '1.14.18']"
Morphine,61,35,"['1.22.1', '2.7.1', '3.1.3', '4.1.99', '1.14.19', '3.8.1', '1.14.3', '1.21.1', '1.14.15', '1.14.13', '1.11.2', '3.1.5', '1.1.1', '3.2.1', '1.1.3', '3.1.6', '1.14.99', '1.11.1', '1.14.12', '2.8.2', '1.14.14', '1.14.16', '2.1.1', '1.1.99', '5.1.3', '6.2.1', '2.4.1', '4.2.1', '1.3.1', '4.1.3', '3.6.1', '1.16.3', '1.3.99', '1.17.1', '1.14.18']"
Tenofovir disoproxil,24,19,"['6.3.4', '2.7.1', '3.5.4', '4.2.2', '3.8.1', '1.14.13', '1.14.15', '1.1.1', '3.2.1', '1.7.1', '3.4.15', '1.14.14', '3.1.1', '5.1.3', '6.2.1', '2.4.1', '4.1.3', '4.2.1', '3.6.1']"
Flucloxacillin,51,29,"['1.22.1', '2.7.1', '3.1.3', '4.2.2', '1.14.19', '3.4.13', '3.8.1', '1.14.3', '1.21.1', '1.14.13', '1.11.2', '1.14.15', '3.1.5', '1.1.1', '2.6.1', '3.2.1', '3.4.15', '3.1.6', '1.2.1', '1.11.1', '1.14.14', '5.1.3', '1.3.98', '2.4.1', '4.1.3', '4.2.1', '3.6.1', '1.16.3', '1.14.18']"
Tranexamic acid,41,35,"['4.2.3', '2.7.1', '3.1.3', '3.10.1', '4.2.2', '1.14.19', '6.3.2', '1.14.15', '1.14.13', '3.1.5', '1.1.1', '3.4.24', '3.2.1', '3.4.15', '3.4.19', '5.2.1', '1.14.11', '3.1.6', '1.14.99', '1.2.1', '1.11.1', '3.4.11', '1.14.12', '1.14.14', '3.1.1', '1.4.3', '5.1.3', '2.4.1', '1.3.1', '4.1.3', '4.2.1', '3.6.1', '1.16.3', '1.3.99', '1.14.18']"
Desogestrel,96,20,"['3.1.3', '4.1.99', '1.14.19', '5.3.3', '1.14.15', '1.14.13', '3.2.1', '1.14.11', '1.13.11', '3.1.6', '1.14.99', '1.11.1', '1.14.14', '1.17.99', '2.4.1', '1.3.1', '4.2.1', '1.16.3', '1.3.99', '1.14.18']"
Bexarotene,49,22,"['3.1.3', '4.2.2', '1.14.19', '1.14.3', '3.8.1', '1.14.13', '1.14.15', '1.11.2', '1.1.1', '2.6.1', '3.2.1', '5.2.1', '3.1.6', '1.14.99', '1.2.1', '1.14.12', '1.14.14', '3.1.1', '4.1.1', '1.3.1', '1.3.99', '1.14.18']"
Chlorthalidone,92,28,"['1.22.1', '2.7.1', '3.1.3', '4.2.2', '1.14.19', '3.8.1', '3.5.1', '1.21.1', '1.14.13', '1.11.2', '3.1.5', '1.10.3', '3.2.1', '3.4.15', '1.13.11', '3.1.6', '1.11.1', '1.14.12', '1.14.14', '3.1.1', '5.1.3', '1.3.98', '2.4.1', '4.1.3', '4.2.1', '3.6.1', '1.16.3', '1.14.18']"
Pentobarbital,45,25,"['6.3.4', '2.7.1', '4.2.2', '3.4.13', '1.14.19', '3.5.1', '6.3.2', '1.14.15', '1.14.13', '1.1.1', '3.2.1', '3.4.15', '3.4.19', '1.14.99', '3.5.2', '3.4.11', '1.14.14', '3.1.1', '5.1.3', '1.3.1', '6.3.1', '4.1.3', '4.2.1', '1.3.99', '1.14.18']"
Valproic acid,39,31,"['2.7.1', '3.1.3', '4.2.2', '1.14.19', '6.3.2', '1.14.15', '1.14.13', '3.1.5', '1.1.1', '3.2.1', '3.4.15', '3.4.19', '5.2.1', '1.14.11', '3.1.6', '1.14.99', '1.2.1', '1.11.1', '3.4.11', '1.14.12', '1.14.14', '3.1.1', '5.1.3', '2.4.1', '1.3.1', '4.1.3', '4.2.1', '3.6.1', '1.16.3', '1.3.99', '1.14.18']"
Zolmitriptan,36,26,"['1.22.1', '2.7.1', '4.2.2', '3.8.1', '1.14.3', '1.21.1', '1.14.13', '1.11.2', '1.13.99', '1.10.3', '3.2.1', '3.4.15', '3.4.19', '1.13.11', '3.4.11', '1.14.14', '3.1.1', '1.14.16', '1.5.1', '5.1.3', '6.2.1', '4.1.3', '4.2.1', '3.6.1', '1.17.1', '1.14.18']"
Acetaminophen,48,39,"['1.6.5', '1.22.1', '2.7.1', '3.1.3', '4.2.2', '1.14.19', '3.8.1', '3.5.1', '1.14.3', '1.21.1', '6.3.2', '1.14.13', '1.11.2', '1.14.15', '1.1.1', '1.10.3', '3.2.1', '2.3.2', '3.3.2', '1.7.1', '3.4.19', '3.4.15', '3.4.22', '3.1.6', '1.14.99', '1.11.1', '3.4.11', '1.14.12', '2.8.2', '1.14.14', '3.1.1', '1.14.16', '1.8.99', '5.1.3', '4.1.3', '6.3.1', '4.2.1', '3.4.21', '1.14.18']"
Gefitinib,52,20,"['1.22.1', '1.14.19', '1.14.3', '3.8.1', '1.21.1', '1.14.13', '1.14.15', '1.11.2', '1.10.3', '3.2.1', '3.3.2', '1.14.12', '1.14.14', '2.1.1', '1.3.98', '2.4.1', '6.2.1', '1.3.1', '3.6.1', '1.14.18']"
Codeine,57,32,"['1.22.1', '3.1.3', '4.1.99', '1.14.19', '3.8.1', '1.14.3', '1.21.1', '1.14.15', '1.14.13', '1.11.2', '3.1.5', '1.1.1', '3.2.1', '3.3.2', '1.1.3', '3.1.6', '1.14.99', '1.11.1', '1.14.12', '1.14.14', '1.14.16', '2.1.1', '1.1.99', '6.2.1', '2.4.1', '4.2.1', '1.3.1', '3.6.1', '1.16.3', '1.3.99', '1.17.1', '1.14.18']"
Dihydroergotamine,132,37,"['6.3.4', '2.7.1', '3.1.3', '4.2.2', '3.4.13', '1.14.19', '3.8.1', '3.5.1', '1.14.3', '6.3.2', '1.14.13', '1.14.15', '3.1.5', '3.2.1', '2.3.2', '3.4.19', '3.4.15', '1.13.11', '3.1.6', '1.14.99', '1.11.1', '1.3.3', '3.4.11', '1.14.14', '3.4.21', '5.1.3', '6.2.1', '2.4.1', '1.3.1', '4.1.3', '4.2.1', '3.6.1', '6.3.1', '1.16.3', '1.3.99', '1.17.1', '1.14.18']"
Amitriptyline,43,11,"['1.14.13', '1.14.15', '1.11.2', '1.14.99', '1.14.18', '1.14.12', '1.14.3', '1.17.1', '1.14.14', '3.8.1', '1.13.11']"
Tolcapone,98,37,"['1.6.5', '1.97.1', '1.22.1', '1.2.7', '2.7.1', '3.1.3', '4.2.2', '1.14.19', '3.8.1', '1.14.3', '1.21.1', '1.14.13', '1.11.2', '1.1.1', '1.10.3', '3.2.1', '2.6.1', '1.7.1', '3.4.15', '1.1.3', '3.1.6', '1.14.99', '1.2.99', '1.11.1', '1.14.12', '2.8.2', '1.14.14', '1.13.12', '1.14.16', '4.1.1', '3.1.1', '5.1.3', '1.3.1', '4.1.3', '4.2.1', '1.14.18', '1.12.99']"
Calcium glucoheptonate,0,0,[]
Hydromorphone,61,36,"['1.22.1', '2.7.1', '3.1.3', '4.2.2', '1.14.19', '3.8.1', '1.14.3', '1.21.1', '1.14.13', '1.14.15', '1.11.2', '1.1.1', '3.2.1', '3.4.15', '3.1.6', '1.3.8', '1.14.99', '1.11.1', '1.3.3', '2.8.2', '1.14.14', '3.1.1', '1.14.16', '2.1.1', '1.1.99', '5.1.3', '1.17.99', '6.2.1', '2.4.1', '1.3.1', '4.2.1', '4.1.3', '3.6.1', '1.3.99', '1.17.1', '1.14.18']"
Indomethacin,91,37,"['1.22.1', '2.7.1', '3.1.3', '4.2.2', '1.14.19', '3.8.1', '1.14.3', '1.21.1', '1.14.13', '1.11.2', '1.13.99', '3.1.5', '1.1.1', '1.10.3', '3.2.1', '2.6.1', '3.3.2', '3.4.15', '5.2.1', '1.1.3', '3.1.6', '1.2.1', '1.11.1', '1.14.12', '1.14.14', '3.1.1', '2.1.1', '5.1.3', '1.3.98', '2.4.1', '6.2.1', '4.1.3', '4.2.1', '3.6.1', '1.16.3', '1.17.1', '1.14.18']"
Ethambutol,26,24,"['4.2.3', '2.7.1', '3.1.3', '1.14.15', '1.14.13', '3.1.5', '1.1.1', '3.2.1', '1.1.3', '3.1.6', '1.2.1', '1.11.1', '1.14.12', '1.14.14', '4.99.1', '1.5.1', '1.1.99', '5.1.3', '2.4.1', '4.1.3', '4.2.1', '3.6.1', '1.16.3', '1.14.18']"
Metformin,10,5,"['1.14.13', '2.8.1', '3.5.3', '3.10.1', '1.14.14']"
Ipratropium,69,39,"['1.22.1', '3.4.16', '2.7.1', '3.1.3', '4.2.2', '1.14.19', '3.8.1', '1.14.3', '1.21.1', '6.3.2', '1.14.15', '1.14.13', '1.11.2', '3.1.5', '1.1.1', '1.10.3', '3.2.1', '3.4.15', '2.3.1', '1.1.3', '3.1.6', '1.14.99', '1.2.1', '1.11.1', '1.14.12', '1.14.14', '3.1.1', '1.14.16', '5.1.3', '6.2.1', '2.4.1', '1.3.1', '4.1.3', '4.2.1', '3.6.1', '1.16.3', '1.3.99', '3.4.21', '1.14.18']"
Methadone,67,19,"['1.22.1', '1.14.3', '3.8.1', '1.21.1', '1.14.13', '1.14.15', '1.11.2', '1.1.1', '1.10.3', '3.2.1', '1.2.1', '1.3.3', '1.14.12', '1.14.14', '1.17.99', '1.3.1', '1.3.99', '1.17.1', '1.14.18']"
Olanzapine,39,9,"['1.14.13', '1.1.1', '2.6.1', '1.14.18', '1.14.12', '1.14.3', '1.14.14', '3.8.1', '1.13.11']"
Atenolol,55,54,"['1.6.5', '6.3.4', '1.22.1', '2.4.2', '4.2.3', '2.7.1', '3.1.3', '3.10.1', '4.2.2', '3.5.5', '1.14.19', '6.3.5', '1.4.1', '3.5.1', '3.8.1', '1.14.3', '4.3.1', '1.21.1', '1.14.13', '1.14.15', '1.11.2', '6.3.2', '3.1.5', '1.1.1', '1.10.3', '3.2.1', '2.3.2', '3.4.15', '3.4.19', '1.1.3', '3.1.6', '1.11.1', '3.4.11', '1.14.12', '2.5.1', '1.14.14', '3.1.1', '1.14.16', '1.4.7', '2.1.1', '1.5.1', '1.1.99', '5.1.3', '6.2.1', '2.4.1', '4.2.1', '6.3.1', '1.3.1', '4.1.3', '3.6.1', '1.16.3', '1.17.1', '1.14.18', '4.3.3']"
Omeprazole,48,26,"['1.22.1', '2.7.1', '4.2.2', '3.8.1', '1.14.3', '1.21.1', '1.14.13', '1.11.2', '1.13.99', '1.10.3', '3.2.1', '2.6.1', '3.3.2', '3.4.15', '1.1.3', '1.14.99', '1.14.14', '1.2.3', '2.1.1', '5.1.3', '6.2.1', '2.4.1', '4.1.3', '4.2.1', '3.6.1', '1.14.18']"
Pyrazinamide,17,17,"['6.3.2', '1.14.13', '3.2.1', '2.7.1', '3.10.1', '3.4.11', '5.1.3', '4.2.1', '2.3.2', '6.3.1', '4.1.3', '3.4.15', '3.4.19', '4.2.2', '1.17.1', '3.5.1', '1.2.3']"
Cetirizine,70,31,"['1.22.1', '2.7.1', '3.1.3', '4.2.2', '1.14.19', '3.8.1', '1.14.3', '1.21.1', '1.14.13', '1.11.2', '3.1.5', '1.1.1', '1.10.3', '3.2.1', '3.4.15', '5.2.1', '3.1.6', '1.2.1', '1.11.1', '1.14.12', '1.14.14', '3.1.1', '5.1.3', '1.3.98', '6.2.1', '2.4.1', '4.1.3', '4.2.1', '3.6.1', '1.16.3', '1.14.18']"
Terfenadine,64,20,"['3.1.3', '1.14.19', '1.14.3', '3.8.1', '1.14.15', '1.14.13', '3.1.5', '1.1.1', '3.2.1', '3.1.6', '1.14.99', '1.11.1', '1.14.14', '2.4.1', '1.3.1', '4.2.1', '1.16.3', '1.3.99', '1.17.1', '1.14.18']"
Diltiazem,99,31,"['1.22.1', '3.4.16', '2.7.1', '4.2.2', '3.8.1', '3.5.1', '1.14.3', '1.21.1', '1.14.13', '1.11.2', '1.14.15', '1.1.1', '1.10.3', '3.2.1', '3.3.2', '3.4.15', '2.3.1', '1.14.99', '1.14.12', '2.5.1', '1.14.14', '3.1.1', '2.1.1', '5.1.3', '6.2.1', '2.4.1', '4.1.3', '4.2.1', '3.6.1', '3.4.21', '1.14.18']"
Protriptyline,45,15,"['1.14.13', '1.14.15', '1.4.3', '1.11.2', '1.13.11', '1.14.99', '1.14.12', '1.3.1', '1.14.3', '1.3.99', '1.14.19', '1.14.14', '3.8.1', '1.14.18', '1.14.16']"
Alfuzosin,62,36,"['6.3.4', '1.22.1', '2.7.1', '3.5.4', '4.2.2', '1.14.19', '3.4.13', '3.8.1', '3.5.1', '1.14.3', '1.21.1', '6.3.2', '1.14.13', '1.14.15', '1.11.2', '1.1.1', '1.10.3', '3.2.1', '3.3.2', '3.4.15', '1.14.99', '3.4.11', '1.14.14', '3.1.1', '1.14.16', '2.1.1', '5.1.3', '6.2.1', '2.4.1', '1.3.1', '6.3.1', '4.1.3', '4.2.1', '3.6.1', '1.3.99', '1.14.18']"
Trimethadione,9,19,"['2.7.1', '4.2.2', '6.3.2', '1.14.13', '1.14.15', '1.1.1', '3.2.1', '3.4.15', '3.4.19', '1.2.1', '3.4.11', '1.14.14', '3.1.1', '2.1.1', '5.1.3', '6.2.1', '4.1.3', '4.2.1', '3.6.1']"
Nitisinone,86,35,"['1.22.1', '1.2.7', '2.7.1', '4.2.2', '1.14.19', '3.8.1', '1.14.3', '1.21.1', '1.14.13', '1.14.15', '1.11.2', '1.1.1', '1.10.3', '3.2.1', '1.7.1', '3.4.15', '1.3.8', '1.14.99', '1.2.99', '1.3.3', '1.14.12', '1.14.14', '1.14.16', '3.1.1', '1.1.99', '5.1.3', '1.17.99', '1.3.1', '4.1.3', '4.2.1', '3.7.1', '1.3.99', '1.17.1', '1.14.18', '1.12.99']"
Clobazam,99,27,"['1.97.1', '1.22.1', '2.7.1', '3.1.3', '4.2.2', '1.14.19', '3.8.1', '1.14.3', '1.21.1', '1.14.13', '1.14.15', '1.11.2', '1.1.1', '1.10.3', '3.2.1', '3.4.15', '1.13.11', '1.2.1', '1.14.12', '1.14.14', '5.1.3', '1.17.99', '1.3.98', '4.1.3', '4.2.1', '1.17.1', '1.14.18']"
Minoxidil,34,22,"['1.22.1', '3.5.4', '1.14.19', '3.8.1', '1.14.3', '1.21.1', '1.14.13', '1.14.15', '1.11.2', '1.1.1', '1.7.1', '1.14.99', '1.11.1', '1.6.6', '1.14.14', '1.14.16', '1.8.99', '1.17.99', '1.3.1', '3.5.99', '1.3.99', '1.14.18']"
Megestrol acetate,140,26,"['3.4.16', '4.2.2', '1.14.19', '3.5.1', '6.3.2', '1.14.15', '1.14.13', '1.1.1', '3.2.1', '2.3.1', '1.1.3', '1.3.8', '1.14.99', '1.17.1', '1.3.3', '1.14.14', '3.1.1', '1.1.99', '1.17.99', '6.2.1', '1.3.1', '4.2.1', '3.7.1', '1.3.99', '3.4.21', '1.14.18']"
Tioguanine,19,11,"['1.14.13', '1.1.1', '1.8.99', '1.6.6', '3.5.4', '3.5.99', '1.7.1', '1.17.5', '1.17.1', '1.14.14', '3.8.1']"
Methylergometrine,64,37,"['6.3.4', '1.22.1', '2.7.1', '3.1.3', '4.2.2', '3.4.13', '3.8.1', '3.5.1', '1.14.3', '1.21.1', '6.3.2', '1.14.13', '1.14.15', '1.11.2', '1.13.99', '3.1.5', '1.1.1', '3.2.1', '3.4.15', '1.13.11', '1.1.3', '3.1.6', '1.2.1', '1.11.1', '3.4.11', '1.14.12', '1.14.14', '1.5.1', '5.1.3', '2.4.1', '4.1.3', '6.3.1', '4.2.1', '3.6.1', '1.16.3', '1.17.1', '1.14.18']"
Buclizine,27,8,"['1.14.13', '1.14.15', '1.3.98', '1.14.3', '1.14.19', '1.14.14', '3.8.1', '1.14.18']"
Chlorzoxazone,41,27,"['1.6.5', '1.97.1', '1.22.1', '2.7.1', '4.2.2', '1.14.19', '3.8.1', '1.21.1', '6.3.2', '1.14.13', '1.11.2', '1.10.3', '3.2.1', '3.4.15', '3.4.19', '1.14.99', '1.11.1', '3.4.11', '1.14.12', '1.14.14', '3.1.1', '1.14.16', '5.1.3', '1.3.98', '4.1.3', '4.2.1', '1.14.18']"
Aminoglutethimide,70,41,"['6.3.4', '1.22.1', '2.7.1', '3.5.4', '4.2.2', '3.4.13', '1.14.19', '3.8.1', '3.5.1', '1.14.3', '1.21.1', '6.3.2', '1.14.13', '1.14.15', '1.11.2', '1.1.1', '1.10.3', '3.2.1', '1.7.1', '3.4.15', '3.4.19', '1.3.8', '1.6.99', '1.14.99', '3.5.2', '1.3.3', '3.4.11', '1.14.12', '1.14.14', '3.1.1', '1.14.16', '1.8.99', '5.1.3', '1.17.99', '1.3.1', '6.3.1', '4.1.3', '4.2.1', '1.3.99', '1.17.1', '1.14.18']"
Mefloquine,50,30,"['1.22.1', '2.7.1', '3.1.3', '1.14.19', '3.8.1', '1.14.3', '1.21.1', '1.14.15', '1.14.13', '1.11.2', '3.1.5', '1.1.1', '1.10.3', '3.2.1', '3.1.6', '1.14.99', '1.11.1', '1.14.14', '1.14.16', '1.5.1', '5.1.3', '2.4.1', '1.3.1', '4.1.3', '4.2.1', '3.6.1', '1.16.3', '1.3.99', '1.17.1', '1.14.18']"
Sulfadiazine,41,22,"['1.22.1', '2.7.1', '3.5.4', '4.2.2', '3.8.1', '1.21.1', '1.14.13', '1.11.2', '1.1.1', '1.10.3', '3.2.1', '1.7.1', '3.4.15', '1.14.12', '1.14.14', '1.2.3', '1.8.99', '5.1.3', '4.1.3', '4.2.1', '1.17.1', '1.14.18']"
Sapropterin,66,38,"['4.2.3', '2.7.1', '3.1.3', '3.5.4', '4.2.2', '3.8.1', '6.3.2', '1.14.15', '1.14.13', '3.1.5', '1.1.1', '3.2.1', '3.3.2', '1.7.1', '3.4.15', '3.4.19', '1.1.3', '3.1.6', '1.6.99', '1.11.1', '3.4.11', '1.14.12', '1.6.6', '2.5.1', '1.14.14', '3.1.1', '1.5.1', '1.1.99', '1.8.99', '5.1.3', '2.4.1', '4.2.1', '1.3.1', '4.1.3', '3.5.99', '3.6.1', '1.16.3', '1.14.18']"
Vinorelbine,158,27,"['3.4.16', '3.1.3', '1.14.19', '3.8.1', '3.5.1', '1.14.3', '5.3.3', '1.14.15', '1.14.13', '3.1.5', '1.1.1', '3.2.1', '2.3.1', '3.1.6', '1.14.99', '1.2.1', '1.14.14', '3.1.1', '2.1.1', '1.17.99', '6.2.1', '2.4.1', '1.3.1', '3.6.1', '1.3.99', '3.4.21', '1.14.18']"
Clozapine,50,10,"['1.14.13', '1.1.1', '1.14.18', '1.3.98', '1.14.12', '1.14.3', '1.14.19', '1.14.14', '3.8.1', '1.13.11']"
Sucralfate,0,0,[]
Grepafloxacin,41,30,"['1.22.1', '2.7.1', '3.1.3', '4.2.2', '3.8.1', '1.14.3', '1.21.1', '1.14.15', '1.14.13', '1.11.2', '3.1.5', '1.1.1', '2.6.1', '3.2.1', '3.4.15', '3.1.6', '1.2.1', '1.11.1', '1.14.14', '3.1.1', '1.14.16', '4.1.1', '1.5.1', '5.1.3', '2.4.1', '4.1.3', '4.2.1', '3.6.1', '1.16.3', '1.14.18']"
Doxylamine,55,17,"['1.21.1', '1.14.13', '1.22.1', '1.11.2', '1.14.15', '1.10.3', '3.2.1', '1.3.3', '6.2.1', '1.14.12', '1.14.3', '3.6.1', '1.14.14', '3.8.1', '1.2.3', '1.14.18', '1.14.16']"
Levonorgestrel,121,29,"['3.1.3', '4.1.99', '4.2.2', '1.14.19', '5.3.3', '1.14.15', '1.14.13', '3.1.5', '1.1.1', '3.2.1', '1.13.11', '1.1.3', '3.1.6', '1.3.8', '1.14.99', '1.11.1', '1.3.3', '2.5.1', '1.14.14', '3.1.1', '1.1.99', '1.17.99', '2.4.1', '1.3.1', '4.2.1', '1.16.3', '1.3.99', '1.17.1', '1.14.18']"
Mirtazapine,50,10,"['1.14.13', '1.11.2', '3.8.1', '1.14.18', '1.14.12', '1.14.3', '1.14.14', '1.13.12', '1.2.3', '1.13.11']"
Meprobamate,32,28,"['2.7.1', '3.10.1', '4.2.2', '1.14.19', '3.5.1', '6.3.2', '1.14.15', '1.14.13', '1.1.1', '3.2.1', '2.3.2', '3.4.15', '3.4.19', '1.14.99', '3.4.11', '1.14.14', '3.1.1', '2.1.3', '6.1.2', '5.1.3', '6.2.1', '1.3.1', '6.3.1', '4.1.3', '4.2.1', '3.6.1', '1.3.99', '1.14.18']"
Thiethylperazine,47,8,"['1.14.13', '1.14.15', '1.14.12', '1.14.3', '2.5.1', '1.14.14', '3.8.1', '1.14.18']"
Timolol,19,23,"['2.7.1', '3.1.3', '1.14.15', '1.14.13', '3.1.5', '1.1.1', '3.2.1', '1.1.3', '3.1.6', '1.11.1', '1.14.12', '1.14.14', '2.1.1', '1.1.99', '5.1.3', '6.2.1', '2.4.1', '4.2.1', '1.3.1', '4.1.3', '3.6.1', '1.16.3', '1.14.18']"
Treprostinil,141,40,"['1.22.1', '2.7.1', '3.1.3', '4.2.2', '1.14.19', '3.8.1', '1.14.3', '1.21.1', '1.14.15', '1.14.13', '1.11.2', '3.1.5', '1.1.1', '1.23.1', '3.2.1', '3.4.15', '5.2.1', '1.1.3', '3.1.6', '1.14.99', '1.2.1', '1.11.1', '1.14.12', '1.14.14', '4.2.99', '1.14.16', '3.1.1', '2.1.1', '1.1.99', '5.1.3', '6.2.1', '2.4.1', '1.3.1', '4.1.3', '4.2.1', '3.6.1', '1.16.3', '1.3.99', '1.17.1', '1.14.18']"
Trihexyphenidyl,70,25,"['1.22.1', '3.1.3', '1.14.19', '3.8.1', '1.14.3', '1.21.1', '1.14.15', '1.14.13', '1.11.2', '3.1.5', '1.10.3', '3.2.1', '3.1.6', '1.14.99', '1.11.1', '1.14.12', '1.14.14', '1.14.16', '2.4.1', '1.3.1', '4.2.1', '3.6.1', '1.16.3', '1.3.99', '1.14.18']"
Palonosetron,48,20,"['2.7.1', '4.2.2', '1.14.19', '3.8.1', '1.14.3', '1.14.13', '1.14.15', '1.11.2', '3.2.1', '3.4.15', '1.14.99', '1.14.14', '1.14.16', '5.1.3', '1.3.1', '4.1.3', '4.2.1', '1.3.99', '1.17.1', '1.14.18']"
Dydrogesterone,129,23,"['4.1.99', '4.2.2', '1.14.19', '1.14.15', '1.14.13', '1.1.1', '3.2.1', '1.7.3', '1.1.3', '1.3.8', '1.6.99', '1.14.99', '1.3.3', '1.14.14', '1.4.3', '1.1.99', '1.17.99', '1.3.1', '4.2.1', '3.7.1', '1.3.99', '1.17.1', '1.14.18']"
Mexiletine,27,23,"['1.6.5', '1.22.1', '3.10.1', '1.14.19', '3.8.1', '1.14.3', '1.21.1', '1.14.13', '1.11.2', '1.14.15', '2.6.1', '3.2.1', '1.1.3', '1.14.99', '1.11.1', '1.14.12', '1.14.14', '1.14.16', '2.1.1', '6.2.1', '2.4.1', '3.6.1', '1.14.18']"
Amlodipine,62,31,"['1.22.1', '3.4.16', '2.7.1', '3.10.1', '4.2.2', '1.14.19', '3.8.1', '3.5.1', '1.14.3', '1.21.1', '6.3.2', '1.14.13', '1.11.2', '1.14.15', '1.1.1', '1.10.3', '3.2.1', '3.4.15', '2.3.1', '1.14.14', '3.1.1', '1.14.16', '1.4.3', '5.1.3', '1.3.98', '6.2.1', '4.1.3', '4.2.1', '3.6.1', '3.4.21', '1.14.18']"
Tacrine,65,23,"['1.22.1', '3.5.4', '1.14.19', '3.8.1', '1.14.3', '1.21.1', '1.14.13', '1.14.15', '1.11.2', '1.13.99', '1.1.1', '1.10.3', '1.7.1', '1.13.11', '1.14.99', '1.14.12', '1.14.14', '1.14.16', '1.8.99', '1.3.1', '1.3.99', '1.17.1', '1.14.18']"
Triamterene,66,18,"['1.21.1', '6.3.4', '1.14.13', '1.22.1', '1.11.2', '1.13.11', '1.1.1', '1.10.3', '1.8.99', '1.14.12', '3.5.4', '3.5.99', '1.6.6', '1.7.1', '6.3.5', '1.14.14', '3.8.1', '1.14.18']"
Procyclidine,69,25,"['1.22.1', '3.1.3', '1.14.19', '3.8.1', '1.14.3', '1.21.1', '1.14.15', '1.14.13', '1.11.2', '3.1.5', '1.10.3', '3.2.1', '3.1.6', '1.14.99', '1.11.1', '1.14.12', '1.14.14', '1.14.16', '2.4.1', '1.3.1', '4.2.1', '3.6.1', '1.16.3', '1.3.99', '1.14.18']"
Phenylephrine,69,33,"['1.6.5', '1.97.1', '1.22.1', '4.2.3', '2.7.1', '3.1.3', '1.14.19', '3.8.1', '1.14.3', '1.21.1', '1.14.13', '1.11.2', '3.1.5', '1.1.1', '1.10.3', '3.2.1', '3.1.6', '1.11.1', '1.14.12', '2.8.2', '1.14.14', '3.1.1', '1.14.16', '1.4.3', '5.1.3', '2.4.1', '1.3.1', '4.1.3', '4.2.1', '3.6.1', '1.16.3', '1.17.1', '1.14.18']"
Carbimazole,11,18,"['2.7.1', '3.13.1', '4.2.2', '3.8.1', '6.3.2', '1.14.13', '3.2.1', '3.4.15', '3.4.19', '3.4.11', '1.14.14', '3.1.1', '5.1.3', '6.2.1', '4.1.3', '4.2.1', '3.6.1', '1.17.1']"
Digoxin,242,29,"['3.4.16', '3.1.3', '4.1.99', '4.2.2', '1.14.19', '5.3.3', '1.14.15', '1.14.13', '1.1.1', '3.2.1', '3.3.2', '2.3.1', '5.4.99', '1.1.3', '3.1.6', '1.14.99', '1.11.1', '1.14.14', '3.1.1', '1.1.99', '1.17.99', '6.2.1', '2.4.1', '1.3.1', '4.2.1', '1.16.3', '1.3.99', '3.4.21', '1.14.18']"
Sulpiride,54,30,"['1.22.1', '2.7.1', '4.2.2', '1.14.19', '3.8.1', '3.5.1', '1.14.3', '1.21.1', '1.14.13', '1.14.15', '1.11.2', '1.10.3', '3.2.1', '3.3.2', '3.4.15', '3.4.19', '1.14.99', '1.14.14', '3.1.1', '1.14.16', '2.1.1', '5.1.3', '6.2.1', '2.4.1', '1.3.1', '4.1.3', '4.2.1', '3.6.1', '1.3.99', '1.14.18']"
Profenamine,34,9,"['1.14.13', '1.14.15', '3.2.1', '1.14.18', '1.14.12', '1.14.3', '1.14.14', '3.8.1', '1.13.11']"
Nimodipine,103,29,"['1.2.7', '3.4.16', '2.7.1', '4.2.2', '3.8.1', '3.5.1', '1.14.3', '6.3.2', '1.14.13', '1.11.2', '1.14.15', '1.1.1', '3.2.1', '1.7.1', '3.4.15', '2.3.1', '1.14.99', '1.2.99', '1.14.12', '1.14.14', '3.1.1', '5.1.3', '6.2.1', '4.1.3', '4.2.1', '3.6.1', '3.4.21', '1.14.18', '1.12.99']"
Beclomethasone dipropionate,166,32,"['3.4.16', '3.1.3', '4.2.2', '1.14.19', '5.3.3', '6.3.2', '1.14.15', '1.14.13', '1.1.1', '3.2.1', '2.3.1', '1.13.11', '1.1.3', '3.1.6', '1.3.8', '1.14.99', '1.17.1', '1.11.1', '1.3.3', '2.5.1', '1.14.14', '3.1.1', '1.1.99', '1.17.99', '6.2.1', '2.4.1', '1.3.1', '4.2.1', '1.16.3', '1.3.99', '3.4.21', '1.14.18']"
Carisoprodol,41,28,"['2.7.1', '3.10.1', '4.2.2', '1.14.19', '3.5.1', '6.3.2', '1.14.15', '1.14.13', '3.2.1', '2.3.2', '3.4.15', '3.4.19', '1.14.99', '3.4.11', '1.14.14', '3.1.1', '1.5.1', '2.1.3', '6.1.2', '5.1.3', '6.2.1', '1.3.1', '6.3.1', '4.1.3', '4.2.1', '3.6.1', '1.3.99', '1.14.18']"
Progesterone,141,24,"['4.2.2', '1.14.19', '5.3.3', '1.14.15', '1.14.13', '1.1.1', '3.2.1', '1.7.3', '1.13.11', '1.1.3', '1.3.8', '1.6.99', '1.14.99', '1.3.3', '2.5.1', '1.14.14', '1.4.3', '1.1.99', '1.17.99', '1.3.1', '4.2.1', '1.3.99', '1.17.1', '1.14.18']"
Phenylpropanolamine,59,32,"['1.6.5', '1.22.1', '4.2.3', '2.7.1', '3.1.3', '3.10.1', '1.14.19', '3.8.1', '1.14.3', '1.21.1', '1.14.13', '1.11.2', '1.14.15', '3.1.5', '1.1.1', '1.10.3', '3.2.1', '1.13.11', '3.1.6', '1.11.1', '1.14.12', '1.14.14', '1.14.16', '5.1.3', '2.4.1', '1.3.1', '4.1.3', '4.2.1', '3.6.1', '1.16.3', '1.17.1', '1.14.18']"
Sorafenib,82,25,"['1.22.1', '2.7.1', '4.2.2', '1.14.19', '3.8.1', '3.5.1', '1.14.3', '1.21.1', '1.14.13', '1.11.2', '1.10.3', '3.2.1', '3.4.15', '1.3.3', '1.14.14', '1.2.3', '2.1.1', '5.1.3', '1.3.98', '2.4.1', '6.2.1', '4.1.3', '4.2.1', '3.6.1', '1.14.18']"
Griseofulvin,76,33,"['1.22.1', '2.7.1', '4.2.2', '1.14.19', '3.8.1', '1.14.3', '1.21.1', '1.14.13', '1.14.15', '1.11.2', '1.1.1', '3.2.1', '3.3.2', '1.1.3', '1.14.99', '1.14.12', '1.14.14', '3.1.1', '2.1.1', '1.1.99', '5.1.3', '1.17.99', '1.3.98', '2.4.1', '6.2.1', '1.3.1', '4.2.1', '4.1.3', '3.7.1', '3.6.1', '1.3.99', '1.17.1', '1.14.18']"
Nisoldipine,92,32,"['1.22.1', '1.2.7', '3.4.16', '2.7.1', '4.2.2', '3.8.1', '1.14.3', '1.21.1', '6.3.2', '1.14.13', '1.14.15', '1.11.2', '1.1.1', '1.10.3', '3.2.1', '1.7.1', '3.4.15', '2.3.1', '1.14.99', '1.2.99', '1.14.12', '1.14.14', '3.1.1', '5.1.3', '6.2.1', '1.3.1', '4.1.3', '4.2.1', '3.6.1', '3.4.21', '1.14.18', '1.12.99']"
Eszopiclone,22,21,"['1.22.1', '2.7.1', '4.2.2', '1.14.19', '1.14.3', '3.8.1', '1.21.1', '1.14.13', '1.11.2', '3.2.1', '3.4.15', '1.14.14', '1.2.3', '3.1.1', '5.1.3', '1.3.98', '6.2.1', '4.1.3', '4.2.1', '3.6.1', '1.14.18']"
Alprazolam,49,9,"['1.14.13', '2.6.1', '1.14.18', '1.3.98', '1.14.12', '1.14.19', '1.14.14', '3.8.1', '1.13.11']"
Dexbrompheniramine,39,11,"['1.97.1', '1.14.13', '1.14.15', '1.11.2', '1.3.3', '1.14.3', '1.14.14', '3.8.1', '1.2.3', '1.14.18', '1.14.16']"
Gentian violet cation,15,9,"['1.14.13', '1.14.99', '1.3.1', '4.2.1', '1.14.3', '1.14.19', '1.14.14', '3.8.1', '1.14.18']"
Loxapine,40,15,"['1.14.13', '1.11.2', '2.1.1', '1.1.1', '3.2.1', '1.3.98', '2.4.1', '1.14.12', '1.14.3', '6.2.1', '3.6.1', '1.14.19', '1.14.14', '3.8.1', '1.14.18']"
Carbamoylcholine,10,20,"['2.7.1', '3.10.1', '3.5.1', '6.3.2', '1.14.13', '3.2.1', '2.3.2', '3.4.15', '3.4.19', '3.4.11', '1.14.14', '3.1.1', '2.1.3', '6.1.2', '5.1.3', '6.2.1', '4.1.3', '6.3.1', '4.2.1', '3.6.1']"
Rosiglitazone,61,32,"['6.3.4', '1.22.1', '2.7.1', '4.2.2', '3.4.13', '3.8.1', '3.5.1', '1.14.3', '1.21.1', '6.3.2', '1.14.13', '1.11.2', '1.1.1', '1.10.3', '3.2.1', '3.4.15', '3.4.19', '3.4.11', '1.14.14', '1.2.3', '3.1.1', '1.14.16', '2.1.1', '5.1.3', '6.2.1', '2.4.1', '4.1.3', '6.3.1', '4.2.1', '3.6.1', '1.17.1', '1.14.18']"
Pramipexole,29,12,"['1.14.15', '1.14.13', '1.13.99', '1.5.1', '1.1.1', '1.8.99', '3.2.1', '1.3.1', '1.7.1', '1.17.1', '1.14.14', '1.14.18']"
Acetohexamide,68,26,"['1.22.1', '2.7.1', '4.2.2', '1.14.19', '3.8.1', '1.21.1', '1.14.13', '1.14.15', '1.11.2', '1.1.1', '1.10.3', '3.2.1', '3.4.15', '3.4.19', '1.14.99', '1.14.14', '3.1.1', '1.14.16', '1.5.1', '5.1.3', '1.3.1', '4.1.3', '4.2.1', '3.7.1', '1.3.99', '1.14.18']"
Ampicillin,76,41,"['6.3.4', '1.22.1', '2.7.1', '3.1.3', '3.10.1', '4.2.2', '3.4.13', '3.8.1', '3.5.1', '1.14.3', '1.21.1', '6.3.2', '1.14.13', '1.11.2', '1.14.15', '3.1.5', '1.1.1', '1.10.3', '3.4.24', '3.2.1', '2.3.2', '3.4.19', '3.4.15', '5.2.1', '3.1.6', '3.5.2', '1.2.1', '1.11.1', '3.4.11', '1.14.12', '1.14.14', '3.1.1', '5.1.3', '2.4.1', '4.1.3', '6.3.1', '4.2.1', '3.6.1', '1.16.3', '3.4.21', '1.14.18']"
Phenoxymethylpenicillin,77,42,"['6.3.4', '1.22.1', '2.7.1', '3.1.3', '4.2.2', '3.4.13', '3.8.1', '3.5.1', '1.14.3', '1.21.1', '6.3.2', '1.14.13', '1.11.2', '1.14.15', '3.1.5', '1.1.1', '1.10.3', '3.2.1', '2.3.2', '3.4.19', '3.4.15', '5.2.1', '3.1.6', '1.2.1', '1.11.1', '3.4.11', '1.14.12', '1.14.14', '3.1.1', '1.14.16', '2.1.1', '5.1.3', '6.2.1', '2.4.1', '1.3.1', '6.3.1', '4.1.3', '4.2.1', '3.6.1', '1.16.3', '3.4.21', '1.14.18']"
Secobarbital,44,25,"['6.3.4', '2.7.1', '4.2.2', '3.4.13', '1.14.19', '3.5.1', '6.3.2', '1.14.15', '1.14.13', '1.1.1', '3.2.1', '3.4.15', '3.4.19', '1.14.99', '3.5.2', '3.4.11', '1.14.14', '3.1.1', '5.1.3', '1.3.1', '6.3.1', '4.1.3', '4.2.1', '1.3.99', '1.14.18']"
Miglustat,105,31,"['5.5.1', '4.2.3', '2.7.1', '3.1.3', '1.14.19', '1.14.15', '1.14.13', '1.13.99', '3.1.5', '1.1.1', '3.2.1', '3.3.2', '1.7.3', '1.1.3', '3.1.6', '1.14.99', '1.2.1', '1.11.1', '1.14.12', '2.5.1', '1.14.14', '1.1.99', '5.1.3', '2.4.1', '1.3.1', '4.2.1', '4.1.3', '3.6.1', '1.16.3', '1.3.99', '1.14.18']"
Promazine,38,9,"['1.14.13', '1.14.15', '1.11.2', '1.14.18', '1.14.12', '1.14.3', '1.14.14', '3.8.1', '1.13.11']"
Spironolactone,165,32,"['3.4.16', '4.2.2', '1.14.19', '2.3.3', '3.5.1', '5.3.3', '6.3.2', '1.14.13', '1.14.15', '1.1.1', '3.2.1', '2.3.1', '1.13.11', '1.1.3', '1.3.8', '1.14.99', '1.2.1', '1.3.3', '2.5.1', '3.1.2', '1.14.14', '3.1.1', '3.4.21', '1.1.99', '1.17.99', '6.2.1', '2.8.3', '1.3.1', '4.2.1', '1.3.99', '1.17.1', '1.14.18']"
Methylphenidate,74,36,"['1.22.1', '3.4.16', '2.7.1', '4.2.2', '1.14.19', '3.8.1', '3.5.1', '1.14.3', '1.21.1', '6.3.2', '1.14.13', '1.14.15', '1.11.2', '1.1.1', '1.10.3', '3.2.1', '3.4.15', '3.4.19', '2.3.1', '1.13.11', '1.14.99', '3.4.11', '1.14.12', '1.14.14', '3.1.1', '1.14.16', '1.5.1', '5.1.3', '6.2.1', '1.3.1', '4.1.3', '4.2.1', '3.6.1', '1.3.99', '3.4.21', '1.14.18']"
Methocarbamol,76,48,"['1.6.5', '1.22.1', '4.2.3', '2.7.1', '3.1.3', '3.10.1', '4.2.2', '1.14.19', '3.8.1', '3.5.1', '1.14.3', '1.21.1', '6.3.2', '1.14.13', '1.14.15', '1.11.2', '3.1.5', '1.1.1', '1.10.3', '3.2.1', '2.3.2', '3.3.2', '3.4.15', '3.4.19', '5.4.99', '1.1.3', '3.1.6', '1.11.1', '3.4.11', '1.14.12', '2.5.1', '1.14.14', '3.1.1', '1.14.16', '2.1.1', '2.1.3', '1.1.99', '6.1.2', '5.1.3', '6.2.1', '2.4.1', '4.2.1', '1.3.1', '6.3.1', '4.1.3', '3.6.1', '1.16.3', '1.14.18']"
Hyoscyamine,77,39,"['1.22.1', '3.4.16', '2.7.1', '3.1.3', '4.2.2', '1.14.19', '3.8.1', '1.14.3', '1.21.1', '6.3.2', '1.14.15', '1.14.13', '1.11.2', '3.1.5', '1.1.1', '1.10.3', '3.2.1', '3.4.15', '2.3.1', '1.1.3', '3.1.6', '1.14.99', '1.2.1', '1.11.1', '1.14.12', '1.14.14', '3.1.1', '1.14.16', '5.1.3', '6.2.1', '2.4.1', '1.3.1', '4.1.3', '4.2.1', '3.6.1', '1.16.3', '1.3.99', '3.4.21', '1.14.18']"
Zolpidem,40,13,"['1.14.13', '1.11.2', '1.13.99', '2.6.1', '1.2.1', '3.2.1', '1.1.1', '1.14.3', '3.4.15', '1.17.1', '1.14.14', '3.8.1', '1.14.18']"
Famciclovir,42,34,"['6.3.4', '3.4.16', '2.7.1', '3.5.4', '4.2.2', '6.3.5', '3.8.1', '3.5.1', '6.3.2', '1.14.15', '1.14.13', '1.1.1', '3.2.1', '1.7.1', '3.4.15', '2.3.1', '3.4.19', '1.14.99', '1.17.1', '3.4.11', '1.6.6', '1.14.14', '1.2.3', '3.1.1', '1.8.99', '5.1.3', '6.2.1', '1.3.1', '4.1.3', '4.2.1', '3.5.99', '3.6.1', '3.4.21', '1.14.18']"
Triprolidine,33,13,"['1.14.13', '1.14.15', '1.14.99', '2.6.1', '1.3.3', '1.14.18', '1.3.1', '1.14.3', '1.3.99', '1.14.19', '1.14.14', '3.8.1', '1.2.3']"
Trifluridine,50,37,"['2.4.2', '4.2.3', '2.7.1', '3.1.3', '4.2.2', '3.8.1', '6.3.2', '1.14.15', '1.14.13', '3.1.5', '1.1.1', '3.2.1', '3.3.2', '3.4.15', '3.4.19', '5.4.99', '1.1.3', '3.1.6', '1.2.1', '1.11.1', '3.4.11', '1.14.12', '2.5.1', '1.14.14', '3.2.2', '3.1.1', '1.1.99', '5.1.3', '6.2.1', '2.4.1', '4.2.1', '1.3.1', '4.1.3', '3.6.1', '1.16.3', '1.17.1', '1.14.18']"
Prochlorperazine,56,10,"['1.14.13', '1.14.15', '1.14.18', '1.3.98', '1.14.12', '1.14.3', '1.14.19', '1.14.14', '3.8.1', '1.13.11']"
Cyproheptadine,38,9,"['1.14.13', '1.14.15', '1.14.99', '1.14.18', '1.14.12', '1.14.3', '1.14.14', '3.8.1', '1.13.11']"
Bendroflumethiazide,64,19,"['1.22.1', '2.7.1', '4.2.2', '3.8.1', '1.21.1', '1.14.13', '1.11.2', '1.10.3', '3.2.1', '3.4.15', '1.13.11', '1.14.12', '1.14.14', '1.8.99', '5.1.3', '4.1.3', '4.2.1', '1.17.1', '1.14.18']"
Allopurinol,13,11,"['1.14.13', '3.2.1', '2.7.1', '3.1.3', '5.1.3', '4.1.3', '4.2.1', '2.8.2', '1.17.1', '3.8.1', '3.1.6']"
Cerivastatin,84,33,"['2.7.1', '3.1.3', '4.2.2', '3.8.1', '1.14.3', '1.14.13', '1.14.15', '1.11.2', '3.1.5', '1.1.1', '3.2.1', '5.2.1', '1.1.3', '3.1.6', '1.14.99', '1.2.1', '1.11.1', '1.14.12', '3.1.2', '1.14.14', '3.1.1', '1.1.99', '5.1.3', '1.17.99', '6.2.1', '2.4.1', '4.2.1', '1.3.1', '4.1.3', '3.6.1', '1.16.3', '1.17.1', '1.14.18']"
Trimethoprim,47,27,"['6.3.4', '1.22.1', '3.5.4', '1.14.19', '3.8.1', '1.14.3', '1.21.1', '1.14.13', '1.11.2', '1.1.1', '3.2.1', '3.3.2', '1.7.1', '1.11.1', '1.14.12', '1.6.6', '1.14.14', '1.13.12', '1.2.3', '1.14.16', '2.1.1', '1.8.99', '6.2.1', '2.4.1', '3.5.99', '3.6.1', '1.14.18']"
Entecavir,59,38,"['2.7.1', '3.1.3', '3.5.4', '4.2.2', '3.8.1', '1.14.15', '1.14.13', '3.1.5', '1.1.1', '3.2.1', '3.3.2', '1.7.1', '3.4.15', '3.4.19', '1.14.11', '1.1.3', '3.1.6', '1.14.99', '1.2.1', '1.11.1', '3.4.11', '1.6.6', '2.5.1', '1.14.14', '3.1.1', '1.1.99', '1.8.99', '5.1.3', '1.17.99', '2.4.1', '1.3.1', '4.1.3', '4.2.1', '3.5.99', '3.6.1', '1.16.3', '1.17.1', '1.14.18']"
Betamethasone,127,35,"['2.7.1', '3.1.3', '4.2.2', '1.14.19', '5.3.3', '1.14.15', '1.14.13', '3.1.5', '1.1.1', '3.2.1', '3.3.2', '5.3.1', '3.4.15', '1.13.11', '1.1.3', '3.1.6', '1.3.8', '1.14.99', '1.2.1', '1.3.3', '1.11.1', '2.5.1', '1.14.14', '3.1.1', '1.1.99', '5.1.3', '1.17.99', '2.4.1', '1.3.1', '4.2.1', '4.1.3', '3.6.1', '1.16.3', '1.3.99', '1.14.18']"
Chloramphenicol,73,48,"['6.3.4', '1.22.1', '1.2.7', '4.2.3', '2.7.1', '3.1.3', '4.2.2', '3.4.13', '1.14.19', '3.8.1', '3.5.1', '1.21.1', '6.3.2', '1.14.13', '1.14.15', '1.11.2', '3.1.5', '1.1.1', '1.10.3', '3.2.1', '3.3.2', '1.7.1', '3.4.15', '3.4.19', '1.7.3', '1.1.3', '3.1.6', '1.14.99', '1.2.99', '1.2.1', '3.4.11', '1.11.1', '1.14.12', '1.14.14', '1.14.16', '3.1.1', '1.5.1', '5.1.3', '2.4.1', '1.3.1', '6.3.1', '4.1.3', '4.2.1', '3.6.1', '1.16.3', '1.17.1', '1.14.18', '1.12.99']"
Loracarbef,106,48,"['6.3.4', '1.22.1', '2.7.1', '3.1.3', '3.10.1', '4.2.2', '3.4.13', '1.14.19', '3.8.1', '3.5.1', '1.14.3', '1.21.1', '6.3.2', '1.14.13', '1.14.15', '1.11.2', '3.1.5', '1.1.1', '1.10.3', '3.4.24', '3.2.1', '2.3.2', '3.4.19', '3.4.15', '5.2.1', '1.13.11', '3.1.6', '1.14.99', '1.2.1', '1.11.1', '3.4.11', '1.14.12', '1.14.14', '3.1.1', '1.14.16', '1.5.1', '5.1.3', '1.17.99', '2.4.1', '1.3.1', '6.3.1', '4.1.3', '4.2.1', '3.6.1', '1.16.3', '1.3.99', '3.4.21', '1.14.18']"
Lansoprazole,54,28,"['1.22.1', '2.7.1', '4.2.2', '3.8.1', '1.14.3', '1.21.1', '1.14.13', '1.11.2', '1.13.99', '1.10.3', '3.2.1', '2.6.1', '3.4.15', '1.13.11', '1.1.3', '1.14.99', '1.3.3', '1.14.12', '1.14.14', '1.2.3', '2.1.1', '5.1.3', '6.2.1', '2.4.1', '4.1.3', '4.2.1', '3.6.1', '1.14.18']"
Levothyroxine,72,46,"['1.6.5', '1.22.1', '4.2.3', '2.7.1', '3.1.3', '3.10.1', '4.2.2', '3.4.13', '1.14.19', '1.4.1', '3.8.1', '1.14.3', '1.21.1', '4.3.1', '1.14.13', '1.11.2', '6.3.2', '3.1.5', '1.1.1', '1.10.3', '3.2.1', '3.4.15', '3.4.19', '5.2.1', '3.1.6', '1.2.1', '1.11.1', '3.4.11', '1.14.12', '2.8.2', '1.14.14', '3.1.1', '1.14.16', '4.1.1', '2.1.1', '1.4.3', '5.1.3', '6.2.1', '2.4.1', '1.3.1', '4.1.3', '4.2.1', '3.6.1', '1.16.3', '1.17.1', '1.14.18']"
Meperidine,47,28,"['1.22.1', '3.4.16', '2.7.1', '4.2.2', '3.8.1', '1.14.3', '1.21.1', '6.3.2', '1.14.13', '1.14.15', '1.11.2', '1.1.1', '1.10.3', '3.2.1', '3.4.15', '3.4.19', '2.3.1', '1.14.12', '1.14.14', '3.1.1', '1.14.16', '5.1.3', '6.2.1', '4.1.3', '4.2.1', '3.6.1', '3.4.21', '1.14.18']"
Loratadine,53,20,"['4.2.2', '1.14.19', '1.14.3', '3.8.1', '1.14.13', '1.14.15', '1.13.99', '3.2.1', '3.4.15', '1.14.99', '1.3.3', '1.14.12', '1.14.14', '1.2.3', '3.1.1', '1.3.98', '6.2.1', '3.6.1', '1.17.1', '1.14.18']"
Prazosin,43,27,"['6.3.4', '1.22.1', '2.7.1', '3.5.4', '4.2.2', '3.8.1', '1.14.3', '1.21.1', '1.14.13', '1.11.2', '1.1.1', '1.10.3', '3.2.1', '3.3.2', '3.4.15', '1.14.99', '1.14.12', '1.14.14', '3.1.1', '2.1.1', '5.1.3', '6.2.1', '2.4.1', '4.1.3', '4.2.1', '3.6.1', '1.14.18']"
Imipramine,39,10,"['1.14.13', '1.14.15', '1.11.2', '1.14.18', '1.14.12', '1.14.3', '1.17.1', '1.14.14', '3.8.1', '1.13.11']"
Acitretin,92,36,"['1.6.5', '1.22.1', '3.1.3', '4.2.2', '1.14.19', '3.8.1', '1.14.3', '1.21.1', '1.14.13', '1.11.2', '1.14.15', '1.1.1', '2.6.1', '3.2.1', '1.14.21', '3.3.2', '5.2.1', '1.13.11', '1.1.3', '3.1.6', '1.3.8', '1.14.99', '1.2.1', '1.11.1', '1.3.3', '1.14.12', '1.14.14', '3.1.1', '2.1.1', '6.2.1', '2.4.1', '1.3.1', '4.2.1', '1.16.3', '1.3.99', '1.14.18']"
Nabumetone,100,36,"['1.6.5', '1.22.1', '2.7.1', '4.2.2', '1.14.19', '3.8.1', '1.14.3', '1.21.1', '1.14.13', '1.14.15', '1.11.2', '1.1.1', '1.10.3', '3.2.1', '3.3.2', '1.7.3', '1.1.3', '1.14.99', '1.11.1', '1.14.12', '1.14.14', '3.1.1', '1.14.16', '1.4.3', '2.1.1', '1.1.99', '5.1.3', '1.17.99', '6.2.1', '2.4.1', '1.3.1', '4.1.3', '4.2.1', '3.6.1', '1.17.1', '1.14.18']"
Methscopolamine bromide,0,0,[]
Ketorolac,97,37,"['1.22.1', '2.7.1', '3.1.3', '4.2.2', '1.14.19', '3.8.1', '1.14.3', '1.21.1', '6.3.2', '1.14.13', '1.14.15', '1.11.2', '3.1.5', '1.1.1', '1.10.3', '3.2.1', '3.4.15', '3.4.19', '5.2.1', '1.13.11', '3.1.6', '1.2.1', '1.11.1', '3.4.11', '1.14.12', '1.14.14', '1.13.12', '1.14.16', '3.1.1', '5.1.3', '2.4.1', '1.3.1', '4.1.3', '4.2.1', '3.6.1', '1.16.3', '1.14.18']"
Quinine,62,28,"['1.22.1', '3.1.3', '3.8.1', '1.14.3', '1.21.1', '1.14.15', '1.14.13', '1.11.2', '3.1.5', '1.1.1', '1.10.3', '3.2.1', '3.3.2', '1.14.11', '3.1.6', '1.11.1', '1.14.14', '1.2.3', '1.14.16', '2.1.1', '6.2.1', '2.4.1', '1.3.1', '4.2.1', '3.6.1', '1.16.3', '1.17.1', '1.14.18']"
Tenoxicam,47,36,"['1.22.1', '2.7.1', '3.1.3', '4.2.2', '3.8.1', '3.5.1', '1.14.3', '1.21.1', '1.14.13', '1.11.2', '3.1.5', '1.1.1', '1.10.3', '3.2.1', '2.3.2', '3.3.2', '3.4.19', '3.4.15', '3.4.22', '3.1.6', '1.2.1', '1.11.1', '3.4.11', '1.14.14', '1.2.3', '3.1.1', '1.8.99', '5.1.3', '2.4.1', '4.1.3', '6.3.1', '4.2.1', '3.6.1', '1.16.3', '3.4.21', '1.14.18']"
Dronabinol,82,27,"['1.6.5', '5.5.1', '3.1.3', '1.14.19', '3.8.1', '1.14.3', '5.3.3', '1.14.13', '1.14.15', '1.11.2', '1.1.1', '3.2.1', '1.13.11', '3.1.6', '1.14.99', '2.8.2', '1.14.14', '1.14.16', '2.1.1', '1.17.99', '6.2.1', '2.4.1', '1.3.1', '3.6.1', '1.3.99', '1.17.1', '1.14.18']"
Montelukast,113,18,"['3.1.3', '1.14.19', '1.14.3', '3.8.1', '1.14.15', '1.14.13', '1.1.1', '3.2.1', '5.2.1', '1.13.11', '3.1.6', '1.2.1', '1.14.14', '1.2.3', '1.17.99', '1.3.98', '1.17.1', '1.14.18']"
Fluoxetine,67,20,"['1.22.1', '1.14.3', '3.8.1', '1.21.1', '1.14.13', '1.14.15', '1.11.2', '1.10.3', '3.2.1', '1.13.11', '1.11.1', '1.14.12', '1.14.14', '1.14.16', '1.4.3', '2.1.1', '6.2.1', '2.4.1', '3.6.1', '1.14.18']"
Chlordiazepoxide,66,15,"['1.21.1', '1.14.13', '1.22.1', '1.11.2', '1.14.99', '1.13.11', '1.1.1', '1.10.3', '1.3.98', '1.14.12', '1.14.19', '1.14.14', '3.8.1', '1.14.18', '1.14.16']"
Duloxetine,95,19,"['1.22.1', '1.14.3', '3.8.1', '1.21.1', '1.14.13', '1.14.15', '1.11.2', '1.10.3', '3.2.1', '1.13.11', '1.14.12', '1.14.14', '1.14.16', '1.4.3', '2.1.1', '6.2.1', '2.4.1', '3.6.1', '1.14.18']"
Chlorpromazine,55,10,"['1.14.13', '1.14.15', '1.14.18', '1.3.98', '1.14.12', '1.14.3', '1.14.19', '1.14.14', '3.8.1', '1.13.11']"
Rimantadine,10,5,"['1.14.15', '1.14.13', '1.3.1', '1.14.14', '1.14.18']"
Lenalidomide,68,39,"['6.3.4', '1.22.1', '2.7.1', '3.5.4', '4.2.2', '3.4.13', '1.14.19', '3.8.1', '3.5.1', '1.14.3', '1.21.1', '6.3.2', '1.14.13', '1.14.15', '1.11.2', '1.1.1', '3.2.1', '1.7.1', '3.4.15', '3.4.19', '1.3.8', '1.14.99', '3.5.2', '1.3.3', '3.4.11', '1.14.12', '1.14.14', '3.1.1', '1.14.16', '1.8.99', '5.1.3', '1.17.99', '1.3.1', '6.3.1', '4.1.3', '4.2.1', '1.3.99', '1.17.1', '1.14.18']"
Raloxifene,105,27,"['1.22.1', '3.1.3', '4.2.2', '1.14.19', '3.8.1', '1.14.3', '1.21.1', '1.14.13', '1.14.15', '1.11.2', '1.1.1', '1.10.3', '3.2.1', '3.1.6', '1.14.99', '2.8.2', '1.14.14', '1.13.12', '3.1.1', '2.1.1', '6.2.1', '2.4.1', '1.3.1', '4.2.1', '3.6.1', '1.3.99', '1.14.18']"
Celecoxib,37,6,"['1.14.13', '2.6.1', '3.2.1', '1.14.14', '3.8.1', '1.14.18']"
Dicloxacillin,42,29,"['1.22.1', '2.7.1', '3.1.3', '4.2.2', '1.14.19', '3.4.13', '3.8.1', '1.14.3', '1.21.1', '1.14.13', '1.11.2', '1.14.15', '3.1.5', '1.1.1', '2.6.1', '3.2.1', '3.4.15', '3.1.6', '1.2.1', '1.11.1', '1.14.14', '5.1.3', '1.3.98', '2.4.1', '4.1.3', '4.2.1', '3.6.1', '1.16.3', '1.14.18']"
Nabilone,109,28,"['1.22.1', '3.1.3', '4.2.2', '1.14.19', '3.8.1', '1.14.3', '1.21.1', '1.14.13', '1.14.15', '1.11.2', '1.1.1', '3.2.1', '3.1.6', '1.3.8', '1.14.99', '1.3.3', '2.8.2', '1.14.14', '3.1.1', '2.1.1', '1.1.99', '1.17.99', '6.2.1', '2.4.1', '1.3.1', '1.3.99', '1.17.1', '1.14.18']"
Pefloxacin,31,29,"['1.22.1', '2.7.1', '3.1.3', '4.2.2', '3.8.1', '1.14.3', '1.21.1', '1.14.13', '1.11.2', '1.14.15', '3.1.5', '1.1.1', '1.10.3', '3.2.1', '3.4.15', '3.1.6', '1.2.1', '1.11.1', '1.14.14', '3.1.1', '1.14.16', '4.1.1', '5.1.3', '2.4.1', '4.1.3', '4.2.1', '3.6.1', '1.16.3', '1.14.18']"
Altretamine,4,4,"['3.5.99', '1.14.14', '1.14.13', '3.8.1']"
Sotalol,38,33,"['1.22.1', '2.7.1', '3.1.3', '4.2.2', '3.8.1', '1.14.3', '1.21.1', '1.14.13', '1.11.2', '1.14.15', '3.1.5', '1.1.1', '1.10.3', '3.2.1', '3.4.15', '3.4.19', '3.1.6', '1.11.1', '1.14.12', '1.14.14', '3.1.1', '1.14.16', '1.5.1', '1.8.99', '5.1.3', '2.4.1', '1.3.1', '4.1.3', '4.2.1', '3.6.1', '1.16.3', '1.17.1', '1.14.18']"
Buspirone,53,21,"['2.7.1', '4.2.2', '1.14.19', '1.14.3', '3.8.1', '1.14.13', '1.14.15', '1.1.1', '3.2.1', '3.4.15', '1.14.99', '1.14.14', '1.2.3', '5.1.3', '1.17.99', '1.3.1', '4.1.3', '4.2.1', '1.3.99', '1.17.1', '1.14.18']"
Miglitol,105,30,"['5.5.1', '4.2.3', '2.7.1', '3.1.3', '1.14.15', '1.14.13', '1.13.99', '3.1.5', '1.1.1', '3.2.1', '3.3.2', '1.7.3', '1.1.3', '3.1.6', '1.2.1', '1.11.1', '1.14.12', '2.5.1', '1.1.5', '1.14.14', '1.1.99', '5.1.3', '2.4.1', '1.3.1', '4.2.1', '4.1.3', '3.6.1', '1.16.3', '1.14.18', '4.3.3']"
Fosinopril,189,33,"['2.4.2', '3.4.16', '3.1.3', '3.4.13', '1.14.19', '3.8.1', '1.14.3', '1.14.15', '1.14.13', '3.1.5', '1.1.1', '3.2.1', '3.4.15', '2.3.1', '5.2.1', '3.1.6', '1.14.99', '1.17.1', '1.2.1', '1.3.3', '1.11.1', '1.14.14', '3.1.1', '1.17.99', '6.2.1', '2.4.1', '1.3.1', '4.2.1', '1.16.3', '3.6.1', '1.3.99', '3.4.21', '1.14.18']"
Entacapone,68,34,"['1.6.5', '1.97.1', '1.22.1', '1.2.7', '2.7.1', '3.1.3', '4.2.2', '1.14.19', '3.8.1', '1.14.3', '1.21.1', '1.14.13', '1.11.2', '1.14.15', '1.1.1', '3.2.1', '1.7.1', '3.4.15', '3.4.19', '3.1.6', '1.14.99', '1.2.99', '1.11.1', '1.14.12', '2.8.2', '1.14.14', '3.1.1', '1.14.16', '5.1.3', '1.3.1', '4.1.3', '4.2.1', '1.14.18', '1.12.99']"
Zidovudine,38,38,"['2.4.2', '4.2.3', '2.7.1', '3.1.3', '4.2.2', '3.8.1', '6.3.2', '1.14.15', '1.14.13', '1.13.99', '3.1.5', '1.1.1', '2.6.1', '3.2.1', '3.4.15', '3.4.19', '1.7.3', '5.4.99', '1.1.3', '3.1.6', '1.14.99', '1.2.1', '1.11.1', '3.4.11', '1.14.12', '1.14.14', '3.2.2', '3.1.1', '1.1.99', '5.1.3', '6.2.1', '2.4.1', '4.2.1', '4.1.3', '3.6.1', '1.16.3', '1.17.1', '1.14.18']"
Darifenacin,76,18,"['1.14.3', '3.8.1', '3.5.1', '1.14.13', '1.14.15', '1.1.1', '3.2.1', '3.4.15', '1.14.12', '1.14.14', '2.1.1', '6.2.1', '2.4.1', '4.2.1', '1.3.1', '3.6.1', '1.17.1', '1.14.18']"
Oxycodone,64,39,"['1.22.1', '2.7.1', '3.1.3', '4.1.99', '4.2.2', '1.14.19', '3.8.1', '1.14.3', '1.21.1', '1.14.15', '1.14.13', '1.11.2', '3.1.5', '1.1.1', '3.2.1', '3.3.2', '3.4.15', '3.1.6', '1.3.8', '1.14.99', '1.11.1', '1.3.3', '1.14.14', '3.1.1', '1.14.16', '2.1.1', '1.1.99', '5.1.3', '1.17.99', '6.2.1', '2.4.1', '1.3.1', '4.2.1', '4.1.3', '3.6.1', '1.16.3', '1.3.99', '1.17.1', '1.14.18']"
Flutamide,56,39,"['1.22.1', '1.2.7', '2.7.1', '4.2.2', '1.14.19', '3.8.1', '3.5.1', '1.21.1', '1.14.13', '1.11.2', '1.14.15', '1.1.1', '1.10.3', '3.2.1', '2.6.1', '2.3.2', '3.3.2', '1.7.1', '3.4.19', '3.4.15', '3.4.22', '5.4.99', '1.3.8', '1.14.99', '1.2.99', '1.2.1', '3.4.11', '1.14.12', '1.14.14', '3.1.1', '1.14.16', '1.8.99', '5.1.3', '4.1.3', '6.3.1', '4.2.1', '3.4.21', '1.14.18', '1.12.99']"
Tolmetin,59,39,"['1.22.1', '2.7.1', '3.1.3', '4.2.2', '1.14.19', '3.8.1', '1.14.3', '1.21.1', '6.3.2', '1.14.13', '1.11.2', '3.1.5', '1.1.1', '1.10.3', '3.2.1', '2.6.1', '3.4.15', '3.4.19', '5.2.1', '1.1.3', '3.1.6', '1.14.99', '1.2.1', '1.11.1', '3.4.11', '1.14.12', '1.14.14', '1.13.12', '1.14.16', '3.1.1', '5.1.3', '2.4.1', '1.3.1', '4.1.3', '4.2.1', '3.6.1', '1.16.3', '1.17.1', '1.14.18']"
Cimetidine,13,8,"['1.14.15', '1.14.13', '2.1.1', '1.13.99', '2.6.1', '2.5.1', '1.14.14', '1.8.3']"
Haloperidol,82,38,"['1.22.1', '2.7.1', '3.1.3', '4.2.2', '1.14.19', '3.8.1', '1.14.3', '1.21.1', '1.14.15', '1.14.13', '1.11.2', '3.1.5', '1.1.1', '1.10.3', '3.2.1', '3.4.15', '3.1.6', '1.3.8', '1.14.99', '1.11.1', '1.3.3', '1.14.12', '1.14.14', '3.1.1', '1.14.16', '5.1.3', '1.17.99', '1.3.98', '2.4.1', '1.3.1', '4.1.3', '4.2.1', '3.7.1', '3.6.1', '1.16.3', '1.3.99', '1.17.1', '1.14.18']"
Ritonavir,57,22,"['6.3.4', '3.1.3', '3.4.13', '3.8.1', '3.5.1', '1.14.3', '6.3.2', '1.14.15', '1.14.13', '3.1.5', '1.1.1', '3.2.1', '1.1.3', '3.1.6', '3.4.11', '1.14.14', '6.2.1', '1.3.1', '6.3.1', '4.2.1', '3.6.1', '1.14.18']"
Nitazoxanide,85,36,"['1.22.1', '1.2.7', '2.7.1', '4.2.2', '1.14.19', '3.8.1', '1.14.3', '1.21.1', '1.14.13', '1.11.2', '1.14.15', '1.1.1', '1.10.3', '3.2.1', '1.7.1', '3.4.15', '3.4.19', '1.14.99', '1.2.99', '1.2.1', '3.1.2', '1.14.14', '1.2.3', '3.1.1', '1.14.16', '2.1.1', '1.8.99', '5.1.3', '6.2.1', '2.4.1', '4.1.3', '4.2.1', '3.6.1', '1.17.1', '1.14.18', '1.12.99']"
Dextrothyroxine,72,46,"['1.6.5', '1.22.1', '4.2.3', '2.7.1', '3.1.3', '3.10.1', '4.2.2', '3.4.13', '1.14.19', '1.4.1', '3.8.1', '1.14.3', '1.21.1', '4.3.1', '1.14.13', '1.11.2', '6.3.2', '3.1.5', '1.1.1', '1.10.3', '3.2.1', '3.4.15', '3.4.19', '5.2.1', '3.1.6', '1.2.1', '1.11.1', '3.4.11', '1.14.12', '2.8.2', '1.14.14', '3.1.1', '1.14.16', '4.1.1', '2.1.1', '1.4.3', '5.1.3', '6.2.1', '2.4.1', '1.3.1', '4.1.3', '4.2.1', '3.6.1', '1.16.3', '1.17.1', '1.14.18']"
Vancomycin,199,31,"['3.1.3', '3.4.13', '3.8.1', '3.5.1', '1.14.3', '6.3.2', '1.14.15', '1.14.13', '1.1.1', '3.2.1', '3.4.24', '3.3.2', '3.4.19', '3.4.15', '2.3.1', '5.4.99', '1.1.3', '3.1.6', '1.2.1', '3.4.11', '1.14.14', '3.4.21', '2.1.1', '1.17.99', '6.2.1', '2.4.1', '1.3.1', '4.2.1', '6.3.1', '1.17.1', '1.14.18']"
Aminocaproic acid,61,40,"['4.2.3', '2.7.1', '3.1.3', '3.10.1', '4.2.2', '1.14.19', '6.3.2', '1.14.15', '1.14.13', '3.1.5', '1.1.1', '3.4.24', '3.2.1', '3.4.15', '3.4.19', '1.7.3', '5.2.1', '1.14.11', '3.1.6', '1.3.8', '1.6.99', '1.14.99', '1.2.1', '1.3.3', '3.4.11', '1.11.1', '1.14.14', '3.1.1', '1.4.3', '5.1.3', '1.17.99', '2.4.1', '1.3.1', '4.1.3', '4.2.1', '3.6.1', '1.16.3', '1.3.99', '1.17.1', '1.14.18']"
Dextromethorphan,58,22,"['1.22.1', '1.14.19', '3.8.1', '1.14.3', '1.21.1', '1.14.13', '1.14.15', '1.11.2', '1.10.3', '3.2.1', '3.3.2', '1.14.99', '1.14.14', '1.14.16', '2.1.1', '6.2.1', '2.4.1', '1.3.1', '3.6.1', '1.3.99', '1.17.1', '1.14.18']"
Anisotropine methylbromide,0,0,[]
Albendazole,39,26,"['1.22.1', '2.7.1', '4.2.2', '3.8.1', '1.14.3', '1.21.1', '1.14.13', '1.14.15', '1.11.2', '1.10.3', '3.2.1', '3.4.15', '3.4.19', '3.4.11', '1.14.12', '2.5.1', '1.14.14', '3.1.1', '1.14.16', '1.8.99', '5.1.3', '6.2.1', '4.1.3', '4.2.1', '3.6.1', '1.14.18']"
Trandolapril,154,40,"['1.22.1', '3.4.16', '2.7.1', '3.1.3', '4.2.2', '3.4.13', '1.14.19', '3.8.1', '1.14.3', '1.21.1', '6.3.2', '1.14.13', '1.14.15', '1.11.2', '3.1.5', '1.1.1', '1.10.3', '3.2.1', '3.4.15', '2.3.1', '5.2.1', '3.1.6', '1.14.99', '1.2.1', '1.11.1', '1.14.14', '3.1.1', '3.4.21', '1.5.1', '5.1.3', '6.2.1', '2.4.1', '1.3.1', '4.1.3', '4.2.1', '3.6.1', '1.16.3', '1.3.99', '1.17.1', '1.14.18']"
Alitretinoin,138,27,"['5.5.1', '3.1.3', '4.2.2', '1.14.19', '5.3.3', '1.14.15', '1.14.13', '1.1.1', '3.2.1', '1.14.21', '5.2.1', '1.13.11', '3.1.6', '1.3.8', '1.14.99', '1.2.1', '1.3.3', '1.14.12', '2.5.1', '1.14.14', '1.13.12', '3.1.1', '1.17.99', '1.3.1', '4.2.1', '1.3.99', '1.14.18']"
Metolazone,43,17,"['1.14.13', '1.11.2', '1.14.15', '1.8.99', '3.2.1', '2.7.1', '5.1.3', '1.3.98', '2.6.1', '4.1.3', '4.2.1', '3.4.15', '4.2.2', '1.14.19', '1.14.14', '3.8.1', '1.14.18']"
Cinchocaine,66,29,"['1.22.1', '2.7.1', '4.2.2', '1.14.19', '3.8.1', '3.5.1', '1.14.3', '1.21.1', '1.14.13', '1.14.15', '1.11.2', '1.10.3', '3.2.1', '3.4.15', '1.14.99', '1.14.12', '1.14.14', '3.1.1', '1.14.16', '2.1.1', '5.1.3', '6.2.1', '2.4.1', '1.3.1', '4.1.3', '4.2.1', '3.6.1', '1.3.99', '1.14.18']"
Lercanidipine,57,16,"['3.4.16', '1.14.3', '3.8.1', '1.14.13', '1.14.15', '1.1.1', '3.2.1', '2.3.1', '1.14.99', '1.2.1', '1.14.14', '3.1.1', '2.1.1', '6.2.1', '3.4.21', '1.14.18']"
Erlotinib,51,15,"['1.21.1', '1.14.13', '1.22.1', '2.1.1', '1.11.2', '1.10.3', '3.2.1', '6.2.1', '2.4.1', '1.14.12', '1.14.3', '3.6.1', '1.14.14', '3.8.1', '1.14.18']"
Cyclophosphamide,13,20,"['2.7.1', '4.2.2', '1.14.19', '3.8.1', '6.3.2', '1.14.15', '1.14.13', '3.2.1', '3.4.15', '3.4.19', '3.4.11', '1.14.14', '3.1.1', '5.1.3', '6.2.1', '1.3.1', '4.1.3', '4.2.1', '3.6.1', '1.14.18']"
Mephenytoin,51,23,"['1.22.1', '2.7.1', '4.2.2', '3.8.1', '1.14.3', '1.21.1', '1.14.13', '1.14.15', '1.11.2', '1.1.1', '1.10.3', '3.2.1', '3.4.15', '3.4.19', '1.2.1', '3.4.11', '1.14.14', '3.1.1', '1.14.16', '5.1.3', '4.1.3', '4.2.1', '1.14.18']"
Rofecoxib,70,20,"['3.4.16', '2.7.1', '4.2.2', '1.14.3', '3.8.1', '1.14.13', '1.11.2', '1.1.1', '3.2.1', '2.3.1', '1.14.12', '1.14.14', '3.1.1', '5.1.3', '6.2.1', '4.1.3', '4.2.1', '3.6.1', '3.4.21', '1.14.18']"
Cefdinir,32,35,"['6.3.4', '2.7.1', '3.1.3', '4.2.2', '3.4.13', '1.8.3', '3.5.1', '6.3.2', '1.14.13', '3.1.5', '1.1.1', '3.2.1', '2.3.2', '3.4.19', '1.7.1', '3.4.15', '5.2.1', '3.1.6', '2.8.1', '1.2.1', '1.11.1', '3.4.11', '2.5.1', '1.14.14', '3.1.1', '1.8.99', '5.1.3', '2.4.1', '1.3.1', '6.3.1', '4.1.3', '4.2.1', '3.6.1', '1.16.3', '3.4.21']"
Guanidine,4,4,"['1.14.14', '1.14.13', '2.8.1', '3.5.3']"
Ciprofloxacin,37,29,"['1.22.1', '2.7.1', '3.1.3', '4.2.2', '3.8.1', '1.14.3', '1.21.1', '1.14.15', '1.14.13', '1.11.2', '3.1.5', '1.1.1', '1.10.3', '3.2.1', '3.4.15', '3.1.6', '1.2.1', '1.11.1', '1.14.14', '3.1.1', '1.14.16', '4.1.1', '5.1.3', '2.4.1', '4.1.3', '4.2.1', '3.6.1', '1.16.3', '1.14.18']"
Toremifene,50,13,"['1.14.13', '1.14.15', '2.1.1', '1.11.2', '1.14.99', '3.2.1', '6.2.1', '2.4.1', '1.14.3', '1.14.14', '3.8.1', '1.14.18', '1.14.16']"
Nortriptyline,40,13,"['1.14.13', '1.14.15', '1.4.3', '1.11.2', '1.13.11', '1.14.99', '1.14.12', '1.14.3', '1.17.1', '1.14.14', '3.8.1', '1.14.18', '1.14.16']"
Benazepril,175,36,"['1.22.1', '3.4.16', '2.7.1', '3.1.3', '4.2.2', '3.8.1', '1.14.3', '1.21.1', '6.3.2', '1.14.13', '1.14.15', '1.11.2', '3.1.5', '1.1.1', '1.10.3', '3.2.1', '3.4.15', '2.3.1', '5.2.1', '3.1.6', '1.2.1', '1.11.1', '1.14.12', '1.14.14', '3.1.1', '3.4.21', '1.5.1', '5.1.3', '6.2.1', '2.4.1', '4.1.3', '4.2.1', '3.6.1', '1.16.3', '1.17.1', '1.14.18']"
Amoxapine,64,19,"['1.22.1', '1.14.19', '3.8.1', '1.21.1', '1.14.13', '1.11.2', '1.1.1', '1.10.3', '3.2.1', '1.13.11', '1.14.12', '1.14.14', '1.14.16', '2.1.1', '1.3.98', '2.4.1', '6.2.1', '3.6.1', '1.14.18']"
Fluorouracil,9,14,"['6.3.2', '1.14.13', '3.2.1', '2.7.1', '3.4.11', '5.1.3', '4.1.3', '4.2.1', '1.3.1', '3.4.15', '3.4.19', '4.2.2', '1.17.1', '3.8.1']"
Pyridostigmine,27,31,"['1.6.5', '1.22.1', '2.7.1', '4.2.2', '1.14.19', '3.8.1', '1.14.3', '1.21.1', '6.3.2', '1.14.13', '1.11.2', '3.2.1', '3.4.15', '3.4.19', '1.11.1', '3.4.11', '1.14.12', '3.1.2', '1.14.14', '1.2.3', '3.1.1', '1.14.16', '2.1.1', '5.1.3', '6.2.1', '2.4.1', '4.1.3', '4.2.1', '3.6.1', '1.17.1', '1.14.18']"
Desoximetasone,120,34,"['2.7.1', '3.1.3', '4.2.2', '1.14.19', '5.3.3', '1.14.15', '1.14.13', '3.1.5', '1.1.1', '3.2.1', '5.3.1', '3.4.15', '1.13.11', '1.1.3', '3.1.6', '1.3.8', '1.14.99', '1.2.1', '1.3.3', '1.11.1', '2.5.1', '1.14.14', '3.1.1', '1.1.99', '5.1.3', '1.17.99', '2.4.1', '1.3.1', '4.2.1', '4.1.3', '3.6.1', '1.16.3', '1.3.99', '1.14.18']"
Azelaic acid,57,37,"['4.2.3', '2.7.1', '3.1.3', '4.2.2', '1.14.19', '6.3.2', '1.14.15', '1.14.13', '3.1.5', '1.1.1', '3.2.1', '3.4.15', '3.4.19', '5.2.1', '1.14.11', '3.1.6', '1.3.8', '1.6.99', '1.14.99', '1.2.1', '1.3.3', '3.4.11', '1.11.1', '1.14.12', '1.14.14', '3.1.1', '5.1.3', '1.17.99', '2.4.1', '1.3.1', '4.1.3', '4.2.1', '3.6.1', '1.16.3', '1.3.99', '1.17.1', '1.14.18']"
Zafirlukast,136,18,"['1.14.19', '3.8.1', '1.14.3', '1.14.13', '1.14.15', '2.6.1', '3.2.1', '1.13.11', '1.14.99', '1.14.14', '1.13.12', '2.1.1', '6.2.1', '2.4.1', '1.3.1', '3.6.1', '1.3.99', '1.14.18']"
Propylthiouracil,19,26,"['1.6.5', '1.22.1', '2.7.1', '3.13.1', '4.2.2', '1.14.19', '3.8.1', '1.14.3', '1.21.1', '6.3.2', '1.14.13', '1.14.15', '1.11.2', '3.2.1', '3.4.15', '3.4.19', '1.11.1', '3.4.11', '1.14.14', '3.1.1', '1.14.16', '5.1.3', '4.1.3', '4.2.1', '1.17.1', '1.14.18']"
Acetohydroxamic acid,10,19,"['6.3.4', '2.7.1', '3.5.1', '6.3.2', '1.14.13', '1.1.1', '3.2.1', '3.4.15', '3.4.19', '3.11.1', '3.4.11', '1.14.14', '3.1.1', '5.1.3', '4.1.3', '6.3.1', '4.2.1', '1.17.1', '1.14.18']"
Pentostatin,54,31,"['2.4.2', '4.2.3', '2.7.1', '3.1.3', '1.14.15', '1.14.13', '1.13.99', '3.1.5', '1.1.1', '3.2.1', '3.3.2', '5.4.99', '1.1.3', '3.1.6', '1.2.1', '1.11.1', '2.5.1', '1.14.14', '3.2.2', '1.1.99', '5.1.3', '6.2.1', '2.4.1', '4.2.1', '1.3.1', '4.1.3', '3.6.1', '1.16.3', '1.17.1', '1.14.18', '4.3.3']"
Methoxsalen,52,27,"['1.6.5', '1.22.1', '2.7.1', '4.2.2', '1.14.19', '3.8.1', '1.14.3', '1.21.1', '1.14.13', '1.11.2', '1.10.3', '3.2.1', '3.3.2', '1.14.99', '1.11.1', '1.14.12', '1.14.14', '3.1.1', '1.14.16', '2.1.1', '5.1.3', '6.2.1', '2.4.1', '4.1.3', '4.2.1', '3.6.1', '1.14.18']"
Piroxicam,81,35,"['1.22.1', '2.7.1', '3.1.3', '4.2.2', '3.8.1', '3.5.1', '1.14.3', '1.21.1', '1.14.13', '1.11.2', '3.1.5', '1.1.1', '1.10.3', '3.2.1', '2.3.2', '3.3.2', '3.4.19', '3.4.15', '3.4.22', '3.1.6', '1.11.1', '3.4.11', '1.14.14', '1.2.3', '3.1.1', '1.8.99', '5.1.3', '2.4.1', '4.1.3', '6.3.1', '4.2.1', '3.6.1', '1.16.3', '3.4.21', '1.14.18']"
Lamotrigine,52,18,"['1.21.1', '1.97.1', '1.14.13', '1.22.1', '1.11.2', '1.1.1', '1.8.99', '1.3.98', '1.14.12', '3.5.4', '3.5.99', '1.6.6', '1.7.1', '1.14.19', '1.14.14', '3.8.1', '1.14.18', '1.14.16']"
Perflutren,0,0,[]
Hydroxyzine,72,27,"['1.22.1', '3.1.3', '1.14.19', '3.8.1', '1.14.3', '1.21.1', '1.14.13', '1.14.15', '1.11.2', '3.1.5', '1.1.1', '1.10.3', '3.2.1', '1.1.3', '3.1.6', '1.2.1', '1.11.1', '1.14.12', '1.14.14', '1.14.16', '1.3.98', '6.2.1', '2.4.1', '4.2.1', '3.6.1', '1.16.3', '1.14.18']"
Zanamivir,91,44,"['6.3.4', '5.5.1', '4.2.3', '2.7.1', '3.1.3', '3.10.1', '4.2.2', '3.4.13', '3.5.1', '6.3.2', '1.14.15', '1.14.13', '1.13.99', '3.1.5', '1.1.1', '3.4.24', '3.2.1', '3.3.2', '3.4.15', '3.4.19', '2.3.1', '5.2.1', '1.1.3', '3.1.6', '1.14.99', '1.2.1', '1.11.1', '3.4.11', '1.14.12', '2.5.1', '1.14.14', '3.1.1', '1.5.1', '1.1.99', '5.1.3', '6.2.1', '2.4.1', '4.2.1', '6.3.1', '1.3.1', '4.1.3', '3.6.1', '1.16.3', '1.14.18']"
Bosentan,67,19,"['3.1.3', '1.14.3', '3.8.1', '1.14.13', '1.14.15', '3.1.5', '1.1.1', '3.2.1', '1.1.3', '3.1.6', '1.11.1', '1.14.14', '2.1.1', '6.2.1', '2.4.1', '4.2.1', '3.6.1', '1.16.3', '1.14.18']"
Methotrexate,106,50,"['6.3.4', '1.22.1', '2.7.1', '3.1.3', '3.5.4', '4.2.2', '1.14.19', '6.3.5', '3.8.1', '3.5.1', '1.14.3', '1.21.1', '1.14.13', '1.14.15', '1.11.2', '3.1.5', '1.1.1', '1.10.3', '3.2.1', '1.7.1', '3.4.17', '3.4.15', '3.4.19', '5.2.1', '1.14.11', '3.1.6', '1.3.8', '1.14.99', '1.2.1', '1.3.3', '1.11.1', '1.14.12', '1.6.6', '1.14.14', '1.2.3', '3.1.1', '1.5.1', '5.1.3', '1.17.99', '2.4.1', '1.3.1', '4.1.3', '4.2.1', '3.5.99', '3.6.1', '1.16.3', '1.3.99', '6.3.1', '1.17.1', '1.14.18']"
Carbamazepine,55,13,"['1.21.1', '1.14.13', '1.22.1', '1.11.2', '1.13.11', '1.10.3', '3.2.1', '1.14.12', '3.4.15', '4.2.2', '1.14.14', '3.8.1', '1.14.18']"
Succimer,20,29,"['4.2.3', '2.7.1', '3.1.3', '4.2.2', '3.5.1', '1.8.3', '1.6.4', '6.3.2', '1.14.13', '1.1.1', '3.2.1', '1.8.1', '3.4.15', '3.4.19', '1.7.3', '5.2.1', '1.13.11', '1.8.4', '3.1.6', '1.2.1', '1.11.1', '3.4.11', '3.1.1', '5.1.3', '2.4.1', '1.3.1', '4.1.3', '4.2.1', '1.16.3']"
Cephalexin,82,44,"['6.3.4', '1.22.1', '2.7.1', '3.1.3', '3.10.1', '4.2.2', '3.4.13', '3.8.1', '3.5.1', '1.8.3', '1.14.3', '1.21.1', '6.3.2', '1.14.13', '1.11.2', '1.14.15', '3.1.5', '1.1.1', '1.10.3', '3.4.24', '3.2.1', '2.3.2', '3.4.19', '3.4.15', '5.2.1', '3.1.6', '3.5.2', '1.2.1', '1.11.1', '3.4.11', '1.14.12', '2.5.1', '1.14.14', '3.1.1', '5.1.3', '2.4.1', '4.1.3', '6.3.1', '4.2.1', '3.6.1', '1.16.3', '1.3.1', '3.4.21', '1.14.18']"
Cinnarizine,39,6,"['1.14.13', '1.14.12', '1.14.3', '1.14.14', '3.8.1', '1.14.18']"
Propranolol,94,36,"['1.6.5', '1.22.1', '4.2.3', '2.7.1', '3.1.3', '1.14.19', '3.8.1', '1.14.3', '1.21.1', '1.14.15', '1.14.13', '1.11.2', '3.1.5', '1.1.1', '1.10.3', '3.2.1', '1.13.11', '1.1.3', '3.1.6', '1.11.1', '1.14.12', '2.5.1', '1.14.14', '1.14.16', '2.1.1', '1.5.1', '1.1.99', '5.1.3', '6.2.1', '2.4.1', '4.2.1', '1.3.1', '4.1.3', '3.6.1', '1.16.3', '1.14.18']"
Atropine,77,39,"['1.22.1', '3.4.16', '2.7.1', '3.1.3', '4.2.2', '1.14.19', '3.8.1', '1.14.3', '1.21.1', '6.3.2', '1.14.15', '1.14.13', '1.11.2', '3.1.5', '1.1.1', '1.10.3', '3.2.1', '3.4.15', '2.3.1', '1.1.3', '3.1.6', '1.14.99', '1.2.1', '1.11.1', '1.14.12', '1.14.14', '3.1.1', '1.14.16', '5.1.3', '6.2.1', '2.4.1', '1.3.1', '4.1.3', '4.2.1', '3.6.1', '1.16.3', '1.3.99', '3.4.21', '1.14.18']"
Fenoprofen,125,35,"['1.6.5', '1.22.1', '2.7.1', '3.1.3', '4.2.2', '1.14.19', '3.8.1', '1.14.3', '1.21.1', '1.14.13', '1.11.2', '1.14.15', '3.1.5', '1.1.1', '1.10.3', '3.2.1', '5.2.1', '1.13.11', '3.1.6', '1.2.1', '1.11.1', '1.14.12', '1.14.14', '3.1.1', '1.14.16', '2.1.1', '5.1.3', '6.2.1', '2.4.1', '1.3.1', '4.1.3', '4.2.1', '3.6.1', '1.16.3', '1.14.18']"
Fenfluramine,28,13,"['1.21.1', '1.14.13', '1.22.1', '1.11.2', '1.14.15', '1.5.1', '1.10.3', '1.14.12', '1.14.3', '1.14.14', '3.8.1', '1.14.18', '1.14.16']"
Clonidine,25,13,"['1.21.1', '1.97.1', '1.14.13', '1.22.1', '1.11.2', '1.8.99', '1.3.98', '1.14.12', '1.14.19', '1.14.14', '3.8.1', '1.14.18', '1.14.16']"
Sulfamethizole,25,21,"['1.22.1', '2.7.1', '3.5.4', '3.8.1', '1.21.1', '1.14.13', '1.11.2', '1.1.1', '1.10.3', '3.2.1', '2.6.1', '1.7.1', '3.4.15', '1.14.12', '1.14.14', '1.14.16', '1.8.99', '5.1.3', '4.1.3', '4.2.1', '1.14.18']"
Valaciclovir,37,29,"['3.4.16', '2.7.1', '3.10.1', '3.5.4', '4.2.2', '3.8.1', '6.3.2', '1.14.15', '1.14.13', '1.1.1', '3.2.1', '1.7.1', '3.4.15', '2.3.1', '3.4.19', '1.17.1', '3.4.11', '1.6.6', '1.14.14', '3.1.1', '1.8.99', '5.1.3', '6.2.1', '1.3.1', '4.1.3', '4.2.1', '3.5.99', '3.6.1', '3.4.21']"
Mazindol,64,23,"['1.22.1', '3.1.3', '1.14.19', '1.14.3', '3.8.1', '1.21.1', '1.14.13', '1.11.2', '3.1.5', '1.10.3', '3.2.1', '1.13.11', '3.1.6', '1.11.1', '1.14.12', '1.14.14', '1.14.16', '1.3.98', '2.4.1', '4.2.1', '3.6.1', '1.16.3', '1.14.18']"
Valdecoxib,40,8,"['1.14.13', '1.11.2', '2.6.1', '3.2.1', '4.2.2', '1.14.14', '3.8.1', '1.14.18']"
Lactulose,221,34,"['2.4.2', '5.5.1', '4.2.3', '2.7.1', '3.1.3', '1.14.15', '1.14.13', '1.13.99', '3.1.5', '1.1.1', '3.2.1', '3.3.2', '5.3.1', '2.3.1', '5.4.99', '1.1.3', '3.1.6', '1.2.1', '1.11.1', '1.14.12', '2.5.1', '1.1.5', '1.14.14', '1.1.99', '5.1.3', '5.4.1', '2.4.1', '6.2.1', '1.3.1', '4.2.1', '4.1.3', '3.6.1', '1.16.3', '1.14.18']"
Voriconazole,29,22,"['1.22.1', '3.1.3', '1.14.3', '3.8.1', '1.21.1', '1.14.13', '1.11.2', '1.14.15', '3.1.5', '1.10.3', '3.2.1', '3.1.6', '1.11.1', '1.14.12', '1.14.14', '1.2.3', '1.14.16', '2.4.1', '4.2.1', '3.6.1', '1.16.3', '1.14.18']"
Levocarnitine,47,49,"['6.3.4', '4.2.3', '2.7.1', '3.1.3', '4.2.2', '3.5.1', '6.3.2', '1.14.15', '1.14.13', '1.11.2', '3.1.5', '1.1.1', '3.2.1', '3.4.15', '3.4.19', '1.7.3', '5.2.1', '1.14.11', '1.13.11', '1.1.3', '3.1.6', '1.14.99', '1.5.99', '1.2.1', '1.11.1', '3.4.11', '1.14.12', '2.5.1', '3.1.2', '1.1.5', '1.14.14', '1.2.3', '3.1.1', '4.1.1', '1.5.1', '1.1.99', '6.1.1', '5.1.3', '1.17.99', '2.4.1', '1.3.1', '4.2.1', '6.3.1', '3.6.1', '4.1.3', '1.16.3', '1.17.1', '1.2.98', '1.14.18']"
Enalapril,112,44,"['1.22.1', '3.4.16', '2.7.1', '3.1.3', '4.2.2', '3.4.13', '1.14.19', '3.8.1', '1.14.3', '1.21.1', '6.3.2', '1.14.13', '1.14.15', '1.11.2', '3.1.5', '1.1.1', '1.10.3', '3.2.1', '3.4.15', '3.4.19', '2.3.1', '5.2.1', '1.14.11', '3.1.6', '1.14.99', '1.2.1', '1.11.1', '3.4.11', '1.14.14', '3.1.1', '1.14.16', '3.4.21', '1.5.1', '5.1.3', '6.2.1', '2.4.1', '1.3.1', '4.1.3', '4.2.1', '3.6.1', '1.16.3', '1.3.99', '1.17.1', '1.14.18']"
Nizatidine,14,14,"['1.14.13', '2.1.1', '1.14.99', '3.2.1', '2.7.1', '3.4.11', '5.1.3', '4.1.3', '4.2.1', '3.4.15', '3.4.19', '2.5.1', '1.14.14', '3.1.1']"
Diclofenac,109,38,"['1.97.1', '1.22.1', '2.7.1', '3.1.3', '4.2.2', '1.14.19', '3.8.1', '1.14.3', '1.21.1', '6.3.2', '1.14.13', '1.11.2', '3.1.5', '1.1.1', '1.10.3', '3.2.1', '3.4.15', '3.4.19', '5.2.1', '1.13.11', '3.1.6', '1.2.1', '1.11.1', '1.14.12', '1.14.14', '3.1.1', '1.14.16', '1.8.99', '5.1.3', '1.3.98', '2.4.1', '1.3.1', '4.1.3', '4.2.1', '3.6.1', '1.16.3', '1.17.1', '1.14.18']"
Fluticasone propionate,117,33,"['3.4.16', '3.1.3', '4.2.2', '1.14.19', '3.5.1', '6.3.2', '1.14.15', '1.14.13', '1.1.1', '3.2.1', '2.3.1', '1.1.3', '3.1.6', '1.3.8', '1.14.99', '1.17.1', '1.2.1', '1.3.3', '1.11.1', '3.1.2', '1.14.14', '3.1.1', '1.1.99', '1.17.99', '6.2.1', '2.4.1', '2.8.3', '1.3.1', '4.2.1', '1.16.3', '1.3.99', '3.4.21', '1.14.18']"
Doxazosin,55,22,"['6.3.4', '2.7.1', '3.5.4', '4.2.2', '1.14.3', '3.8.1', '1.14.13', '1.11.2', '1.1.1', '3.2.1', '3.3.2', '3.4.15', '1.14.12', '1.14.14', '2.1.1', '5.1.3', '6.2.1', '2.4.1', '4.1.3', '4.2.1', '3.6.1', '1.14.18']"
Piperazine,2,2,"['1.14.14', '1.14.13']"
Ethosuximide,36,24,"['6.3.4', '2.7.1', '4.2.2', '1.14.19', '3.4.13', '3.5.1', '6.3.2', '1.14.15', '1.14.13', '1.1.1', '3.2.1', '3.4.15', '3.4.19', '3.5.2', '3.4.11', '1.14.14', '3.1.1', '5.1.3', '1.17.99', '4.1.3', '6.3.1', '4.2.1', '1.17.1', '1.14.18']"
Amiloride,22,20,"['2.7.1', '3.10.1', '3.5.4', '4.2.2', '3.5.1', '6.3.2', '1.14.13', '1.1.1', '3.2.1', '1.7.1', '3.4.15', '3.4.19', '2.8.1', '3.4.11', '1.14.14', '1.8.99', '5.1.3', '3.5.3', '4.1.3', '4.2.1']"
Oxytetracycline,127,35,"['1.22.1', '5.3.99', '2.7.1', '3.1.3', '4.2.2', '3.4.13', '3.8.1', '3.5.1', '1.14.3', '1.21.1', '1.14.13', '1.14.15', '1.11.2', '3.1.5', '1.1.1', '3.2.1', '3.4.15', '1.1.3', '3.1.6', '1.14.99', '1.11.1', '1.14.12', '2.8.2', '1.14.14', '1.14.16', '1.1.99', '5.1.3', '2.4.1', '1.3.1', '4.2.1', '4.1.3', '3.7.1', '3.6.1', '1.16.3', '1.14.18']"
Labetalol,95,37,"['1.6.5', '1.22.1', '2.7.1', '3.1.3', '3.10.1', '4.2.2', '3.8.1', '1.14.3', '1.21.1', '1.14.15', '1.14.13', '1.11.2', '3.1.5', '1.1.1', '1.10.3', '3.2.1', '2.3.2', '3.4.15', '3.4.19', '3.1.6', '1.11.1', '1.14.12', '2.8.2', '1.14.14', '3.1.1', '1.14.16', '1.5.1', '5.1.3', '2.4.1', '1.3.1', '6.3.1', '4.1.3', '4.2.1', '3.6.1', '1.16.3', '1.17.1', '1.14.18']"
Linezolid,33,31,"['6.3.4', '1.22.1', '2.7.1', '4.2.2', '3.4.13', '3.8.1', '3.5.1', '1.14.3', '1.21.1', '6.3.2', '1.14.13', '1.11.2', '1.14.15', '1.1.1', '1.10.3', '3.2.1', '3.4.15', '3.4.19', '2.3.1', '1.14.99', '3.4.11', '1.14.14', '3.1.1', '1.14.16', '5.1.3', '6.2.1', '4.1.3', '6.3.1', '4.2.1', '3.6.1', '1.14.18']"
Ivermectin,0,0,[]
Medroxyprogesterone acetate,145,26,"['3.4.16', '4.2.2', '1.14.19', '3.5.1', '5.3.3', '6.3.2', '1.14.15', '1.14.13', '1.1.1', '3.2.1', '2.3.1', '1.1.3', '1.3.8', '1.14.99', '1.17.1', '1.3.3', '1.14.14', '3.1.1', '1.1.99', '1.17.99', '6.2.1', '1.3.1', '4.2.1', '1.3.99', '3.4.21', '1.14.18']"
Cisapride,67,28,"['1.22.1', '2.7.1', '4.2.2', '1.14.19', '3.8.1', '3.5.1', '1.14.3', '1.21.1', '1.14.13', '1.14.15', '1.11.2', '1.1.1', '1.10.3', '3.2.1', '3.3.2', '3.4.15', '1.14.14', '3.1.1', '2.1.1', '5.1.3', '1.3.98', '2.4.1', '6.2.1', '1.3.1', '4.1.3', '4.2.1', '3.6.1', '1.14.18']"
Sulindac,66,24,"['3.1.3', '4.2.2', '1.14.3', '3.8.1', '1.14.13', '1.14.15', '1.11.2', '1.1.1', '3.2.1', '5.2.1', '1.13.11', '3.1.6', '1.14.99', '1.2.1', '1.11.1', '1.14.12', '1.14.14', '3.1.1', '1.17.99', '2.4.1', '4.2.1', '1.16.3', '1.17.1', '1.14.18']"
Chloroquine,37,14,"['1.14.13', '1.14.15', '1.11.2', '1.14.99', '3.2.1', '1.3.98', '1.3.1', '1.14.3', '1.3.99', '1.14.19', '1.14.14', '3.8.1', '1.2.3', '1.14.18']"
Ethionamide,22,15,"['1.21.1', '1.14.13', '1.22.1', '1.11.2', '1.1.1', '1.11.1', '1.3.3', '3.10.1', '1.14.12', '1.17.1', '1.14.14', '3.8.1', '1.2.3', '1.14.18', '1.14.16']"
Bisoprolol,39,32,"['1.22.1', '2.7.1', '3.1.3', '3.8.1', '1.14.3', '1.21.1', '1.14.15', '1.14.13', '1.11.2', '3.1.5', '1.1.1', '1.10.3', '3.2.1', '1.1.3', '3.1.6', '1.11.1', '1.14.12', '2.5.1', '1.14.14', '1.14.16', '2.1.1', '1.5.1', '1.1.99', '5.1.3', '6.2.1', '2.4.1', '4.2.1', '1.3.1', '4.1.3', '3.6.1', '1.16.3', '1.14.18']"
Amodiaquine,64,18,"['1.22.1', '3.1.3', '1.14.19', '1.14.3', '3.8.1', '1.21.1', '1.14.13', '1.11.2', '1.14.15', '1.10.3', '3.2.1', '3.1.6', '2.8.2', '1.14.14', '1.2.3', '1.14.16', '1.3.98', '1.14.18']"
Furazolidone,23,26,"['1.22.1', '1.2.7', '2.7.1', '4.2.2', '1.14.19', '1.21.1', '6.3.2', '1.14.13', '1.11.2', '3.2.1', '1.7.1', '3.4.15', '3.4.19', '1.14.99', '1.2.99', '3.4.11', '1.14.14', '3.1.1', '1.14.16', '5.1.3', '6.2.1', '4.1.3', '4.2.1', '3.6.1', '1.14.18', '1.12.99']"
Rifabutin,151,34,"['6.3.4', '3.4.16', '3.1.3', '1.14.19', '3.4.13', '3.8.1', '3.5.1', '6.3.2', '1.14.15', '1.14.13', '3.1.5', '1.1.1', '2.6.1', '3.2.1', '1.14.21', '2.3.1', '1.1.3', '3.1.6', '1.14.99', '1.2.1', '1.3.3', '3.4.11', '1.14.14', '3.1.1', '2.1.1', '6.2.1', '2.4.1', '1.3.1', '4.2.1', '6.3.1', '3.6.1', '1.3.99', '3.4.21', '1.14.18']"
Demeclocycline,108,40,"['1.22.1', '5.3.99', '2.7.1', '3.1.3', '3.10.1', '4.2.2', '1.14.19', '3.4.13', '3.8.1', '3.5.1', '1.14.3', '1.21.1', '1.14.13', '1.14.15', '1.11.2', '3.1.5', '1.1.1', '3.2.1', '3.4.15', '1.1.3', '3.1.6', '1.14.99', '1.11.1', '1.14.12', '2.8.2', '1.14.14', '1.14.16', '1.1.99', '5.1.3', '1.17.99', '1.3.98', '2.4.1', '1.3.1', '4.2.1', '4.1.3', '3.7.1', '3.6.1', '1.16.3', '1.17.1', '1.14.18']"
Imatinib,43,9,"['1.14.13', '2.6.1', '3.2.1', '1.14.18', '1.14.3', '3.4.15', '1.14.14', '3.8.1', '1.2.3']"
Triamcinolone,136,36,"['5.3.99', '2.7.1', '3.1.3', '4.2.2', '1.14.19', '5.3.3', '1.14.15', '1.14.13', '3.1.5', '1.1.1', '3.2.1', '3.3.2', '5.3.1', '3.4.15', '1.13.11', '1.1.3', '3.1.6', '1.3.8', '1.14.99', '1.2.1', '1.3.3', '1.11.1', '2.5.1', '1.14.14', '3.1.1', '1.1.99', '5.1.3', '1.17.99', '2.4.1', '1.3.1', '4.2.1', '4.1.3', '3.6.1', '1.16.3', '1.3.99', '1.14.18']"
Oxandrolone,86,33,"['3.4.16', '2.7.1', '3.1.3', '4.1.99', '4.2.2', '1.14.19', '6.3.2', '1.14.15', '1.14.13', '3.1.5', '1.1.1', '3.2.1', '3.4.15', '2.3.1', '3.1.6', '1.14.99', '1.17.1', '1.11.1', '1.14.12', '1.14.14', '3.1.1', '5.1.3', '1.17.99', '6.2.1', '2.4.1', '1.3.1', '4.1.3', '4.2.1', '3.6.1', '1.16.3', '1.3.99', '3.4.21', '1.14.18']"
Nicardipine,133,17,"['3.4.16', '1.14.3', '3.8.1', '1.14.13', '1.1.1', '3.2.1', '1.7.1', '3.4.15', '2.3.1', '1.14.99', '1.14.12', '1.14.14', '3.1.1', '6.2.1', '3.6.1', '3.4.21', '1.14.18']"
Fluphenazine,70,20,"['3.1.3', '1.14.3', '3.8.1', '1.14.15', '1.14.13', '3.1.5', '1.1.1', '3.2.1', '1.1.3', '3.1.6', '1.2.1', '1.11.1', '1.14.12', '1.14.14', '2.4.1', '4.2.1', '3.6.1', '1.16.3', '1.14.18', '4.3.3']"
Testosterone,126,33,"['3.1.3', '4.2.2', '1.14.19', '5.3.3', '1.14.15', '1.14.13', '3.1.5', '1.1.1', '3.2.1', '1.7.3', '1.13.11', '1.1.3', '3.1.6', '1.3.8', '1.6.99', '1.14.99', '1.11.1', '1.3.3', '1.14.12', '2.5.1', '1.14.14', '3.1.1', '1.4.3', '1.1.99', '1.17.99', '2.4.1', '1.3.1', '4.2.1', '3.6.1', '1.16.3', '1.3.99', '1.17.1', '1.14.18']"
Efavirenz,48,25,"['1.97.1', '1.22.1', '2.7.1', '4.2.2', '1.14.19', '3.8.1', '1.14.3', '1.21.1', '1.14.13', '1.14.15', '1.11.2', '1.10.3', '3.2.1', '3.4.15', '1.14.12', '1.14.14', '3.1.1', '1.14.16', '5.1.3', '1.3.98', '6.2.1', '4.1.3', '4.2.1', '3.6.1', '1.14.18']"
Bacitracin,139,26,"['3.1.3', '3.4.13', '1.14.19', '3.8.1', '3.5.1', '1.14.3', '6.3.2', '1.14.15', '1.14.13', '1.1.1', '3.4.24', '3.2.1', '3.4.19', '3.4.15', '3.1.6', '1.3.8', '1.14.99', '1.2.1', '1.3.3', '3.4.11', '1.14.14', '1.3.1', '6.3.1', '1.3.99', '3.4.21', '1.14.18']"
Niacin,36,37,"['1.6.5', '1.22.1', '4.2.3', '2.7.1', '3.1.3', '4.2.2', '1.14.19', '3.8.1', '3.5.1', '1.21.1', '6.3.2', '1.14.13', '1.11.2', '3.1.5', '1.1.1', '3.2.1', '3.4.15', '3.4.19', '5.2.1', '3.1.6', '1.2.1', '1.11.1', '3.4.11', '1.14.12', '1.14.14', '1.2.3', '3.1.1', '1.14.16', '4.1.1', '5.1.3', '2.4.1', '4.1.3', '4.2.1', '3.6.1', '1.16.3', '1.17.1', '1.14.18']"
Clorazepic acid,105,39,"['1.97.1', '1.22.1', '2.7.1', '3.1.3', '4.2.2', '1.14.19', '3.8.1', '3.5.1', '1.21.1', '1.14.13', '1.11.2', '3.1.5', '1.1.1', '1.10.3', '3.2.1', '2.3.2', '3.3.2', '3.4.19', '3.4.15', '3.4.22', '1.13.11', '3.1.6', '1.2.1', '1.11.1', '3.4.11', '1.14.12', '1.14.14', '3.1.1', '1.8.99', '5.1.3', '1.3.98', '2.4.1', '4.1.3', '6.3.1', '4.2.1', '3.6.1', '1.16.3', '3.4.21', '1.14.18']"
Guanabenz,23,13,"['1.21.1', '1.97.1', '1.14.13', '1.22.1', '1.11.2', '3.10.1', '1.3.98', '1.14.12', '1.14.19', '1.14.14', '3.8.1', '1.14.18', '1.14.16']"
Alendronic acid,25,28,"['4.2.3', '2.7.1', '3.1.3', '3.10.1', '4.2.2', '6.3.2', '1.14.15', '1.14.13', '3.1.5', '3.2.1', '3.4.15', '3.4.19', '1.7.3', '3.1.6', '1.14.99', '1.11.1', '3.4.11', '1.14.14', '3.1.1', '1.4.3', '5.1.3', '2.4.1', '1.3.1', '4.1.3', '4.2.1', '3.6.1', '1.16.3', '1.3.99']"
Prednisone,147,37,"['2.7.1', '3.1.3', '4.1.99', '4.2.2', '1.14.19', '5.3.3', '1.14.15', '1.14.13', '3.1.5', '1.1.1', '3.2.1', '3.3.2', '5.3.1', '3.4.15', '1.13.11', '1.1.3', '3.1.6', '1.3.8', '1.14.99', '1.2.1', '1.3.3', '1.11.1', '2.5.1', '1.14.14', '3.1.1', '1.1.99', '5.1.3', '1.17.99', '2.4.1', '1.3.1', '4.2.1', '4.1.3', '3.6.1', '1.16.3', '1.3.99', '1.17.1', '1.14.18']"
Clofibrate,47,34,"['1.6.5', '1.22.1', '3.4.16', '2.7.1', '4.2.2', '1.14.19', '3.8.1', '1.14.3', '1.21.1', '6.3.2', '1.14.13', '1.11.2', '1.14.15', '1.1.1', '1.10.3', '3.2.1', '3.4.15', '2.3.1', '1.11.1', '1.14.12', '1.14.14', '3.1.1', '1.14.16', '2.1.1', '5.1.3', '1.3.98', '2.4.1', '6.2.1', '1.3.1', '4.1.3', '4.2.1', '3.6.1', '3.4.21', '1.14.18']"
Astemizole,58,13,"['1.14.13', '1.14.15', '2.1.1', '3.2.1', '6.2.1', '2.4.1', '1.14.12', '1.14.3', '3.6.1', '1.17.1', '1.14.14', '3.8.1', '1.14.18']"
Adenosine,79,36,"['6.3.4', '2.4.2', '4.2.3', '2.7.1', '3.1.3', '3.5.4', '3.8.1', '1.14.15', '1.14.13', '3.1.5', '1.1.1', '3.2.1', '3.3.2', '5.3.1', '1.7.1', '5.4.99', '1.1.3', '3.1.6', '1.2.1', '1.11.1', '2.5.1', '1.14.14', '3.2.2', '1.1.99', '1.8.99', '5.1.3', '6.2.1', '2.4.1', '4.2.1', '1.3.1', '4.1.3', '3.6.1', '1.16.3', '1.17.1', '1.14.18', '4.3.3']"
Simvastatin,142,35,"['3.4.16', '2.7.1', '3.1.3', '4.1.99', '4.2.2', '1.14.19', '5.3.3', '6.3.2', '1.14.15', '1.14.13', '3.1.5', '1.1.1', '3.2.1', '2.3.1', '1.1.3', '3.1.6', '1.14.99', '1.17.1', '1.11.1', '3.1.2', '1.14.14', '1.13.12', '3.1.1', '1.1.99', '5.1.3', '1.17.99', '6.2.1', '2.4.1', '1.3.1', '4.2.1', '4.1.3', '1.16.3', '1.3.99', '3.4.21', '1.14.18']"
Mebendazole,84,22,"['1.22.1', '2.7.1', '4.2.2', '3.8.1', '1.21.1', '1.14.13', '1.11.2', '1.1.1', '1.10.3', '3.2.1', '3.4.15', '1.13.11', '1.14.12', '1.14.14', '1.13.12', '3.1.1', '5.1.3', '6.2.1', '4.1.3', '4.2.1', '3.6.1', '1.14.18']"
Dyclonine,66,31,"['1.22.1', '2.7.1', '4.2.2', '1.14.19', '3.8.1', '1.14.3', '1.21.1', '1.14.13', '1.14.15', '1.11.2', '1.1.1', '1.10.3', '3.2.1', '3.4.15', '1.14.99', '1.14.14', '3.1.1', '1.14.16', '2.1.1', '5.1.3', '1.17.99', '6.2.1', '2.4.1', '1.3.1', '4.1.3', '4.2.1', '3.7.1', '3.6.1', '1.3.99', '1.17.1', '1.14.18']"
Nystatin,329,32,"['3.4.16', '3.1.3', '4.2.2', '1.14.19', '1.14.15', '1.14.13', '1.1.1', '3.2.1', '3.3.2', '2.3.1', '5.2.1', '5.4.99', '1.1.3', '1.13.11', '3.1.6', '1.14.99', '1.17.1', '1.2.1', '1.11.1', '3.1.2', '1.14.14', '3.1.1', '1.1.99', '1.17.99', '6.2.1', '2.4.1', '4.2.1', '1.3.1', '1.16.3', '1.3.99', '3.4.21', '1.14.18']"
Dextropropoxyphene,86,21,"['3.4.16', '3.8.1', '1.14.3', '6.3.2', '1.14.13', '1.14.15', '1.11.2', '1.1.1', '3.2.1', '2.3.1', '1.17.1', '1.3.3', '1.14.12', '1.14.14', '3.1.1', '1.17.99', '6.2.1', '1.3.1', '1.3.99', '3.4.21', '1.14.18']"
Mitotane,71,11,"['1.97.1', '1.14.13', '1.11.2', '1.14.18', '1.3.98', '1.14.12', '1.14.19', '1.14.14', '3.8.1', '1.13.11', '4.5.1']"
Stavudine,35,37,"['2.4.2', '4.2.3', '2.7.1', '3.1.3', '4.2.2', '1.14.19', '3.8.1', '1.14.13', '1.14.15', '1.13.99', '3.1.5', '1.1.1', '2.6.1', '3.2.1', '3.4.15', '3.4.19', '5.4.99', '1.1.3', '3.1.6', '1.14.99', '1.2.1', '1.11.1', '3.4.11', '1.14.12', '1.14.14', '3.2.2', '3.1.1', '5.1.3', '6.2.1', '2.4.1', '1.3.1', '4.2.1', '4.1.3', '3.6.1', '1.16.3', '1.3.99', '1.17.1']"
Leucovorin,128,49,"['6.3.4', '1.22.1', '2.7.1', '3.1.3', '3.5.4', '4.2.2', '1.14.19', '3.8.1', '3.5.1', '1.14.3', '1.21.1', '1.14.13', '1.14.15', '1.11.2', '3.1.5', '1.1.1', '1.10.3', '3.2.1', '3.4.15', '1.7.1', '5.2.1', '1.14.11', '3.1.6', '1.3.8', '1.14.99', '1.2.1', '1.3.3', '1.11.1', '1.14.12', '1.6.6', '1.14.14', '3.1.1', '1.14.16', '1.5.1', '5.1.3', '1.17.99', '2.4.1', '1.3.1', '4.1.3', '4.2.1', '3.5.99', '3.6.1', '2.1.2', '1.3.99', '1.16.3', '6.3.1', '1.17.1', '6.3.3', '1.14.18']"
Dyphylline,43,35,"['4.2.3', '2.7.1', '3.1.3', '4.2.2', '3.8.1', '6.3.2', '1.14.15', '1.14.13', '3.1.5', '1.1.1', '3.2.1', '3.3.2', '3.4.15', '3.4.19', '1.1.3', '3.1.6', '1.2.1', '1.11.1', '3.4.11', '1.14.12', '2.5.1', '1.14.14', '1.13.12', '3.1.1', '1.1.99', '5.1.3', '2.4.1', '4.2.1', '1.3.1', '4.1.3', '3.6.1', '1.17.5', '1.16.3', '1.17.1', '1.14.18']"
Pentazocine,59,20,"['1.22.1', '3.1.3', '3.8.1', '1.14.3', '1.21.1', '1.14.13', '1.14.15', '1.11.2', '1.1.1', '1.10.3', '3.2.1', '3.1.6', '1.14.99', '2.8.2', '1.14.14', '1.14.16', '1.3.1', '4.2.1', '1.17.1', '1.14.18']"
Trazodone,65,12,"['1.14.13', '1.14.15', '1.11.2', '3.2.1', '1.3.98', '1.14.12', '1.14.3', '3.4.15', '1.14.19', '1.14.14', '3.8.1', '1.14.18']"
Mecamylamine,33,9,"['1.14.15', '1.14.13', '1.14.99', '1.3.1', '1.3.99', '1.14.19', '1.14.14', '1.13.12', '1.14.18']"
Sevelamer,17,14,"['1.14.15', '1.14.13', '1.4.3', '1.14.99', '3.2.1', '3.10.1', '1.14.18', '6.2.1', '4.2.1', '3.3.2', '3.6.1', '1.3.99', '1.14.14', '1.13.11']"
Acamprosate,16,22,"['6.3.4', '2.7.1', '3.4.13', '3.5.1', '6.3.2', '1.14.15', '1.14.13', '1.1.1', '3.2.1', '3.4.15', '3.4.19', '2.3.1', '1.14.99', '3.4.11', '1.14.14', '3.1.1', '5.1.3', '1.3.1', '6.3.1', '4.1.3', '4.2.1', '1.14.18']"
Metaxalone,32,31,"['1.6.5', '1.22.1', '2.7.1', '4.2.2', '1.14.19', '3.8.1', '1.14.3', '1.21.1', '6.3.2', '1.14.13', '1.11.2', '2.6.1', '3.2.1', '3.4.15', '3.4.19', '1.1.3', '1.14.99', '1.11.1', '3.4.11', '1.14.12', '1.14.14', '3.1.1', '1.14.16', '2.1.1', '5.1.3', '6.2.1', '2.4.1', '4.1.3', '4.2.1', '3.6.1', '1.14.18']"
Verapamil,59,16,"['1.14.13', '1.14.15', '2.1.1', '1.11.2', '1.14.99', '3.2.1', '6.2.1', '2.4.1', '1.3.1', '1.14.3', '1.3.99', '1.14.19', '1.17.1', '1.14.14', '3.8.1', '1.14.18']"
Trimethobenzamide,48,25,"['1.22.1', '2.7.1', '4.2.2', '3.8.1', '3.5.1', '1.14.3', '1.21.1', '1.14.13', '1.11.2', '1.10.3', '3.2.1', '3.3.2', '3.4.15', '3.4.19', '1.14.14', '3.1.1', '1.14.16', '2.1.1', '5.1.3', '6.2.1', '2.4.1', '4.1.3', '4.2.1', '3.6.1', '1.14.18']"
Flumethasone,113,32,"['2.7.1', '3.1.3', '4.2.2', '1.14.19', '1.14.13', '1.14.15', '3.1.5', '1.1.1', '3.2.1', '3.3.2', '5.3.1', '3.4.15', '1.1.3', '3.1.6', '1.3.8', '1.14.99', '1.2.1', '1.3.3', '1.11.1', '1.14.14', '3.1.1', '1.1.99', '5.1.3', '1.17.99', '2.4.1', '1.3.1', '4.2.1', '4.1.3', '3.6.1', '1.16.3', '1.3.99', '1.14.18']"
Sulfametopyrazine,41,29,"['1.22.1', '2.7.1', '3.5.4', '4.2.2', '3.8.1', '1.14.3', '1.21.1', '1.14.13', '1.11.2', '1.1.1', '1.10.3', '3.2.1', '1.7.1', '3.4.15', '3.4.19', '1.14.12', '1.14.14', '1.2.3', '3.1.1', '1.14.16', '2.1.1', '1.8.99', '5.1.3', '6.2.1', '2.4.1', '4.1.3', '4.2.1', '3.6.1', '1.14.18']"
Nilutamide,44,25,"['1.22.1', '1.2.7', '2.7.1', '4.2.2', '3.8.1', '1.21.1', '1.14.13', '1.11.2', '1.14.15', '1.1.1', '1.10.3', '3.2.1', '1.7.1', '3.4.15', '1.14.99', '1.2.99', '1.2.1', '1.14.12', '1.14.14', '3.1.1', '5.1.3', '4.1.3', '4.2.1', '1.14.18', '1.12.99']"
Epinephrine,83,34,"['1.6.5', '1.97.1', '1.22.1', '4.2.3', '2.7.1', '3.1.3', '1.14.19', '3.8.1', '1.14.3', '1.21.1', '1.14.13', '1.11.2', '3.1.5', '1.1.1', '1.10.3', '3.2.1', '1.13.11', '3.1.6', '1.11.1', '1.14.12', '2.8.2', '1.14.14', '1.14.16', '3.1.1', '1.4.3', '5.1.3', '2.4.1', '1.3.1', '4.1.3', '4.2.1', '3.6.1', '1.16.3', '1.17.1', '1.14.18']"
Sumatriptan,33,21,"['1.22.1', '2.7.1', '3.8.1', '1.14.3', '1.21.1', '1.14.13', '1.11.2', '1.13.99', '1.10.3', '3.2.1', '3.4.15', '3.4.19', '1.13.11', '1.14.14', '3.1.1', '1.14.16', '5.1.3', '4.1.3', '4.2.1', '1.17.1', '1.14.18']"
Pirenzepine,64,19,"['1.22.1', '2.7.1', '4.2.2', '1.14.3', '3.8.1', '1.21.1', '1.14.13', '1.11.2', '1.1.1', '1.10.3', '3.2.1', '3.4.15', '1.14.12', '1.14.14', '1.2.3', '5.1.3', '4.1.3', '4.2.1', '1.14.18']"
Cefixime,43,35,"['6.3.4', '2.7.1', '3.1.3', '4.2.2', '3.4.13', '1.8.3', '3.5.1', '6.3.2', '1.14.13', '3.1.5', '1.1.1', '3.2.1', '2.3.2', '3.4.19', '1.7.1', '3.4.15', '5.2.1', '3.1.6', '1.2.1', '1.11.1', '3.4.11', '1.14.12', '2.5.1', '1.14.14', '3.1.1', '5.1.3', '6.2.1', '2.4.1', '1.3.1', '6.3.1', '4.1.3', '4.2.1', '3.6.1', '1.16.3', '3.4.21']"
Chlorpropamide,28,24,"['1.22.1', '2.7.1', '1.14.19', '3.8.1', '1.21.1', '6.3.2', '1.14.13', '1.14.15', '1.11.2', '1.10.3', '3.2.1', '3.4.15', '3.4.19', '3.4.11', '1.14.12', '1.14.14', '3.1.1', '1.14.16', '5.1.3', '1.3.98', '1.3.1', '4.1.3', '4.2.1', '1.14.18']"
Aprepitant,44,21,"['1.22.1', '2.7.1', '4.2.2', '1.14.3', '3.8.1', '1.21.1', '1.14.13', '1.11.2', '1.14.15', '1.10.3', '3.2.1', '3.4.15', '2.3.1', '1.14.14', '5.1.3', '6.2.1', '2.4.1', '4.1.3', '4.2.1', '3.6.1', '1.14.18']"
Galantamine,57,31,"['1.22.1', '3.1.3', '1.14.19', '3.8.1', '1.14.3', '1.21.1', '1.14.15', '1.14.13', '1.11.2', '3.1.5', '1.1.1', '3.2.1', '3.3.2', '1.1.3', '3.1.6', '1.14.99', '1.11.1', '1.14.12', '1.14.14', '1.14.16', '2.1.1', '1.1.99', '1.17.99', '6.2.1', '2.4.1', '1.3.1', '4.2.1', '3.6.1', '1.16.3', '1.3.99', '1.14.18']"
Tamoxifen,52,13,"['1.14.13', '1.14.15', '2.1.1', '1.11.2', '1.14.99', '3.2.1', '6.2.1', '2.4.1', '1.14.3', '1.14.14', '3.8.1', '1.14.18', '1.14.16']"
Losartan,56,25,"['3.1.3', '1.14.19', '3.8.1', '1.14.3', '1.14.15', '1.14.13', '1.11.2', '3.1.5', '1.1.1', '3.2.1', '1.1.3', '3.1.6', '1.14.99', '1.11.1', '1.14.14', '1.4.3', '1.1.99', '2.4.1', '1.3.1', '4.2.1', '3.6.1', '1.16.3', '1.3.99', '1.17.1', '1.14.18']"
Thioridazine,70,14,"['1.14.13', '1.14.15', '1.14.99', '3.2.1', '1.14.18', '1.14.12', '1.3.1', '1.14.3', '2.5.1', '1.3.99', '1.14.19', '1.14.14', '3.8.1', '1.13.11']"
Moricizine,83,21,"['2.7.1', '4.2.2', '1.14.3', '3.8.1', '1.14.13', '1.14.15', '1.11.2', '1.1.1', '3.2.1', '3.4.15', '1.14.12', '1.14.14', '3.1.1', '5.1.3', '1.17.99', '6.2.1', '4.1.3', '4.2.1', '3.6.1', '1.17.1', '1.14.18']"
Amphotericin B,325,33,"['3.4.16', '3.1.3', '4.1.99', '4.2.2', '1.14.19', '1.14.15', '1.14.13', '1.1.1', '3.2.1', '3.3.2', '2.3.1', '5.2.1', '5.4.99', '1.1.3', '1.13.11', '3.1.6', '1.14.99', '1.2.1', '1.11.1', '3.1.2', '1.14.14', '3.1.1', '3.4.21', '1.1.99', '1.17.99', '6.2.1', '2.4.1', '4.2.1', '1.3.1', '1.16.3', '1.3.99', '1.17.1', '1.14.18']"
Warfarin,150,33,"['1.6.5', '1.22.1', '2.7.1', '3.1.3', '4.2.2', '1.14.19', '3.8.1', '1.14.3', '1.21.1', '1.14.13', '1.14.15', '1.11.2', '1.1.1', '1.10.3', '3.2.1', '1.13.11', '1.1.3', '3.1.6', '1.14.99', '1.11.1', '1.14.12', '2.8.2', '1.14.14', '3.1.1', '1.14.16', '1.1.99', '5.1.3', '1.17.99', '1.3.1', '4.1.3', '4.2.1', '1.17.1', '1.14.18']"
Midazolam,51,10,"['1.14.13', '2.6.1', '1.14.18', '1.3.98', '1.14.12', '1.14.19', '1.14.14', '3.8.1', '1.2.3', '1.13.11']"
Tobramycin,138,30,"['2.4.2', '4.2.3', '2.7.1', '3.1.3', '3.10.1', '1.14.15', '1.14.13', '3.1.5', '1.1.1', '3.2.1', '3.3.2', '2.3.1', '5.4.99', '1.1.3', '3.1.6', '1.2.1', '1.11.1', '2.5.1', '1.14.14', '1.4.3', '1.1.99', '5.1.3', '6.2.1', '2.4.1', '4.2.1', '1.3.1', '4.1.3', '3.6.1', '1.16.3', '1.14.18']"
Trovafloxacin,52,29,"['1.22.1', '2.7.1', '3.1.3', '3.10.1', '4.2.2', '3.8.1', '1.14.3', '1.21.1', '1.14.13', '1.11.2', '3.1.5', '1.1.1', '1.10.3', '3.2.1', '3.4.15', '3.1.6', '1.2.1', '1.11.1', '1.14.12', '1.14.14', '1.2.3', '4.1.1', '5.1.3', '2.4.1', '4.1.3', '4.2.1', '3.6.1', '1.16.3', '1.14.18']"
Pentosan polysulfate,72,31,"['4.2.3', '2.7.1', '3.1.3', '4.2.2', '1.14.15', '1.14.13', '3.1.5', '1.1.1', '3.2.1', '3.4.15', '1.7.3', '2.3.1', '5.4.99', '1.1.3', '3.1.6', '1.11.1', '1.14.12', '2.5.1', '1.1.5', '1.14.14', '3.1.1', '1.1.99', '5.1.3', '6.2.1', '2.4.1', '4.2.1', '1.3.1', '4.1.3', '3.6.1', '1.16.3', '1.14.18']"
Fludrocortisone,155,37,"['2.7.1', '3.1.3', '4.1.99', '4.2.2', '1.14.19', '5.3.3', '1.14.15', '1.14.13', '3.1.5', '1.1.1', '3.2.1', '3.3.2', '5.3.1', '3.4.15', '1.13.11', '1.1.3', '3.1.6', '1.3.8', '1.14.99', '1.2.1', '1.3.3', '1.11.1', '2.5.1', '1.14.14', '3.1.1', '1.1.99', '5.1.3', '1.17.99', '2.4.1', '1.3.1', '4.2.1', '4.1.3', '3.6.1', '1.16.3', '1.3.99', '1.17.1', '1.14.18']"
Mycophenolate mofetil,88,40,"['1.6.5', '5.5.1', '3.4.16', '2.7.1', '3.1.3', '4.2.2', '1.14.19', '3.8.1', '5.3.3', '6.3.2', '1.14.13', '1.14.15', '1.11.2', '1.1.1', '2.6.1', '3.2.1', '3.4.15', '2.3.1', '1.13.11', '3.1.6', '1.3.8', '1.14.99', '1.3.3', '2.8.2', '1.14.14', '3.1.1', '1.14.16', '3.4.21', '2.1.1', '5.1.3', '1.17.99', '6.2.1', '2.4.1', '1.3.1', '4.1.3', '4.2.1', '3.6.1', '1.3.99', '1.17.1', '1.14.18']"
Flurazepam,64,14,"['1.14.13', '1.11.2', '1.14.15', '1.1.1', '1.2.1', '3.2.1', '1.3.98', '1.14.12', '1.14.3', '3.4.15', '1.14.19', '1.14.14', '3.8.1', '1.14.18']"
Moexipril,121,36,"['1.22.1', '3.4.16', '2.7.1', '3.1.3', '4.2.2', '3.4.13', '3.8.1', '1.14.3', '1.21.1', '6.3.2', '1.14.13', '1.14.15', '1.11.2', '3.1.5', '1.1.1', '1.10.3', '3.2.1', '3.4.15', '2.3.1', '5.2.1', '3.1.6', '1.2.1', '1.11.1', '1.14.14', '3.1.1', '3.4.21', '2.1.1', '5.1.3', '6.2.1', '2.4.1', '4.1.3', '4.2.1', '3.6.1', '1.16.3', '1.17.1', '1.14.18']"
Furosemide,41,34,"['1.97.1', '1.22.1', '2.7.1', '3.1.3', '4.2.2', '1.14.19', '3.8.1', '1.21.1', '1.14.13', '1.11.2', '3.1.5', '1.1.1', '1.10.3', '3.2.1', '3.4.15', '3.4.19', '3.1.6', '1.14.99', '1.2.1', '1.11.1', '1.14.12', '1.14.14', '3.1.1', '1.14.16', '4.1.1', '1.8.99', '5.1.3', '1.3.98', '2.4.1', '4.1.3', '4.2.1', '3.6.1', '1.16.3', '1.14.18']"
Ergotamine,121,37,"['6.3.4', '2.7.1', '3.1.3', '4.2.2', '3.4.13', '1.14.19', '3.8.1', '3.5.1', '1.14.3', '6.3.2', '1.14.13', '1.14.15', '3.1.5', '3.2.1', '2.3.2', '3.4.19', '3.4.15', '1.13.11', '3.1.6', '1.14.99', '1.11.1', '1.3.3', '3.4.11', '1.14.14', '3.4.21', '5.1.3', '6.2.1', '2.4.1', '1.3.1', '4.1.3', '4.2.1', '3.6.1', '6.3.1', '1.16.3', '1.3.99', '1.17.1', '1.14.18']"
Tizanidine,24,13,"['1.21.1', '1.97.1', '1.14.13', '1.22.1', '1.11.2', '1.8.99', '1.3.98', '1.14.12', '1.14.19', '1.14.14', '3.8.1', '1.14.18', '1.14.16']"
Nitrofurantoin,27,30,"['6.3.4', '1.22.1', '1.2.7', '2.7.1', '4.2.2', '3.4.13', '1.14.19', '3.5.1', '1.21.1', '6.3.2', '1.14.13', '1.11.2', '1.1.1', '3.2.1', '1.7.1', '3.4.15', '3.4.19', '1.14.99', '3.5.2', '1.2.99', '3.4.11', '1.14.14', '3.1.1', '1.14.16', '5.1.3', '4.1.3', '6.3.1', '4.2.1', '1.14.18', '1.12.99']"
Nicergoline,53,20,"['1.97.1', '4.2.2', '1.14.3', '3.8.1', '1.14.13', '1.14.15', '1.11.2', '1.13.99', '1.1.1', '3.2.1', '1.13.11', '1.14.12', '1.14.14', '1.2.3', '3.1.1', '6.2.1', '1.3.1', '3.6.1', '1.17.1', '1.14.18']"
Eplerenone,158,28,"['3.4.16', '4.2.2', '1.14.19', '5.3.3', '1.14.15', '1.14.13', '1.1.1', '3.2.1', '1.14.21', '3.3.2', '2.3.1', '1.13.11', '1.1.3', '1.3.8', '1.14.99', '1.17.1', '1.3.3', '2.5.1', '1.14.14', '3.1.1', '1.1.99', '1.17.99', '6.2.1', '1.3.1', '4.2.1', '1.3.99', '3.4.21', '1.14.18']"
Amprenavir,92,29,"['2.7.1', '3.1.3', '4.2.2', '1.14.19', '3.8.1', '1.14.3', '1.14.15', '1.14.13', '1.11.2', '3.1.5', '1.1.1', '3.2.1', '3.4.15', '1.1.3', '3.1.6', '1.11.1', '1.14.14', '3.1.1', '1.1.99', '5.1.3', '6.2.1', '2.4.1', '1.3.1', '4.1.3', '4.2.1', '3.6.1', '1.16.3', '1.17.1', '1.14.18']"
Methazolamide,5,14,"['6.3.2', '1.14.13', '1.1.1', '3.2.1', '2.7.1', '3.4.11', '5.1.3', '4.1.3', '4.2.1', '3.4.15', '3.4.19', '1.17.1', '1.14.14', '1.14.18']"
Naltrexone,74,40,"['1.22.1', '2.7.1', '3.1.3', '4.1.99', '4.2.2', '1.14.19', '3.8.1', '1.14.3', '1.21.1', '1.14.15', '1.14.13', '1.11.2', '3.1.5', '1.1.1', '3.2.1', '3.4.15', '3.1.6', '1.3.8', '1.14.99', '1.11.1', '1.3.3', '1.14.12', '2.8.2', '1.14.14', '3.1.1', '1.14.16', '2.1.1', '1.1.99', '5.1.3', '1.17.99', '6.2.1', '2.4.1', '1.3.1', '4.2.1', '4.1.3', '3.6.1', '1.16.3', '1.3.99', '1.17.1', '1.14.18']"
Delavirdine,47,9,"['1.14.15', '1.14.13', '3.2.1', '1.14.18', '1.14.3', '3.4.15', '1.14.14', '3.8.1', '1.2.3']"
Tamsulosin,75,25,"['1.22.1', '2.7.1', '4.2.2', '3.8.1', '1.14.3', '1.21.1', '1.14.13', '1.11.2', '1.14.15', '1.10.3', '3.2.1', '3.3.2', '3.4.15', '1.14.14', '3.1.1', '1.14.16', '2.1.1', '5.1.3', '6.2.1', '2.4.1', '4.1.3', '4.2.1', '3.6.1', '1.17.1', '1.14.18']"
Sufentanil,52,18,"['1.14.3', '3.8.1', '1.14.13', '1.14.15', '1.1.1', '3.2.1', '3.4.15', '1.3.3', '1.14.12', '1.14.14', '3.1.1', '1.17.99', '6.2.1', '1.3.1', '3.6.1', '1.3.99', '1.17.1', '1.14.18']"
Lamivudine,37,47,"['1.6.5', '6.3.4', '1.22.1', '2.4.2', '4.2.3', '2.7.1', '3.1.3', '3.13.1', '3.5.4', '4.2.2', '1.14.19', '3.8.1', '1.8.3', '1.14.3', '1.21.1', '6.3.2', '1.14.13', '1.14.15', '1.11.2', '3.3.1', '3.1.5', '1.1.1', '3.2.1', '1.7.1', '3.4.15', '3.4.19', '1.1.3', '3.1.6', '1.2.1', '1.11.1', '3.4.11', '2.5.1', '1.14.14', '1.14.16', '3.2.2', '3.1.1', '1.1.99', '1.8.99', '5.1.3', '6.2.1', '2.4.1', '4.1.3', '4.2.1', '3.6.1', '1.16.3', '1.17.1', '1.14.18']"
Ibandronate,56,30,"['4.2.3', '2.7.1', '3.1.3', '4.2.2', '1.14.19', '6.3.2', '1.14.15', '1.14.13', '3.1.5', '1.1.1', '3.2.1', '3.4.15', '3.4.19', '1.7.3', '3.1.6', '1.14.99', '1.11.1', '3.4.11', '1.14.12', '1.14.14', '3.1.1', '5.1.3', '2.4.1', '1.3.1', '4.1.3', '4.2.1', '3.6.1', '1.16.3', '1.3.99', '1.14.18']"
Diethylcarbamazine,9,13,"['1.14.13', '1.14.15', '3.2.1', '2.7.1', '3.4.11', '5.1.3', '4.1.3', '4.2.1', '3.4.15', '3.4.19', '4.2.2', '1.14.14', '3.1.1']"
Flurbiprofen,104,30,"['1.6.5', '1.22.1', '2.7.1', '3.1.3', '4.2.2', '1.14.19', '3.8.1', '1.14.3', '1.21.1', '1.14.13', '1.11.2', '1.14.15', '1.1.1', '1.10.3', '3.2.1', '2.6.1', '5.2.1', '1.13.11', '3.1.6', '1.2.1', '1.11.1', '1.14.12', '1.14.14', '3.1.1', '5.1.3', '2.4.1', '4.1.3', '4.2.1', '1.16.3', '1.14.18']"
Paroxetine,59,16,"['1.21.1', '1.14.13', '1.14.15', '2.1.1', '1.22.1', '1.11.2', '1.10.3', '3.2.1', '6.2.1', '2.4.1', '1.14.3', '3.6.1', '1.14.14', '3.8.1', '1.14.18', '1.14.16']"
Nedocromil,64,32,"['1.22.1', '2.7.1', '3.1.3', '4.2.2', '3.8.1', '1.14.3', '1.21.1', '1.14.15', '1.14.13', '1.11.2', '1.13.99', '3.1.5', '1.1.1', '1.10.3', '3.2.1', '3.4.15', '5.2.1', '3.1.6', '1.14.99', '1.2.1', '1.11.1', '1.14.14', '3.1.1', '1.14.16', '5.1.3', '2.4.1', '4.1.3', '4.2.1', '3.6.1', '1.16.3', '1.17.1', '1.14.18']"
Norethisterone,116,30,"['3.1.3', '4.1.99', '4.2.2', '1.14.19', '5.3.3', '1.14.15', '1.14.13', '3.1.5', '1.1.1', '3.2.1', '1.13.11', '1.1.3', '3.1.6', '1.3.8', '1.14.99', '1.11.1', '1.3.3', '1.14.12', '2.5.1', '1.14.14', '3.1.1', '1.1.99', '1.17.99', '2.4.1', '1.3.1', '4.2.1', '1.16.3', '1.3.99', '1.17.1', '1.14.18']"
Adefovir dipivoxil,30,22,"['6.3.4', '3.4.16', '2.7.1', '3.5.4', '4.2.2', '3.8.1', '6.3.2', '1.14.13', '1.14.15', '1.1.1', '3.2.1', '3.4.15', '2.3.1', '1.14.14', '1.13.12', '3.1.1', '5.1.3', '6.2.1', '4.1.3', '4.2.1', '3.6.1', '3.4.21']"
Azatadine,55,13,"['1.14.13', '1.14.15', '1.13.99', '1.14.99', '1.3.3', '1.14.18', '1.14.12', '1.14.3', '1.17.1', '1.14.14', '3.8.1', '1.2.3', '1.13.11']"
Clodronic acid,4,6,"['5.1.3', '3.2.1', '4.2.1', '3.4.19', '4.2.2', '3.6.1']"
Lisinopril,158,43,"['1.22.1', '2.7.1', '3.1.3', '3.10.1', '4.2.2', '3.4.13', '1.14.19', '3.8.1', '1.14.3', '1.21.1', '6.3.2', '1.14.13', '1.14.15', '1.11.2', '3.1.5', '1.1.1', '1.10.3', '3.4.24', '3.2.1', '3.4.15', '3.4.19', '5.2.1', '1.14.11', '3.1.6', '1.14.99', '1.2.1', '1.11.1', '3.4.11', '1.14.14', '3.1.1', '1.14.16', '1.4.3', '1.5.1', '5.1.3', '2.4.1', '1.3.1', '4.1.3', '4.2.1', '3.6.1', '1.16.3', '1.3.99', '1.17.1', '1.14.18']"
Homatropine methylbromide,0,0,[]
Trimipramine,39,11,"['1.14.13', '1.14.15', '3.2.1', '1.14.18', '1.14.12', '1.3.1', '1.14.3', '1.17.1', '1.14.14', '3.8.1', '1.13.11']"
Nitroglycerin,9,15,"['6.3.2', '1.14.99', '3.2.1', '2.7.1', '5.1.3', '6.2.1', '4.2.1', '4.1.3', '3.4.15', '3.4.19', '1.7.3', '4.2.2', '3.6.1', '1.14.14', '3.1.1']"
Thiabendazole,47,11,"['1.21.1', '1.14.13', '1.22.1', '1.14.99', '1.11.2', '1.13.11', '1.10.3', '1.14.12', '1.14.14', '3.8.1', '1.14.18']"
Nateglinide,91,45,"['6.3.4', '1.22.1', '3.4.16', '2.7.1', '3.1.3', '4.2.2', '3.4.13', '1.14.19', '3.8.1', '3.5.1', '1.14.3', '1.21.1', '6.3.2', '1.14.13', '1.14.15', '1.11.2', '5.1.1', '3.1.5', '1.1.1', '1.10.3', '3.2.1', '3.4.15', '3.4.19', '5.2.1', '3.1.6', '1.14.99', '1.2.1', '1.11.1', '3.4.11', '1.14.12', '1.14.14', '3.1.1', '1.14.16', '1.5.1', '5.1.3', '2.4.1', '1.3.1', '6.3.1', '4.1.3', '4.2.1', '3.6.1', '1.16.3', '1.3.99', '1.17.1', '1.14.18']"
Atracurium besylate,0,0,[]
Pralidoxime,29,19,"['1.6.5', '1.22.1', '2.7.1', '1.14.19', '1.21.1', '1.14.13', '1.11.2', '3.2.1', '2.8.1', '1.11.1', '1.14.12', '1.14.14', '1.2.3', '1.14.16', '5.1.3', '4.1.3', '4.2.1', '1.17.1', '1.14.18']"
Risperidone,49,15,"['1.14.13', '1.14.15', '1.11.2', '1.14.99', '1.13.99', '2.6.1', '3.2.1', '1.3.1', '1.14.3', '1.3.99', '1.14.19', '1.17.1', '1.14.14', '3.8.1', '1.14.18']"
Esomeprazole,48,26,"['1.22.1', '2.7.1', '4.2.2', '3.8.1', '1.14.3', '1.21.1', '1.14.13', '1.11.2', '1.13.99', '1.10.3', '3.2.1', '2.6.1', '3.3.2', '3.4.15', '1.1.3', '1.14.99', '1.14.14', '1.2.3', '2.1.1', '5.1.3', '6.2.1', '2.4.1', '4.1.3', '4.2.1', '3.6.1', '1.14.18']"
Meclizine,53,9,"['1.14.13', '2.6.1', '1.3.98', '1.14.12', '1.14.3', '1.14.19', '1.14.14', '3.8.1', '1.14.18']"
Riluzole,36,21,"['1.6.5', '1.22.1', '1.14.19', '3.8.1', '1.21.1', '1.14.13', '1.11.2', '1.1.1', '1.10.3', '3.2.1', '1.7.1', '1.11.1', '1.14.12', '1.14.14', '1.14.16', '2.1.1', '1.8.99', '6.2.1', '2.4.1', '3.6.1', '1.14.18']"
Hydrocortisone,160,37,"['2.7.1', '3.1.3', '4.1.99', '4.2.2', '1.14.19', '5.3.3', '1.14.15', '1.14.13', '3.1.5', '1.1.1', '3.2.1', '3.3.2', '5.3.1', '3.4.15', '1.13.11', '1.1.3', '3.1.6', '1.3.8', '1.14.99', '1.2.1', '1.3.3', '1.11.1', '2.5.1', '1.14.14', '3.1.1', '1.1.99', '5.1.3', '1.17.99', '2.4.1', '1.3.1', '4.2.1', '4.1.3', '3.6.1', '1.16.3', '1.3.99', '1.17.1', '1.14.18']"
Zileuton,62,25,"['1.22.1', '2.7.1', '3.10.1', '4.2.2', '3.8.1', '1.21.1', '1.14.13', '1.11.2', '1.14.15', '1.10.3', '3.2.1', '2.3.2', '3.4.15', '3.4.19', '1.13.11', '3.4.11', '1.14.12', '1.14.14', '3.1.1', '1.14.16', '5.1.3', '4.1.3', '6.3.1', '4.2.1', '1.14.18']"
Modafinil,58,31,"['6.3.4', '1.22.1', '2.4.2', '2.7.1', '4.2.2', '6.3.5', '1.4.1', '3.5.1', '3.8.1', '4.3.1', '1.21.1', '1.14.13', '1.11.2', '1.1.1', '1.10.3', '3.2.1', '2.3.2', '3.4.15', '3.4.19', '1.13.11', '1.14.12', '1.14.14', '3.1.1', '1.14.16', '1.4.7', '5.1.3', '4.2.1', '6.3.1', '4.1.3', '1.14.18', '4.3.3']"
Scopolamine,72,37,"['1.22.1', '3.4.16', '2.7.1', '3.1.3', '4.2.2', '3.8.1', '1.14.3', '1.21.1', '6.3.2', '1.14.13', '1.14.15', '1.11.2', '3.1.5', '1.1.1', '1.10.3', '3.2.1', '3.3.2', '3.4.15', '2.3.1', '1.1.3', '3.1.6', '1.2.1', '1.11.1', '1.14.12', '1.14.14', '3.1.1', '1.14.16', '5.1.3', '6.2.1', '2.4.1', '1.3.1', '4.1.3', '4.2.1', '3.6.1', '1.16.3', '3.4.21', '1.14.18']"
Carbinoxamine,43,18,"['1.22.1', '1.14.19', '1.14.3', '3.8.1', '1.21.1', '1.14.13', '1.11.2', '1.10.3', '3.2.1', '1.3.3', '1.14.12', '1.14.14', '1.2.3', '1.14.16', '1.3.98', '6.2.1', '3.6.1', '1.14.18']"
Etodolac,58,36,"['1.22.1', '2.7.1', '3.1.3', '4.2.2', '3.8.1', '1.14.3', '1.21.1', '1.14.13', '1.14.15', '1.11.2', '1.13.99', '3.1.5', '1.1.1', '3.2.1', '3.4.15', '3.4.19', '5.2.1', '3.1.6', '1.2.1', '1.11.1', '3.4.11', '1.14.12', '1.14.14', '3.1.1', '1.14.16', '5.1.3', '1.17.99', '6.2.1', '2.4.1', '1.3.1', '4.1.3', '4.2.1', '3.6.1', '1.16.3', '1.17.1', '1.14.18']"
Prilocaine,56,33,"['1.22.1', '2.7.1', '4.2.2', '3.8.1', '3.5.1', '1.14.3', '1.21.1', '1.14.13', '1.14.15', '1.11.2', '1.1.1', '1.10.3', '3.2.1', '2.6.1', '2.3.2', '3.3.2', '3.4.19', '3.4.15', '3.4.22', '3.4.11', '1.14.12', '1.14.14', '3.1.1', '1.14.16', '1.5.1', '1.8.99', '5.1.3', '1.3.1', '6.3.1', '4.1.3', '4.2.1', '3.4.21', '1.14.18']"
Epinastine,72,8,"['1.14.13', '1.11.2', '3.8.1', '1.14.18', '1.14.12', '1.14.14', '1.13.12', '1.13.11']"
Tranylcypromine,43,11,"['1.21.1', '1.14.13', '1.22.1', '1.11.2', '1.13.11', '1.10.3', '3.10.1', '1.14.12', '1.14.14', '1.14.18', '1.14.16']"
Ethotoin,47,22,"['1.22.1', '2.7.1', '4.2.2', '3.8.1', '1.21.1', '1.14.13', '1.11.2', '1.14.15', '1.1.1', '1.10.3', '3.2.1', '3.4.15', '3.4.19', '3.4.11', '1.14.12', '1.14.14', '3.1.1', '1.14.16', '5.1.3', '4.1.3', '4.2.1', '1.14.18']"
Tretinoin,138,27,"['5.5.1', '3.1.3', '4.2.2', '1.14.19', '5.3.3', '1.14.15', '1.14.13', '1.1.1', '3.2.1', '1.14.21', '5.2.1', '1.13.11', '3.1.6', '1.3.8', '1.14.99', '1.2.1', '1.3.3', '1.14.12', '2.5.1', '1.14.14', '1.13.12', '3.1.1', '1.17.99', '1.3.1', '4.2.1', '1.3.99', '1.14.18']"
Dolasetron,84,27,"['1.22.1', '2.7.1', '4.2.2', '3.8.1', '1.14.3', '1.21.1', '1.14.13', '1.14.15', '1.11.2', '1.1.1', '1.10.3', '3.2.1', '3.4.15', '1.13.11', '1.14.99', '1.14.12', '1.14.14', '3.1.1', '1.14.16', '1.1.99', '5.1.3', '6.2.1', '1.3.1', '4.1.3', '4.2.1', '3.6.1', '1.14.18']"
Clopidogrel,59,32,"['1.22.1', '3.4.16', '2.7.1', '4.2.2', '1.14.19', '3.8.1', '3.5.1', '1.14.3', '1.21.1', '6.3.2', '1.14.13', '1.11.2', '1.1.1', '1.10.3', '3.2.1', '3.4.15', '3.4.19', '2.3.1', '1.13.11', '1.17.1', '3.4.11', '1.14.12', '1.14.14', '3.1.1', '5.1.3', '1.3.98', '6.2.1', '4.1.3', '4.2.1', '3.6.1', '3.4.21', '1.14.18']"
Tetracycline,120,37,"['1.22.1', '5.3.99', '2.7.1', '3.1.3', '3.10.1', '4.2.2', '3.4.13', '3.8.1', '3.5.1', '1.14.3', '1.21.1', '1.14.13', '1.14.15', '1.11.2', '3.1.5', '1.1.1', '3.2.1', '3.4.15', '1.1.3', '3.1.6', '1.14.99', '1.11.1', '1.14.12', '2.8.2', '1.14.14', '1.14.16', '1.1.99', '5.1.3', '1.17.99', '2.4.1', '1.3.1', '4.2.1', '4.1.3', '3.7.1', '3.6.1', '1.16.3', '1.14.18']"
Methimazole,8,4,"['1.17.1', '1.14.13', '3.8.1', '3.13.1']"
Metyrosine,62,41,"['1.6.5', '1.22.1', '4.2.3', '2.7.1', '3.1.3', '3.10.1', '4.2.2', '3.4.13', '1.14.19', '3.8.1', '1.14.3', '1.21.1', '6.3.2', '1.14.13', '1.11.2', '1.14.15', '3.1.5', '1.1.1', '1.10.3', '3.2.1', '3.4.15', '3.4.19', '5.2.1', '3.1.6', '1.2.1', '1.11.1', '3.4.11', '1.14.12', '2.8.2', '1.14.14', '3.1.1', '1.14.16', '5.1.3', '2.4.1', '1.3.1', '4.1.3', '4.2.1', '3.6.1', '1.16.3', '1.17.1', '1.14.18']"
Clavulanic acid,51,35,"['4.2.3', '2.7.1', '3.1.3', '4.2.2', '3.4.13', '6.3.2', '1.14.15', '1.14.13', '3.1.5', '1.1.1', '3.2.1', '3.4.15', '3.4.19', '1.7.3', '5.2.1', '1.1.3', '3.1.6', '1.2.1', '1.11.1', '3.4.11', '1.14.12', '1.14.14', '3.1.1', '1.1.99', '5.1.3', '1.17.99', '6.2.1', '2.4.1', '1.3.1', '4.1.3', '4.2.1', '3.6.1', '1.16.3', '1.17.1', '1.14.18']"
Olopatadine,88,34,"['1.22.1', '2.7.1', '3.1.3', '4.2.2', '3.8.1', '1.14.3', '1.21.1', '1.14.15', '1.14.13', '1.11.2', '3.1.5', '1.1.1', '1.10.3', '3.2.1', '3.4.15', '5.2.1', '3.1.6', '1.14.99', '1.2.1', '1.11.1', '1.14.12', '1.14.14', '3.1.1', '1.14.16', '2.1.1', '5.1.3', '6.2.1', '2.4.1', '4.1.3', '4.2.1', '3.6.1', '1.16.3', '1.17.1', '1.14.18']"
Clidinium,68,34,"['1.22.1', '3.4.16', '2.7.1', '3.1.3', '4.2.2', '3.8.1', '1.14.3', '1.21.1', '6.3.2', '1.14.15', '1.14.13', '1.11.2', '3.1.5', '1.1.1', '1.10.3', '3.2.1', '3.4.15', '2.3.1', '3.1.6', '1.11.1', '1.14.12', '1.14.14', '3.1.1', '1.14.16', '5.1.3', '6.2.1', '2.4.1', '1.3.1', '4.1.3', '4.2.1', '3.6.1', '1.16.3', '3.4.21', '1.14.18']"
Etoposide,111,34,"['3.4.16', '2.7.1', '3.1.3', '4.2.2', '1.14.19', '3.8.1', '1.14.3', '1.14.13', '1.14.15', '1.11.2', '3.1.5', '1.1.1', '3.2.1', '1.14.21', '3.3.2', '2.3.1', '1.1.3', '3.1.6', '1.11.1', '2.8.2', '1.14.14', '3.1.1', '2.1.1', '1.1.99', '5.1.3', '6.2.1', '2.4.1', '4.2.1', '1.3.1', '4.1.3', '3.6.1', '1.16.3', '3.4.21', '1.14.18']"
Hydroflumethiazide,16,21,"['1.22.1', '2.7.1', '4.2.2', '1.14.19', '3.8.1', '1.21.1', '1.14.13', '1.11.2', '1.10.3', '3.2.1', '3.4.15', '3.4.19', '3.4.11', '1.14.14', '3.1.1', '1.14.16', '1.8.99', '5.1.3', '4.1.3', '4.2.1', '1.14.18']"
Oxcarbazepine,129,23,"['1.22.1', '2.7.1', '4.2.2', '3.8.1', '1.21.1', '1.14.13', '1.11.2', '1.1.1', '1.10.3', '3.2.1', '3.4.15', '1.13.11', '1.2.1', '1.14.12', '1.14.14', '1.14.16', '5.1.3', '1.3.1', '4.1.3', '4.2.1', '3.7.1', '1.17.1', '1.14.18']"
Roxithromycin,133,23,"['3.4.16', '3.1.3', '1.14.15', '1.14.13', '1.1.1', '3.2.1', '3.3.2', '2.3.1', '5.4.99', '1.1.3', '3.1.6', '1.2.1', '1.11.1', '1.14.14', '3.1.1', '1.1.99', '6.2.1', '2.4.1', '4.2.1', '1.3.1', '1.16.3', '3.4.21', '1.14.18']"
Nalidixic acid,40,38,"['1.6.5', '1.22.1', '2.7.1', '3.1.3', '4.2.2', '1.14.19', '3.8.1', '3.5.1', '1.14.3', '1.21.1', '1.14.13', '1.11.2', '1.14.15', '3.1.5', '1.1.1', '2.6.1', '3.2.1', '3.4.15', '3.4.19', '1.1.3', '3.1.6', '1.14.99', '1.2.1', '1.11.1', '1.14.12', '1.14.14', '1.2.3', '3.1.1', '1.14.16', '4.1.1', '5.1.3', '2.4.1', '4.1.3', '4.2.1', '3.6.1', '1.16.3', '1.17.1', '1.14.18']"
Phenelzine,27,10,"['1.21.1', '1.14.13', '1.22.1', '1.11.2', '1.10.3', '1.14.12', '1.14.14', '3.8.1', '1.14.18', '1.14.16']"
Propantheline,58,28,"['1.22.1', '3.4.16', '2.7.1', '4.2.2', '3.8.1', '1.14.3', '1.21.1', '6.3.2', '1.14.13', '1.11.2', '1.14.15', '1.1.1', '1.10.3', '3.2.1', '3.4.15', '2.3.1', '1.14.12', '1.14.14', '3.1.1', '2.1.1', '5.1.3', '6.2.1', '2.4.1', '4.1.3', '4.2.1', '3.6.1', '3.4.21', '1.14.18']"
Estradiol,87,31,"['1.6.5', '1.22.1', '3.1.3', '1.14.19', '3.8.1', '1.14.3', '1.21.1', '1.14.15', '1.14.13', '1.11.2', '3.1.5', '1.1.1', '1.10.3', '3.2.1', '1.1.3', '3.1.6', '1.14.99', '1.11.1', '1.14.12', '2.8.2', '1.14.14', '1.14.16', '1.1.99', '2.4.1', '1.3.1', '4.2.1', '3.6.1', '1.16.3', '1.3.99', '1.17.1', '1.14.18']"
Mefenamic acid,120,39,"['1.6.5', '1.22.1', '2.7.1', '3.1.3', '4.2.2', '1.14.19', '3.8.1', '3.5.1', '1.14.3', '1.21.1', '1.14.13', '1.11.2', '1.14.15', '3.1.5', '1.1.1', '1.10.3', '3.2.1', '2.6.1', '3.4.15', '5.2.1', '1.13.11', '1.1.3', '3.1.6', '1.14.99', '1.2.1', '1.11.1', '1.14.12', '1.14.14', '3.1.1', '1.14.16', '4.1.1', '1.8.99', '5.1.3', '2.4.1', '4.1.3', '4.2.1', '3.6.1', '1.16.3', '1.14.18']"
Acyclovir,31,34,"['4.2.3', '2.7.1', '3.1.3', '3.5.4', '4.2.2', '3.8.1', '6.3.2', '1.14.13', '1.14.15', '3.1.5', '1.1.1', '3.2.1', '1.7.1', '3.4.15', '3.4.19', '1.1.3', '3.1.6', '1.2.1', '1.11.1', '3.4.11', '1.6.6', '1.14.14', '3.1.1', '1.1.99', '1.8.99', '5.1.3', '6.2.1', '2.4.1', '4.1.3', '4.2.1', '3.5.99', '3.6.1', '1.16.3', '1.17.1']"
Naproxen,99,35,"['1.6.5', '1.22.1', '2.7.1', '3.1.3', '4.2.2', '1.14.19', '3.8.1', '1.14.3', '1.21.1', '1.14.13', '1.11.2', '1.14.15', '3.1.5', '1.1.1', '1.10.3', '3.2.1', '3.3.2', '5.2.1', '3.1.6', '1.2.1', '1.11.1', '1.14.12', '1.14.14', '3.1.1', '1.14.16', '2.1.1', '5.1.3', '6.2.1', '2.4.1', '1.3.1', '4.1.3', '4.2.1', '3.6.1', '1.16.3', '1.14.18']"
Gadopentetic acid,0,0,[]
Perindopril,122,36,"['3.4.16', '2.7.1', '3.1.3', '4.2.2', '3.4.13', '1.14.19', '6.3.2', '1.14.15', '1.14.13', '3.1.5', '1.1.1', '3.2.1', '3.4.15', '3.4.19', '2.3.1', '5.2.1', '1.14.11', '3.1.6', '1.14.99', '1.2.1', '1.11.1', '3.4.11', '1.14.14', '3.1.1', '1.5.1', '5.1.3', '6.2.1', '2.4.1', '1.3.1', '4.1.3', '4.2.1', '3.6.1', '1.16.3', '1.3.99', '3.4.21', '1.14.18']"
Tripelennamine,49,9,"['1.14.13', '1.13.11', '1.14.12', '1.14.3', '1.14.14', '3.8.1', '1.2.3', '1.14.18', '1.14.16']"
Primidone,47,28,"['6.3.4', '1.22.1', '2.7.1', '4.2.2', '3.4.13', '3.8.1', '3.5.1', '1.14.3', '1.21.1', '6.3.2', '1.14.13', '1.14.15', '1.11.2', '1.1.1', '1.10.3', '3.2.1', '3.4.15', '3.4.19', '3.4.11', '1.14.12', '1.14.14', '3.1.1', '1.14.16', '5.1.3', '4.1.3', '6.3.1', '4.2.1', '1.14.18']"
Sulfasalazine,113,29,"['1.22.1', '2.7.1', '3.1.3', '4.2.2', '3.8.1', '1.21.1', '1.14.13', '1.11.2', '3.1.5', '1.1.1', '1.10.3', '3.2.1', '1.7.1', '3.4.15', '3.1.6', '1.2.1', '1.11.1', '2.8.2', '1.14.14', '1.2.3', '4.1.1', '1.8.99', '5.1.3', '2.4.1', '4.1.3', '4.2.1', '3.6.1', '1.16.3', '1.14.18']"
Candesartan cilexetil,108,18,"['1.14.19', '1.14.3', '3.8.1', '1.14.13', '1.14.15', '1.1.1', '3.2.1', '2.3.1', '1.14.99', '1.14.14', '3.1.1', '2.1.1', '6.2.1', '2.4.1', '1.3.1', '3.6.1', '1.3.99', '1.14.18']"
Gentamicin,0,0,[]
Tazarotene,39,15,"['1.14.13', '1.14.15', '1.11.2', '1.1.1', '3.2.1', '1.14.18', '6.2.1', '1.14.3', '2.5.1', '4.2.2', '3.6.1', '1.14.14', '3.8.1', '1.2.3', '3.1.1']"
Dicyclomine,52,20,"['3.4.16', '4.2.2', '1.14.19', '6.3.2', '1.14.15', '1.14.13', '1.1.1', '3.2.1', '3.4.15', '2.3.1', '1.14.11', '1.14.99', '1.14.14', '3.1.1', '6.2.1', '1.3.1', '3.6.1', '1.3.99', '3.4.21', '1.14.18']"
Pentoxifylline,60,27,"['2.7.1', '4.2.2', '1.14.19', '3.8.1', '1.14.15', '1.14.13', '1.1.1', '3.2.1', '3.4.15', '3.4.19', '1.1.3', '1.3.8', '1.14.99', '1.3.3', '1.14.14', '1.13.12', '3.1.1', '1.1.99', '5.1.3', '1.17.99', '1.3.1', '4.1.3', '4.2.1', '1.17.5', '1.3.99', '1.17.1', '1.14.18']"
Indapamide,75,18,"['1.22.1', '2.7.1', '1.14.19', '3.8.1', '1.21.1', '1.14.13', '1.11.2', '1.14.15', '1.10.3', '3.2.1', '3.4.15', '1.14.14', '5.1.3', '1.3.98', '4.1.3', '4.2.1', '1.17.1', '1.14.18']"
Biperiden,80,24,"['3.1.3', '4.1.99', '1.14.19', '3.8.1', '1.14.3', '1.14.15', '1.14.13', '1.11.2', '3.1.5', '3.2.1', '3.1.6', '1.14.99', '1.11.1', '1.14.12', '1.14.14', '1.14.16', '1.17.99', '2.4.1', '1.3.1', '4.2.1', '3.6.1', '1.16.3', '1.3.99', '1.14.18']"
Ribavirin,70,42,"['4.2.3', '2.7.1', '3.1.3', '3.10.1', '3.5.4', '4.2.2', '3.8.1', '3.5.1', '6.3.2', '1.14.15', '1.14.13', '3.1.5', '1.1.1', '3.2.1', '2.3.2', '3.3.2', '5.3.1', '3.4.15', '3.4.19', '1.7.3', '5.4.99', '1.1.3', '3.1.6', '1.2.1', '1.11.1', '3.4.11', '2.5.1', '1.1.5', '1.14.14', '3.1.1', '1.1.99', '5.1.3', '6.2.1', '2.4.1', '1.3.1', '4.2.1', '6.3.1', '4.1.3', '3.6.1', '1.16.3', '1.17.1', '1.14.18']"
Phenylbutazone,78,23,"['1.22.1', '2.7.1', '4.2.2', '1.14.19', '3.8.1', '1.14.3', '1.21.1', '1.14.13', '1.14.15', '1.11.2', '1.1.1', '1.10.3', '3.2.1', '3.4.15', '1.14.99', '1.14.12', '1.14.14', '5.1.3', '1.3.1', '4.1.3', '4.2.1', '1.3.99', '1.14.18']"
Fentanyl,91,15,"['1.14.13', '1.14.15', '1.1.1', '3.2.1', '1.3.3', '1.17.99', '1.14.12', '1.3.1', '1.14.3', '3.4.15', '1.3.99', '1.17.1', '1.14.14', '3.8.1', '1.14.18']"
Meloxicam,57,39,"['1.22.1', '2.7.1', '3.1.3', '4.2.2', '3.8.1', '3.5.1', '1.14.3', '1.21.1', '1.14.13', '1.11.2', '1.13.99', '3.1.5', '1.1.1', '1.10.3', '3.2.1', '2.6.1', '2.3.2', '3.3.2', '3.4.19', '3.4.15', '3.4.22', '1.1.3', '3.1.6', '1.2.1', '1.11.1', '3.4.11', '1.14.14', '1.2.3', '3.1.1', '1.8.99', '5.1.3', '2.4.1', '4.1.3', '6.3.1', '4.2.1', '3.6.1', '1.16.3', '3.4.21', '1.14.18']"
Sodium lauryl sulfate,0,0,[]
Orciprenaline,55,34,"['1.6.5', '1.97.1', '1.22.1', '4.2.3', '2.7.1', '3.1.3', '1.14.19', '3.8.1', '1.14.3', '1.21.1', '1.14.13', '1.11.2', '1.14.15', '3.1.5', '1.1.1', '3.2.1', '3.1.6', '1.11.1', '1.14.12', '2.8.2', '1.14.14', '1.13.12', '3.1.1', '1.14.16', '1.5.1', '5.1.3', '2.4.1', '1.3.1', '4.1.3', '4.2.1', '3.6.1', '1.16.3', '1.17.1', '1.14.18']"
Acetazolamide,10,23,"['2.7.1', '3.5.1', '6.3.2', '1.14.13', '1.1.1', '3.2.1', '2.3.2', '3.3.2', '1.7.1', '3.4.19', '3.4.15', '3.4.22', '1.17.1', '3.4.11', '1.14.14', '3.1.1', '1.8.99', '5.1.3', '4.1.3', '6.3.1', '4.2.1', '3.4.21', '1.14.18']"
Tadalafil,107,26,"['1.22.1', '2.7.1', '4.2.2', '3.8.1', '1.14.3', '1.21.1', '1.14.13', '1.11.2', '1.13.99', '1.1.1', '1.10.3', '3.2.1', '3.4.15', '1.14.99', '1.3.3', '1.14.12', '1.14.14', '2.1.1', '5.1.3', '6.2.1', '2.4.1', '4.1.3', '4.2.1', '3.6.1', '1.17.1', '1.14.18']"
Disulfiram,6,7,"['1.14.13', '1.11.1', '1.8.1', '1.8.98', '1.14.14', '1.6.4', '1.8.4']"
Ethynodiol diacetate,124,21,"['3.4.16', '4.2.2', '1.14.19', '3.5.1', '5.3.3', '1.14.15', '1.14.13', '1.1.1', '3.2.1', '2.3.1', '1.13.11', '1.14.99', '3.5.2', '1.14.14', '3.1.1', '1.17.99', '6.2.1', '1.3.1', '1.3.99', '3.4.21', '1.14.18']"
Enprofylline,24,19,"['2.7.1', '4.2.2', '3.8.1', '6.3.2', '1.14.15', '1.14.13', '3.2.1', '3.4.15', '3.4.19', '3.4.11', '1.14.14', '3.1.1', '5.1.3', '1.3.1', '4.1.3', '4.2.1', '1.17.5', '1.17.1', '1.14.18']"
Levomenthol,51,25,"['2.7.1', '3.1.3', '1.14.19', '1.14.15', '1.14.13', '3.1.5', '1.1.1', '3.2.1', '1.1.3', '3.1.6', '1.14.99', '1.11.1', '1.14.12', '2.5.1', '1.14.14', '1.1.99', '5.1.3', '2.4.1', '1.3.1', '4.1.3', '4.2.1', '3.6.1', '1.16.3', '1.3.99', '1.14.18']"
Fosfomycin,10,16,"['1.14.13', '1.14.15', '3.2.1', '5.1.3', '1.11.1', '2.7.1', '6.2.1', '4.1.3', '3.3.2', '4.2.1', '3.6.1', '3.4.19', '4.2.2', '1.14.19', '1.1.3', '3.1.1']"
Diazepam,67,22,"['1.22.1', '2.7.1', '3.1.3', '4.2.2', '1.14.19', '3.8.1', '1.21.1', '1.14.13', '1.11.2', '1.1.1', '1.10.3', '3.2.1', '3.4.15', '1.13.11', '1.2.1', '1.14.12', '1.14.14', '5.1.3', '1.3.98', '4.1.3', '4.2.1', '1.14.18']"
Trifluoperazine,49,7,"['1.14.13', '1.14.15', '1.14.12', '1.14.3', '1.14.14', '3.8.1', '1.14.18']"
Cefaclor,80,43,"['6.3.4', '1.22.1', '2.7.1', '3.1.3', '3.10.1', '4.2.2', '3.4.13', '3.8.1', '3.5.1', '1.8.3', '1.21.1', '6.3.2', '1.14.13', '1.11.2', '3.1.5', '1.1.1', '1.10.3', '3.4.24', '3.2.1', '2.3.2', '3.4.19', '3.4.15', '5.2.1', '3.1.6', '3.5.2', '1.2.1', '1.11.1', '3.4.11', '1.14.12', '2.5.1', '1.14.14', '3.1.1', '1.14.16', '5.1.3', '2.4.1', '1.3.1', '6.3.1', '4.1.3', '4.2.1', '3.6.1', '1.16.3', '3.4.21', '1.14.18']"
Mifepristone,134,25,"['3.1.3', '4.1.99', '1.14.19', '3.8.1', '1.14.3', '5.3.3', '1.14.13', '1.14.15', '3.1.5', '1.1.1', '3.2.1', '1.13.11', '1.1.3', '3.1.6', '1.3.8', '1.14.99', '1.3.3', '2.5.1', '1.14.14', '1.17.99', '1.3.1', '4.2.1', '1.3.99', '1.17.1', '1.14.18']"
Brompheniramine,39,11,"['1.97.1', '1.14.13', '1.14.15', '1.11.2', '1.3.3', '1.14.3', '1.14.14', '3.8.1', '1.2.3', '1.14.18', '1.14.16']"
Loperamide,64,14,"['1.14.15', '1.14.13', '3.1.5', '1.1.1', '3.2.1', '3.1.3', '1.3.98', '1.14.3', '3.6.1', '1.14.19', '1.14.14', '3.8.1', '1.14.18', '3.1.6']"
Tolazamide,45,23,"['1.22.1', '2.7.1', '4.2.2', '3.8.1', '1.21.1', '1.14.13', '1.14.15', '1.11.2', '1.10.3', '3.2.1', '2.6.1', '3.4.15', '3.4.19', '1.14.99', '1.14.14', '3.1.1', '1.14.16', '5.1.3', '1.3.1', '4.1.3', '4.2.1', '1.3.99', '1.14.18']"
Oxazepam,110,41,"['1.97.1', '1.22.1', '2.7.1', '3.1.3', '4.2.2', '1.14.19', '3.8.1', '3.5.1', '1.14.3', '1.21.1', '1.14.13', '1.11.2', '3.1.5', '1.1.1', '1.10.3', '3.2.1', '2.3.2', '3.3.2', '3.4.19', '3.4.15', '3.4.22', '1.13.11', '3.1.6', '1.2.1', '1.11.1', '3.4.11', '1.14.12', '1.14.14', '3.1.1', '1.14.16', '1.8.99', '5.1.3', '1.3.98', '2.4.1', '4.1.3', '6.3.1', '4.2.1', '3.6.1', '1.16.3', '3.4.21', '1.14.18']"
Donepezil,82,23,"['1.22.1', '4.2.2', '3.8.1', '1.14.3', '1.21.1', '1.14.13', '1.14.15', '1.11.2', '1.1.1', '1.10.3', '3.2.1', '1.14.12', '1.14.14', '3.1.1', '1.14.16', '2.1.1', '6.2.1', '2.4.1', '1.3.1', '3.7.1', '3.6.1', '1.17.1', '1.14.18']"
Clofazimine,68,8,"['1.14.13', '1.14.15', '1.3.98', '1.14.12', '1.14.19', '1.14.14', '3.8.1', '1.14.18']"
Cysteamine,9,8,"['1.14.13', '1.4.3', '1.8.1', '3.10.1', '3.1.3', '1.14.14', '1.13.12', '1.13.11']"
Levamisole,31,12,"['1.21.1', '1.14.13', '1.22.1', '1.11.2', '1.13.11', '1.10.3', '1.14.12', '2.5.1', '1.14.14', '3.8.1', '1.14.18', '1.14.16']"
Methylphenobarbital,70,29,"['6.3.4', '1.22.1', '2.7.1', '4.2.2', '3.4.13', '3.8.1', '3.5.1', '1.14.3', '1.21.1', '6.3.2', '1.14.13', '1.14.15', '1.11.2', '1.1.1', '1.10.3', '3.2.1', '3.4.15', '3.4.19', '3.5.2', '1.2.1', '3.4.11', '1.14.14', '3.1.1', '1.14.16', '5.1.3', '4.1.3', '6.3.1', '4.2.1', '1.14.18']"
Perphenazine,65,22,"['3.1.3', '1.14.19', '3.8.1', '1.14.3', '1.14.15', '1.14.13', '3.1.5', '1.1.1', '3.2.1', '1.1.3', '3.1.6', '1.2.1', '1.11.1', '1.14.12', '1.14.14', '1.3.98', '2.4.1', '4.2.1', '3.6.1', '1.16.3', '1.14.18', '4.3.3']"
Pseudoephedrine,60,32,"['1.6.5', '1.22.1', '4.2.3', '2.7.1', '3.1.3', '1.14.19', '3.8.1', '1.14.3', '1.21.1', '1.14.13', '1.11.2', '1.14.15', '3.1.5', '1.1.1', '1.10.3', '3.2.1', '1.13.11', '3.1.6', '1.11.1', '1.14.12', '1.14.14', '1.14.16', '1.5.1', '5.1.3', '2.4.1', '1.3.1', '4.1.3', '4.2.1', '3.6.1', '1.16.3', '1.17.1', '1.14.18']"
Temozolomide,12,17,"['6.3.2', '1.14.13', '3.2.1', '2.7.1', '3.10.1', '3.4.11', '5.1.3', '2.3.2', '4.2.1', '6.3.1', '4.1.3', '3.4.15', '3.4.19', '4.2.2', '1.17.1', '3.8.1', '3.5.1']"
Levorphanol,67,22,"['1.22.1', '3.1.3', '1.14.19', '3.8.1', '1.14.3', '1.21.1', '1.14.13', '1.14.15', '1.11.2', '1.10.3', '3.2.1', '3.1.6', '1.14.99', '1.11.1', '2.8.2', '1.14.14', '1.14.16', '1.3.1', '4.2.1', '1.3.99', '1.17.1', '1.14.18']"
Aminolevulinic acid,52,42,"['4.2.3', '2.7.1', '3.1.3', '3.10.1', '4.2.2', '1.14.19', '6.3.2', '1.14.15', '1.14.13', '3.1.5', '1.1.1', '3.4.24', '3.2.1', '1.7.3', '3.4.15', '3.4.19', '5.2.1', '3.1.6', '1.3.8', '1.6.99', '1.14.99', '1.2.1', '1.3.3', '3.4.11', '1.11.1', '2.5.1', '1.1.5', '1.14.14', '3.1.1', '1.4.3', '1.1.99', '5.1.3', '1.17.99', '2.4.1', '1.3.1', '4.1.3', '4.2.1', '3.6.1', '1.16.3', '1.3.99', '1.17.1', '1.14.18']"
Terbinafine,59,13,"['1.14.13', '1.14.15', '1.11.2', '3.8.1', '1.14.18', '1.14.12', '1.3.1', '1.14.3', '1.3.99', '1.14.19', '1.14.14', '1.13.12', '1.13.11']"
Penicillamine,27,34,"['4.2.3', '2.7.1', '3.1.3', '3.10.1', '4.2.2', '3.4.13', '1.4.1', '6.3.2', '1.14.13', '1.14.15', '3.1.5', '1.1.1', '3.2.1', '1.8.1', '3.4.15', '3.4.19', '5.2.1', '1.13.11', '3.1.6', '1.2.1', '1.11.1', '3.4.11', '1.14.12', '1.14.14', '3.1.1', '4.1.1', '1.4.3', '5.1.3', '2.4.1', '1.3.1', '4.1.3', '4.2.1', '3.6.1', '1.16.3']"
Prednisolone,137,36,"['2.7.1', '3.1.3', '4.1.99', '4.2.2', '1.14.19', '5.3.3', '1.14.15', '1.14.13', '3.1.5', '1.1.1', '3.2.1', '3.3.2', '5.3.1', '3.4.15', '1.13.11', '1.1.3', '3.1.6', '1.3.8', '1.14.99', '1.2.1', '1.3.3', '1.11.1', '2.5.1', '1.14.14', '3.1.1', '1.1.99', '5.1.3', '1.17.99', '2.4.1', '1.3.1', '4.2.1', '4.1.3', '3.6.1', '1.16.3', '1.3.99', '1.14.18']"
Diflunisal,94,34,"['1.6.5', '1.22.1', '2.7.1', '3.1.3', '4.2.2', '1.14.19', '3.8.1', '3.5.1', '1.14.3', '1.21.1', '1.14.13', '1.11.2', '3.1.5', '1.1.1', '1.10.3', '3.2.1', '3.4.15', '3.1.6', '1.6.99', '1.2.1', '1.11.1', '1.14.12', '2.8.2', '1.14.14', '3.1.1', '1.14.16', '4.1.1', '5.1.3', '2.4.1', '4.1.3', '4.2.1', '3.6.1', '1.16.3', '1.14.18']"
Vardenafil,50,15,"['1.14.13', '1.14.15', '2.1.1', '1.11.2', '2.6.1', '3.2.1', '6.2.1', '2.4.1', '1.14.3', '3.4.15', '3.6.1', '1.17.1', '1.14.14', '3.8.1', '1.14.18']"
Ranitidine,20,21,"['1.22.1', '2.7.1', '4.2.2', '1.14.3', '1.21.1', '1.14.13', '1.11.2', '3.2.1', '3.4.15', '3.4.19', '1.14.99', '3.4.11', '2.5.1', '1.14.14', '3.1.1', '1.14.16', '2.1.1', '5.1.3', '4.1.3', '4.2.1', '1.14.18']"
Tacrolimus,265,31,"['5.3.99', '3.4.16', '3.1.3', '4.2.2', '1.14.19', '5.3.3', '1.14.15', '1.14.13', '1.1.1', '3.2.1', '1.14.21', '2.3.1', '1.14.11', '1.1.3', '3.1.6', '1.14.99', '1.17.1', '1.3.3', '3.1.2', '1.14.14', '3.1.1', '1.4.3', '1.1.99', '1.17.99', '6.2.1', '2.4.1', '1.3.1', '4.2.1', '1.3.99', '3.4.21', '1.14.18']"
Benzphetamine,67,13,"['1.21.1', '1.14.13', '1.22.1', '1.11.2', '1.14.15', '1.13.11', '1.10.3', '1.14.12', '1.14.3', '1.14.14', '3.8.1', '1.14.18', '1.14.16']"
Ritodrine,91,31,"['1.6.5', '1.22.1', '2.7.1', '3.1.3', '1.14.19', '3.8.1', '1.14.3', '1.21.1', '1.14.13', '1.11.2', '1.14.15', '3.1.5', '1.1.1', '1.10.3', '3.2.1', '3.1.6', '1.11.1', '1.14.12', '2.8.2', '1.14.14', '1.14.16', '1.5.1', '5.1.3', '2.4.1', '1.3.1', '4.1.3', '4.2.1', '3.6.1', '1.16.3', '1.17.1', '1.14.18']"
Benzonatate,36,16,"['1.14.13', '1.14.15', '1.11.2', '1.14.99', '1.1.1', '3.2.1', '6.2.1', '1.3.1', '1.14.3', '3.4.15', '1.3.99', '1.14.19', '1.14.14', '3.8.1', '1.14.18', '3.1.1']"
Terbutaline,53,32,"['1.6.5', '1.97.1', '1.22.1', '4.2.3', '2.7.1', '3.1.3', '1.14.19', '3.8.1', '1.14.3', '1.21.1', '1.14.13', '1.11.2', '1.14.15', '3.1.5', '1.1.1', '3.2.1', '3.1.6', '1.11.1', '1.14.12', '2.8.2', '1.14.14', '1.13.12', '1.14.16', '5.1.3', '2.4.1', '1.3.1', '4.1.3', '4.2.1', '3.6.1', '1.16.3', '1.17.1', '1.14.18']"
Guaifenesin,79,39,"['1.6.5', '1.22.1', '4.2.3', '2.7.1', '3.1.3', '1.14.19', '3.8.1', '1.14.3', '1.21.1', '1.14.13', '1.14.15', '1.11.2', '3.1.5', '1.1.1', '1.10.3', '3.2.1', '3.3.2', '1.7.3', '1.1.3', '3.1.6', '1.2.1', '1.11.1', '1.14.12', '2.5.1', '1.1.5', '1.14.14', '1.14.16', '3.1.1', '2.1.1', '1.1.99', '5.1.3', '6.2.1', '2.4.1', '1.3.1', '4.2.1', '4.1.3', '3.6.1', '1.16.3', '1.14.18']"
Flupentixol,70,21,"['3.1.3', '1.14.3', '3.8.1', '1.14.15', '1.14.13', '3.1.5', '1.1.1', '3.2.1', '1.1.3', '3.1.6', '1.14.99', '1.2.1', '1.11.1', '1.14.12', '1.14.14', '2.4.1', '4.2.1', '3.6.1', '1.16.3', '1.14.18', '4.3.3']"
Eprosartan,72,29,"['3.1.3', '4.2.2', '1.14.19', '3.8.1', '1.14.3', '1.14.13', '1.14.15', '1.11.2', '3.1.5', '1.1.1', '3.2.1', '3.4.15', '5.2.1', '3.1.6', '1.14.99', '1.2.1', '1.11.1', '1.14.12', '1.14.14', '3.1.1', '4.1.1', '2.4.1', '1.3.1', '4.2.1', '3.6.1', '1.16.3', '1.3.99', '1.17.1', '1.14.18']"
Sirolimus,345,28,"['5.3.99', '3.4.16', '3.1.3', '1.14.19', '1.14.15', '1.14.13', '1.1.1', '3.2.1', '1.14.21', '2.3.1', '1.14.11', '1.13.11', '1.1.3', '3.1.6', '1.14.99', '1.17.1', '1.3.3', '1.14.12', '1.14.14', '3.1.1', '1.4.3', '1.17.99', '6.2.1', '1.3.1', '4.2.1', '1.3.99', '3.4.21', '1.14.18']"
Chlorhexidine,29,12,"['1.14.13', '1.14.15', '1.14.99', '1.3.98', '1.14.12', '1.3.1', '1.3.99', '1.14.19', '1.14.14', '3.8.1', '1.14.18', '1.14.16']"
Emtricitabine,33,38,"['6.3.4', '2.4.2', '4.2.3', '2.7.1', '3.1.3', '3.13.1', '3.5.4', '4.2.2', '3.8.1', '1.8.3', '1.14.13', '1.14.15', '3.3.1', '3.1.5', '1.1.1', '3.2.1', '1.7.1', '3.4.15', '3.4.19', '1.1.3', '3.1.6', '1.2.1', '1.11.1', '3.4.11', '2.5.1', '1.14.14', '3.2.2', '3.1.1', '1.1.99', '1.8.99', '5.1.3', '6.2.1', '2.4.1', '4.1.3', '4.2.1', '3.6.1', '1.16.3', '1.17.1']"
Chlorothiazide,29,23,"['1.6.5', '1.97.1', '1.22.1', '2.7.1', '4.2.2', '1.14.19', '3.8.1', '1.21.1', '1.14.13', '1.11.2', '1.10.3', '3.2.1', '3.4.15', '3.4.19', '1.14.12', '1.14.14', '1.14.16', '1.8.99', '5.1.3', '1.3.98', '4.1.3', '4.2.1', '1.14.18']"
Quinapril,177,37,"['1.22.1', '3.4.16', '2.7.1', '3.1.3', '4.2.2', '3.4.13', '3.8.1', '1.14.3', '1.21.1', '6.3.2', '1.14.13', '1.14.15', '1.11.2', '3.1.5', '1.1.1', '1.10.3', '3.2.1', '3.4.15', '2.3.1', '5.2.1', '3.1.6', '1.2.1', '1.11.1', '1.14.12', '1.14.14', '3.1.1', '3.4.21', '1.5.1', '5.1.3', '6.2.1', '2.4.1', '4.1.3', '4.2.1', '3.6.1', '1.16.3', '1.17.1', '1.14.18']"
Clomifene,44,12,"['1.14.13', '1.11.2', '2.1.1', '1.14.15', '3.2.1', '6.2.1', '2.4.1', '1.14.3', '1.14.14', '3.8.1', '1.14.18', '1.14.16']"
Isosorbide dinitrate,7,16,"['6.3.2', '1.14.99', '3.2.1', '2.7.1', '3.4.11', '5.1.3', '6.2.1', '4.2.1', '4.1.3', '3.4.15', '3.4.19', '1.7.3', '4.2.2', '3.6.1', '1.14.14', '3.1.1']"
Risedronic acid,36,34,"['1.6.5', '1.22.1', '4.2.3', '2.7.1', '3.1.3', '4.2.2', '1.14.19', '3.8.1', '1.21.1', '6.3.2', '1.14.13', '1.11.2', '1.13.99', '3.1.5', '3.2.1', '3.4.15', '3.4.19', '1.7.3', '3.1.6', '1.11.1', '3.4.11', '1.14.12', '1.14.14', '1.2.3', '3.1.1', '1.14.16', '5.1.3', '2.4.1', '4.1.3', '4.2.1', '3.6.1', '1.16.3', '1.17.1', '1.14.18']"
Bumetanide,97,38,"['1.22.1', '2.7.1', '3.1.3', '4.2.2', '1.14.19', '3.8.1', '1.14.3', '1.21.1', '1.14.15', '1.14.13', '1.11.2', '3.1.5', '1.1.1', '1.10.3', '3.2.1', '3.4.15', '3.4.19', '3.1.6', '1.14.99', '1.2.1', '1.11.1', '1.14.12', '1.14.14', '3.1.1', '1.14.16', '4.1.1', '2.1.1', '1.8.99', '5.1.3', '6.2.1', '2.4.1', '1.3.1', '4.1.3', '4.2.1', '3.6.1', '1.16.3', '1.3.99', '1.14.18']"
Granisetron,59,21,"['2.7.1', '1.14.19', '3.8.1', '3.5.1', '1.14.3', '1.14.13', '1.14.15', '1.11.2', '3.2.1', '3.4.15', '1.13.11', '1.14.99', '1.14.12', '1.14.14', '1.5.1', '5.1.3', '1.3.1', '4.1.3', '4.2.1', '1.3.99', '1.14.18']"
Sulfapyridine,58,22,"['1.22.1', '2.7.1', '3.5.4', '4.2.2', '3.8.1', '1.21.1', '1.14.13', '1.11.2', '1.1.1', '1.10.3', '3.2.1', '1.7.1', '3.4.15', '1.14.12', '1.14.14', '1.2.3', '1.8.99', '5.1.3', '4.1.3', '4.2.1', '1.17.1', '1.14.18']"
Oxybuprocaine,60,33,"['1.22.1', '2.7.1', '3.5.4', '4.2.2', '1.14.19', '3.8.1', '1.14.3', '1.21.1', '1.14.13', '1.14.15', '1.11.2', '1.1.1', '1.10.3', '3.2.1', '1.7.1', '3.4.15', '3.4.19', '1.14.99', '1.14.12', '1.14.14', '3.1.1', '1.14.16', '2.1.1', '1.8.99', '5.1.3', '6.2.1', '2.4.1', '1.3.1', '4.1.3', '4.2.1', '3.6.1', '1.3.99', '1.14.18']"
Testolactone,117,33,"['3.4.16', '2.7.1', '4.2.2', '1.14.19', '5.3.3', '6.3.2', '1.14.15', '1.14.13', '1.1.1', '3.2.1', '1.7.3', '2.3.1', '1.13.11', '1.1.3', '1.3.8', '1.6.99', '1.14.99', '1.17.1', '1.3.3', '2.5.1', '1.14.14', '3.1.1', '1.4.3', '1.1.99', '5.1.3', '1.17.99', '6.2.1', '1.3.1', '4.2.1', '4.1.3', '1.3.99', '3.4.21', '1.14.18']"
Triazolam,53,10,"['1.14.13', '1.11.2', '2.6.1', '1.14.18', '1.3.98', '1.14.12', '1.14.19', '1.14.14', '3.8.1', '1.13.11']"
Ethanol,18,23,"['4.2.3', '2.7.1', '3.1.3', '1.14.13', '1.14.15', '1.1.1', '3.2.1', '1.7.3', '1.1.3', '3.1.6', '1.2.1', '1.11.1', '1.14.12', '1.14.14', '1.13.12', '3.1.1', '4.99.1', '1.1.99', '5.1.3', '2.4.1', '4.1.3', '4.2.1', '1.16.3']"
Didanosine,47,38,"['2.4.2', '4.2.3', '2.7.1', '3.1.3', '4.2.2', '1.14.19', '3.8.1', '6.3.2', '1.14.15', '1.14.13', '3.1.5', '1.1.1', '3.2.1', '3.4.15', '3.4.19', '5.4.99', '1.1.3', '3.1.6', '1.14.99', '1.2.1', '1.11.1', '3.4.11', '1.14.14', '3.2.2', '3.1.1', '1.1.99', '5.1.3', '6.2.1', '2.4.1', '1.3.1', '4.2.1', '4.1.3', '3.6.1', '1.16.3', '1.3.99', '1.17.1', '1.14.18', '4.3.3']"
Etacrynic acid,71,38,"['1.6.5', '1.22.1', '2.7.1', '3.1.3', '4.2.2', '1.14.19', '3.8.1', '1.14.3', '1.21.1', '1.14.15', '1.14.13', '1.11.2', '3.1.5', '1.1.1', '3.2.1', '3.4.15', '2.3.1', '5.2.1', '3.1.6', '1.14.99', '1.2.1', '1.11.1', '1.14.12', '1.14.14', '3.1.1', '1.14.16', '2.1.1', '5.1.3', '1.3.98', '2.4.1', '6.2.1', '1.3.1', '4.1.3', '4.2.1', '3.7.1', '3.6.1', '1.16.3', '1.14.18']"
Ondansetron,63,24,"['1.22.1', '4.2.2', '3.8.1', '1.14.3', '1.21.1', '1.14.13', '1.14.15', '1.11.2', '1.13.99', '1.1.1', '1.10.3', '3.2.1', '2.6.1', '3.4.15', '1.13.11', '1.14.99', '1.14.12', '1.14.14', '1.2.3', '1.14.16', '1.3.1', '3.7.1', '1.17.1', '1.14.18']"
Tiagabine,44,31,"['2.7.1', '3.1.3', '4.2.2', '1.14.19', '3.8.1', '1.14.3', '1.14.13', '1.14.15', '1.11.2', '3.1.5', '1.1.1', '2.6.1', '3.2.1', '3.4.15', '5.2.1', '1.14.11', '3.1.6', '1.14.99', '1.2.1', '1.11.1', '1.14.14', '3.1.1', '5.1.3', '2.4.1', '1.3.1', '4.1.3', '4.2.1', '3.6.1', '1.16.3', '1.3.99', '1.14.18']"
Quinidine,62,28,"['1.22.1', '3.1.3', '3.8.1', '1.14.3', '1.21.1', '1.14.15', '1.14.13', '1.11.2', '3.1.5', '1.1.1', '1.10.3', '3.2.1', '3.3.2', '1.14.11', '3.1.6', '1.11.1', '1.14.14', '1.2.3', '1.14.16', '2.1.1', '6.2.1', '2.4.1', '1.3.1', '4.2.1', '3.6.1', '1.16.3', '1.17.1', '1.14.18']"
Zonisamide,43,23,"['1.22.1', '2.7.1', '4.2.2', '1.14.19', '3.8.1', '1.21.1', '6.3.2', '1.14.13', '1.11.2', '1.10.3', '3.2.1', '3.4.15', '3.4.19', '1.14.99', '3.4.11', '1.14.12', '1.14.14', '3.1.1', '1.14.16', '5.1.3', '4.1.3', '4.2.1', '1.14.18']"
Paricalcitol,116,24,"['3.1.3', '4.1.99', '1.14.19', '5.3.3', '1.14.15', '1.14.13', '1.1.1', '3.2.1', '1.14.21', '1.13.11', '1.1.3', '3.1.6', '1.14.99', '1.11.1', '1.3.3', '1.14.14', '1.1.99', '1.17.99', '2.4.1', '1.3.1', '4.2.1', '1.16.3', '1.3.99', '1.14.18']"
Tinidazole,16,22,"['1.2.7', '2.7.1', '3.8.1', '6.3.2', '1.14.13', '1.14.15', '2.6.1', '3.2.1', '1.7.1', '3.4.15', '3.4.19', '1.1.3', '1.14.99', '1.2.99', '3.4.11', '1.14.14', '3.1.1', '5.1.3', '4.1.3', '4.2.1', '1.17.1', '1.12.99']"
Repaglinide,118,42,"['6.3.4', '1.22.1', '2.7.1', '3.1.3', '4.2.2', '3.4.13', '1.14.19', '3.8.1', '3.5.1', '1.14.3', '1.21.1', '6.3.2', '1.14.13', '1.14.15', '1.11.2', '3.1.5', '1.1.1', '1.10.3', '3.2.1', '3.4.15', '5.2.1', '3.1.6', '1.14.99', '1.2.1', '1.11.1', '3.4.11', '1.14.14', '3.1.1', '4.1.1', '2.1.1', '5.1.3', '6.2.1', '2.4.1', '1.3.1', '6.3.1', '4.1.3', '4.2.1', '3.6.1', '1.16.3', '1.3.99', '1.17.1', '1.14.18']"
Anileridine,87,22,"['1.22.1', '3.4.16', '3.8.1', '1.14.3', '1.21.1', '6.3.2', '1.14.13', '1.14.15', '1.11.2', '1.1.1', '1.10.3', '3.2.1', '3.4.15', '2.3.1', '1.17.1', '1.14.12', '1.14.14', '3.1.1', '6.2.1', '3.6.1', '3.4.21', '1.14.18']"
Amantadine,10,6,"['1.14.15', '1.14.13', '3.10.1', '1.3.1', '1.14.14', '1.14.18']"
Metronidazole,28,34,"['1.2.7', '4.2.3', '2.7.1', '3.1.3', '3.8.1', '6.3.2', '1.14.13', '1.14.15', '3.1.5', '1.1.1', '2.6.1', '3.2.1', '1.7.1', '3.4.15', '3.4.19', '1.7.3', '1.1.3', '3.1.6', '1.14.99', '1.2.99', '1.2.1', '3.4.11', '1.11.1', '1.14.14', '3.1.1', '1.1.99', '5.1.3', '2.4.1', '4.1.3', '4.2.1', '3.6.1', '1.16.3', '1.17.1', '1.12.99']"
Dinoprostone,186,43,"['5.3.99', '4.2.3', '2.7.1', '3.1.3', '4.1.99', '4.2.2', '1.14.19', '5.3.3', '1.14.15', '1.14.13', '3.1.5', '1.1.1', '3.2.1', '1.14.21', '3.4.15', '5.2.1', '1.14.11', '1.13.11', '1.1.3', '3.1.6', '1.3.8', '1.6.99', '1.14.99', '1.2.1', '1.3.3', '1.11.1', '1.14.12', '2.5.1', '3.1.2', '1.14.14', '3.1.1', '1.1.99', '5.1.3', '1.17.99', '2.4.1', '4.2.1', '1.3.1', '4.1.3', '3.6.1', '1.16.3', '1.3.99', '1.17.1', '1.14.18']"
Almotriptan,34,15,"['1.14.13', '1.14.15', '1.14.99', '1.13.99', '3.2.1', '1.14.18', '1.3.1', '1.14.3', '3.4.15', '1.3.99', '1.14.19', '1.17.1', '1.14.14', '3.8.1', '1.13.11']"
Spectinomycin,86,32,"['4.2.3', '2.7.1', '3.1.3', '4.2.2', '1.14.15', '1.14.13', '3.1.5', '1.1.1', '3.2.1', '3.4.15', '3.4.19', '2.3.1', '1.1.3', '3.1.6', '1.11.1', '1.14.12', '2.5.1', '1.14.14', '3.1.1', '1.5.1', '1.1.99', '5.1.3', '1.17.99', '6.2.1', '2.4.1', '4.2.1', '1.3.1', '4.1.3', '3.6.1', '1.16.3', '1.17.1', '1.14.18']"
Ketotifen,47,15,"['1.14.13', '1.14.15', '1.11.2', '1.14.99', '1.1.1', '3.2.1', '1.14.18', '1.14.12', '1.3.1', '1.14.3', '4.2.2', '1.17.1', '1.14.14', '3.8.1', '1.13.11']"
Buprenorphine,63,25,"['3.1.3', '1.14.19', '3.8.1', '1.14.3', '1.14.15', '1.14.13', '1.11.2', '3.1.5', '3.2.1', '3.1.6', '1.14.99', '1.11.1', '2.8.2', '1.14.14', '1.13.12', '2.1.1', '6.2.1', '2.4.1', '1.3.1', '4.2.1', '3.6.1', '1.16.3', '1.3.99', '1.17.1', '1.14.18']"
Cyclobenzaprine,42,10,"['1.14.13', '1.14.15', '1.11.2', '1.14.99', '1.14.18', '1.14.12', '1.14.3', '1.14.14', '3.8.1', '1.13.11']"
Phenoxybenzamine,72,17,"['1.22.1', '1.14.3', '3.8.1', '1.21.1', '1.14.13', '1.11.2', '1.14.15', '1.10.3', '3.2.1', '1.14.12', '1.14.14', '1.14.16', '2.1.1', '6.2.1', '2.4.1', '3.6.1', '1.14.18']"
Famotidine,13,17,"['6.3.2', '1.14.15', '1.14.13', '1.1.1', '3.2.1', '2.7.1', '3.10.1', '3.4.11', '5.1.3', '4.1.3', '4.2.1', '3.4.15', '3.4.19', '2.5.1', '1.14.14', '1.8.3', '3.1.1']"
Azacitidine,78,43,"['2.4.2', '4.2.3', '2.7.1', '3.1.3', '3.5.4', '4.2.2', '3.8.1', '6.3.2', '1.14.15', '1.14.13', '3.1.5', '1.1.1', '3.2.1', '3.3.2', '5.3.1', '1.7.1', '3.4.15', '3.4.19', '1.7.3', '5.4.99', '1.1.3', '3.1.6', '1.2.1', '1.11.1', '3.4.11', '1.6.6', '2.5.1', '1.14.14', '3.2.2', '3.1.1', '1.1.99', '1.8.99', '5.1.3', '6.2.1', '2.4.1', '4.2.1', '1.3.1', '4.1.3', '3.5.99', '3.6.1', '1.16.3', '1.17.1', '1.14.18']"
Misoprostol,187,44,"['5.3.99', '3.4.16', '2.7.1', '3.1.3', '4.2.3', '4.1.99', '4.2.2', '1.14.19', '3.5.1', '5.3.3', '6.3.2', '1.14.15', '1.14.13', '3.1.5', '1.1.1', '3.2.1', '3.4.15', '2.3.1', '1.14.11', '1.13.11', '1.1.3', '3.1.6', '1.3.8', '1.14.99', '1.17.1', '1.11.1', '1.3.3', '3.1.2', '1.14.14', '3.1.1', '1.1.99', '5.1.3', '1.17.99', '6.2.1', '2.4.1', '4.2.1', '1.3.1', '4.1.3', '2.7.2', '1.16.3', '3.6.1', '1.3.99', '3.4.21', '1.14.18']"
Metacycline,117,36,"['1.22.1', '5.3.99', '2.7.1', '3.1.3', '4.2.2', '3.4.13', '3.8.1', '3.5.1', '1.14.3', '1.21.1', '1.14.13', '1.14.15', '1.11.2', '3.1.5', '1.1.1', '3.2.1', '3.4.15', '1.14.11', '1.1.3', '3.1.6', '1.14.99', '1.11.1', '1.14.12', '2.8.2', '1.14.14', '1.14.16', '1.1.99', '5.1.3', '2.4.1', '1.3.1', '4.2.1', '4.1.3', '3.7.1', '3.6.1', '1.16.3', '1.14.18']"
Tipranavir,148,26,"['3.4.16', '3.1.3', '4.2.2', '1.14.19', '3.8.1', '1.14.3', '1.14.15', '1.14.13', '3.1.5', '1.1.1', '3.2.1', '2.3.1', '1.13.11', '3.1.6', '1.14.99', '1.17.1', '1.14.14', '1.2.3', '3.1.1', '1.17.99', '6.2.1', '1.3.1', '3.6.1', '1.3.99', '3.4.21', '1.14.18']"
Mesoridazine,89,12,"['1.14.13', '1.14.15', '1.14.99', '3.2.1', '1.14.12', '1.3.1', '1.14.3', '1.3.99', '1.14.19', '1.14.14', '3.8.1', '1.14.18']"
Maprotiline,58,15,"['1.14.13', '1.14.15', '1.4.3', '1.11.2', '1.13.11', '1.14.99', '1.14.12', '1.3.1', '1.14.3', '1.3.99', '1.14.19', '1.14.14', '3.8.1', '1.14.18', '1.14.16']"
Oxymetazoline,30,22,"['1.22.1', '2.7.1', '3.1.3', '3.8.1', '1.14.3', '1.21.1', '1.14.13', '1.11.2', '1.14.15', '2.6.1', '3.2.1', '1.1.3', '3.1.6', '1.11.1', '2.8.2', '1.14.14', '1.14.16', '5.1.3', '4.1.3', '4.2.1', '1.17.1', '1.14.18']"
Salicylic acid,75,40,"['1.6.5', '1.97.1', '1.22.1', '4.2.3', '2.7.1', '3.1.3', '4.2.2', '1.14.19', '3.8.1', '3.5.1', '1.14.3', '1.21.1', '6.3.2', '1.14.13', '1.11.2', '3.1.5', '1.1.1', '1.10.3', '3.2.1', '3.4.15', '3.4.19', '5.2.1', '3.1.6', '1.6.99', '1.2.1', '1.11.1', '3.4.11', '1.14.12', '2.8.2', '1.14.14', '3.1.1', '1.14.16', '4.1.1', '5.1.3', '2.4.1', '4.1.3', '4.2.1', '3.6.1', '1.16.3', '1.14.18']"
Diethylpropion,52,27,"['1.22.1', '2.7.1', '3.8.1', '1.14.3', '1.21.1', '1.14.13', '1.11.2', '1.14.15', '1.1.1', '1.10.3', '3.2.1', '2.6.1', '3.4.15', '3.4.19', '1.13.11', '1.11.1', '1.2.1', '1.14.12', '1.14.14', '3.1.1', '1.14.16', '5.1.3', '1.3.1', '4.1.3', '4.2.1', '3.7.1', '1.14.18']"
Salmeterol,119,35,"['1.22.1', '2.7.1', '3.1.3', '1.14.19', '3.8.1', '1.14.3', '1.21.1', '1.14.15', '1.14.13', '1.11.2', '3.1.5', '1.1.1', '1.10.3', '3.2.1', '1.1.3', '3.1.6', '1.14.99', '1.11.1', '1.2.1', '1.14.12', '2.8.2', '1.14.14', '1.14.16', '1.4.3', '5.1.3', '6.2.1', '2.4.1', '1.3.1', '4.1.3', '4.2.1', '3.6.1', '1.16.3', '1.3.99', '1.17.1', '1.14.18']"
Meclofenamic acid,117,41,"['1.6.5', '1.97.1', '1.22.1', '2.7.1', '3.1.3', '4.2.2', '1.14.19', '3.8.1', '3.5.1', '1.14.3', '1.21.1', '1.14.13', '1.11.2', '1.14.15', '3.1.5', '1.1.1', '1.10.3', '3.2.1', '2.6.1', '3.4.15', '5.2.1', '1.13.11', '1.1.3', '3.1.6', '1.14.99', '1.2.1', '1.11.1', '1.14.12', '1.14.14', '3.1.1', '1.14.16', '4.1.1', '1.8.99', '5.1.3', '1.3.98', '2.4.1', '4.1.3', '4.2.1', '3.6.1', '1.16.3', '1.14.18']"
Zalcitabine,46,48,"['1.6.5', '6.3.4', '1.22.1', '2.4.2', '4.2.3', '2.7.1', '3.1.3', '3.5.4', '4.2.2', '1.14.19', '3.8.1', '1.14.3', '1.21.1', '6.3.2', '1.14.13', '1.14.15', '1.11.2', '3.1.5', '1.1.1', '3.2.1', '1.7.1', '3.4.15', '3.4.19', '5.4.99', '1.1.3', '3.1.6', '1.14.99', '1.2.1', '1.11.1', '3.4.11', '1.14.12', '1.14.14', '1.14.16', '3.2.2', '3.1.1', '1.1.99', '1.8.99', '5.1.3', '6.2.1', '2.4.1', '1.3.1', '4.2.1', '4.1.3', '3.6.1', '1.16.3', '1.3.99', '1.17.1', '1.14.18']"
Acetylsalicylic acid,86,42,"['1.6.5', '1.22.1', '4.2.3', '2.7.1', '3.1.3', '4.2.2', '1.14.19', '3.8.1', '3.5.1', '1.14.3', '1.21.1', '6.3.2', '1.14.13', '1.11.2', '1.14.15', '3.1.5', '1.1.1', '1.10.3', '3.2.1', '3.4.15', '3.4.19', '5.2.1', '3.1.6', '1.14.99', '1.2.1', '1.11.1', '1.14.12', '3.1.2', '1.14.14', '3.1.1', '1.14.16', '4.1.1', '2.1.1', '5.1.3', '6.2.1', '2.4.1', '1.3.1', '4.1.3', '4.2.1', '3.6.1', '1.16.3', '1.14.18']"
Phenprocoumon,134,27,"['1.6.5', '1.22.1', '2.7.1', '3.1.3', '4.2.2', '1.14.19', '3.8.1', '1.14.3', '1.21.1', '1.14.13', '1.14.15', '1.11.2', '1.10.3', '3.2.1', '1.13.11', '3.1.6', '1.14.99', '1.11.1', '1.14.12', '2.8.2', '1.14.14', '3.1.1', '1.14.16', '5.1.3', '4.1.3', '4.2.1', '1.14.18']"
Felbamate,49,31,"['1.6.5', '1.22.1', '2.7.1', '3.10.1', '4.2.2', '1.14.19', '3.8.1', '3.5.1', '1.21.1', '6.3.2', '1.14.13', '1.11.2', '1.10.3', '3.2.1', '2.3.2', '3.4.15', '3.4.19', '3.4.11', '1.14.12', '1.14.14', '3.1.1', '1.14.16', '2.1.3', '6.1.2', '5.1.3', '6.2.1', '4.1.3', '6.3.1', '4.2.1', '3.6.1', '1.14.18']"
Fexofenadine,88,23,"['3.1.3', '1.14.19', '1.14.3', '3.8.1', '1.14.15', '1.14.13', '3.1.5', '1.1.1', '3.2.1', '5.2.1', '3.1.6', '1.14.99', '1.2.1', '1.11.1', '1.14.14', '3.1.1', '2.4.1', '1.3.1', '4.2.1', '1.16.3', '1.3.99', '1.17.1', '1.14.18']"
Isoniazid,18,26,"['1.6.5', '1.22.1', '2.7.1', '4.2.2', '1.14.19', '3.8.1', '3.5.1', '1.21.1', '6.3.2', '1.14.13', '1.11.2', '3.2.1', '3.4.15', '3.4.19', '1.11.1', '3.4.11', '1.14.12', '1.14.14', '1.2.3', '3.1.1', '1.14.16', '5.1.3', '4.1.3', '4.2.1', '1.17.1', '1.14.18']"
Naratriptan,36,12,"['1.14.13', '1.14.15', '1.11.2', '3.2.1', '1.14.18', '1.14.3', '3.4.15', '2.5.1', '1.17.1', '1.14.14', '3.8.1', '1.13.11']"
Rizatriptan,30,10,"['1.14.13', '1.11.2', '1.13.99', '1.13.11', '1.14.3', '1.17.1', '1.14.14', '3.8.1', '1.14.18', '1.14.16']"
Hydrocodone,61,33,"['1.22.1', '2.7.1', '4.2.2', '1.14.19', '3.8.1', '1.14.3', '1.21.1', '1.14.13', '1.14.15', '1.11.2', '1.1.1', '3.2.1', '3.3.2', '3.4.15', '1.3.8', '1.14.99', '1.3.3', '1.14.14', '3.1.1', '1.14.16', '2.1.1', '1.1.99', '5.1.3', '1.17.99', '6.2.1', '2.4.1', '1.3.1', '4.2.1', '4.1.3', '3.6.1', '1.3.99', '1.17.1', '1.14.18']"
Norgestimate,106,21,"['3.4.16', '4.2.2', '1.14.19', '3.5.1', '5.3.3', '1.14.15', '1.14.13', '1.1.1', '3.2.1', '2.3.1', '1.13.11', '1.14.99', '1.14.14', '3.1.1', '1.17.99', '6.2.1', '1.3.1', '3.6.1', '1.3.99', '3.4.21', '1.14.18']"
Methylprednisolone,127,35,"['2.7.1', '3.1.3', '4.1.99', '4.2.2', '1.14.19', '5.3.3', '1.14.13', '1.14.15', '3.1.5', '1.1.1', '3.2.1', '3.3.2', '5.3.1', '3.4.15', '1.1.3', '3.1.6', '1.3.8', '1.14.99', '1.2.1', '1.3.3', '1.11.1', '2.5.1', '1.14.14', '3.1.1', '1.1.99', '5.1.3', '1.17.99', '2.4.1', '1.3.1', '4.2.1', '4.1.3', '3.6.1', '1.16.3', '1.3.99', '1.14.18']"
Pindolol,52,36,"['1.6.5', '1.22.1', '4.2.3', '2.7.1', '3.1.3', '1.14.19', '3.8.1', '1.14.3', '1.21.1', '1.14.15', '1.14.13', '1.11.2', '3.1.5', '1.1.1', '1.10.3', '3.2.1', '1.13.11', '1.1.3', '3.1.6', '1.11.1', '1.14.12', '2.5.1', '1.14.14', '1.14.16', '2.1.1', '1.5.1', '1.1.99', '5.1.3', '6.2.1', '2.4.1', '4.2.1', '1.3.1', '4.1.3', '3.6.1', '1.16.3', '1.14.18']"
Zaleplon,44,18,"['6.3.4', '2.7.1', '3.5.5', '3.8.1', '1.14.13', '1.14.15', '1.1.1', '3.2.1', '3.4.15', '1.7.1', '1.14.99', '1.2.1', '1.14.14', '1.2.3', '5.1.3', '4.1.3', '4.2.1', '1.14.18']"
Telmisartan,97,17,"['3.1.3', '1.14.3', '3.8.1', '1.14.15', '1.14.13', '3.1.5', '1.1.1', '2.6.1', '3.2.1', '5.2.1', '3.1.6', '1.2.1', '1.14.12', '1.14.14', '4.1.1', '1.17.1', '1.14.18']"
Desloratadine,40,14,"['1.14.13', '1.14.15', '1.13.99', '1.14.99', '1.3.3', '1.3.98', '1.14.3', '1.14.19', '1.17.1', '1.14.14', '3.8.1', '1.2.3', '1.14.18', '1.14.16']"
Methyldopa,92,43,"['1.6.5', '1.97.1', '1.22.1', '4.2.3', '2.7.1', '3.1.3', '3.10.1', '4.2.2', '3.4.13', '1.14.19', '3.8.1', '1.14.3', '1.21.1', '6.3.2', '1.14.13', '1.11.2', '1.14.15', '3.1.5', '1.1.1', '1.10.3', '3.2.1', '3.4.15', '3.4.19', '5.2.1', '1.13.11', '3.1.6', '1.2.1', '1.11.1', '3.4.11', '1.14.12', '2.8.2', '1.14.14', '1.14.16', '3.1.1', '5.1.3', '2.4.1', '1.3.1', '4.1.3', '4.2.1', '3.6.1', '1.16.3', '1.17.1', '1.14.18']"
Alosetron,46,23,"['1.22.1', '2.7.1', '4.2.2', '3.8.1', '1.14.3', '1.21.1', '1.14.13', '1.11.2', '1.13.99', '1.10.3', '3.2.1', '2.6.1', '3.4.15', '1.13.11', '1.14.99', '1.14.12', '1.14.14', '1.14.16', '5.1.3', '4.1.3', '4.2.1', '1.17.1', '1.14.18']"
Azelastine,82,15,"['1.14.13', '1.14.15', '1.11.2', '1.14.99', '3.2.1', '1.3.98', '1.14.12', '1.3.1', '1.14.3', '1.13.12', '1.3.99', '1.14.19', '1.14.14', '3.8.1', '1.14.18']"
Ezetimibe,100,32,"['1.22.1', '2.7.1', '3.1.3', '4.2.2', '1.14.19', '3.8.1', '1.14.3', '1.21.1', '1.14.15', '1.14.13', '1.11.2', '3.1.5', '1.1.1', '1.10.3', '3.2.1', '3.4.15', '3.1.6', '1.14.99', '1.11.1', '2.8.2', '1.14.14', '1.14.16', '5.1.3', '2.4.1', '1.3.1', '4.1.3', '4.2.1', '3.6.1', '1.16.3', '1.3.99', '1.17.1', '1.14.18']"
Dipyridamole,24,21,"['3.1.3', '1.14.19', '3.8.1', '1.14.15', '1.14.13', '3.1.5', '1.1.1', '3.2.1', '1.1.3', '3.1.6', '1.14.99', '1.2.1', '1.11.1', '1.14.14', '2.4.1', '1.3.1', '4.2.1', '3.6.1', '1.16.3', '1.3.99', '1.14.18']"
Telithromycin,169,26,"['3.4.16', '3.1.3', '1.14.19', '3.8.1', '1.14.3', '1.14.13', '1.14.15', '3.1.5', '1.1.1', '3.2.1', '2.3.1', '1.1.3', '3.1.6', '1.14.99', '1.2.1', '1.14.14', '1.2.3', '3.1.1', '6.2.1', '2.4.1', '4.2.1', '1.3.1', '3.6.1', '1.3.99', '3.4.21', '1.14.18']"
Ethinylestradiol,76,29,"['1.6.5', '1.22.1', '3.1.3', '4.1.99', '1.14.19', '3.8.1', '1.14.3', '1.21.1', '1.14.15', '1.14.13', '1.11.2', '3.1.5', '1.10.3', '3.2.1', '3.1.6', '1.14.99', '1.11.1', '1.14.12', '2.8.2', '1.14.14', '1.14.16', '2.4.1', '1.3.1', '4.2.1', '3.6.1', '1.16.3', '1.3.99', '1.17.1', '1.14.18']"
Lomefloxacin,32,29,"['1.22.1', '2.7.1', '3.1.3', '4.2.2', '3.8.1', '1.14.3', '1.21.1', '1.14.13', '1.11.2', '1.14.15', '3.1.5', '1.1.1', '3.2.1', '3.4.15', '3.1.6', '1.2.1', '1.11.1', '1.14.14', '3.1.1', '1.14.16', '4.1.1', '1.5.1', '5.1.3', '2.4.1', '4.1.3', '4.2.1', '3.6.1', '1.16.3', '1.14.18']"
Ramelteon,52,35,"['6.3.4', '1.22.1', '2.7.1', '4.2.2', '3.4.13', '3.8.1', '3.5.1', '1.14.3', '1.21.1', '6.3.2', '1.14.13', '1.14.15', '1.11.2', '1.1.1', '3.2.1', '3.4.15', '3.4.19', '1.3.3', '3.4.11', '1.14.14', '3.1.1', '1.14.16', '2.1.1', '5.1.3', '1.17.99', '6.2.1', '2.4.1', '1.3.1', '6.3.1', '4.1.3', '4.2.1', '3.6.1', '1.3.99', '1.17.1', '1.14.18']"
Isotretinoin,138,27,"['5.5.1', '3.1.3', '4.2.2', '1.14.19', '5.3.3', '1.14.15', '1.14.13', '1.1.1', '3.2.1', '1.14.21', '5.2.1', '1.13.11', '3.1.6', '1.3.8', '1.14.99', '1.2.1', '1.3.3', '1.14.12', '2.5.1', '1.14.14', '1.13.12', '3.1.1', '1.17.99', '1.3.1', '4.2.1', '1.3.99', '1.14.18']"
Formoterol,87,38,"['1.22.1', '2.7.1', '3.1.3', '4.2.2', '3.8.1', '3.5.1', '1.14.3', '1.21.1', '1.14.13', '1.11.2', '1.14.15', '3.1.5', '1.1.1', '1.10.3', '3.2.1', '3.3.2', '3.4.15', '3.4.19', '3.1.6', '1.11.1', '1.14.12', '2.8.2', '1.14.14', '3.1.1', '1.14.16', '2.1.1', '1.5.1', '1.8.99', '5.1.3', '6.2.1', '2.4.1', '1.3.1', '4.1.3', '4.2.1', '3.6.1', '1.16.3', '1.17.1', '1.14.18']"
Dimenhydrinate,0,0,[]
Glycopyrronium,70,38,"['1.22.1', '3.4.16', '2.7.1', '3.1.3', '4.2.2', '1.14.19', '3.8.1', '1.14.3', '1.21.1', '6.3.2', '1.14.15', '1.14.13', '1.11.2', '3.1.5', '1.1.1', '1.10.3', '3.2.1', '3.4.15', '3.4.19', '2.3.1', '3.1.6', '1.14.99', '1.11.1', '1.14.12', '1.14.14', '3.1.1', '1.14.16', '5.1.3', '6.2.1', '2.4.1', '1.3.1', '4.1.3', '4.2.1', '3.6.1', '1.16.3', '1.3.99', '3.4.21', '1.14.18']"
Rivastigmine,52,29,"['1.6.5', '1.22.1', '2.7.1', '4.2.2', '1.14.19', '3.8.1', '1.14.3', '1.21.1', '1.14.13', '1.11.2', '1.14.15', '1.10.3', '3.2.1', '3.4.15', '3.4.19', '1.11.1', '1.14.12', '3.1.2', '1.14.14', '3.1.1', '1.14.16', '2.1.1', '5.1.3', '6.2.1', '2.4.1', '4.1.3', '4.2.1', '3.6.1', '1.14.18']"
Exemestane,106,23,"['4.2.2', '1.14.19', '1.14.15', '1.14.13', '1.1.1', '3.2.1', '1.14.21', '1.7.3', '1.1.3', '1.3.8', '1.6.99', '1.14.99', '1.3.3', '1.14.14', '1.4.3', '1.1.99', '1.17.99', '1.3.1', '4.2.1', '3.7.1', '1.3.99', '1.17.1', '1.14.18']"
Oxaprozin,98,35,"['1.22.1', '2.7.1', '3.1.3', '4.2.2', '3.8.1', '1.14.3', '1.21.1', '1.14.13', '1.14.15', '1.11.2', '3.1.5', '1.1.1', '1.10.3', '3.2.1', '3.4.15', '3.4.19', '5.2.1', '3.1.6', '1.2.1', '1.11.1', '3.4.11', '1.14.12', '1.14.14', '3.1.1', '1.14.16', '5.1.3', '1.17.99', '2.4.1', '1.3.1', '4.1.3', '4.2.1', '3.6.1', '1.16.3', '1.17.1', '1.14.18']"
Azathioprine,17,19,"['1.2.7', '2.7.1', '3.8.1', '1.14.13', '1.1.1', '3.2.1', '1.7.1', '3.4.15', '3.4.19', '1.14.99', '1.2.99', '3.4.11', '1.14.14', '5.1.3', '4.1.3', '4.2.1', '1.17.5', '1.17.1', '1.12.99']"
Auranofin,50,20,"['3.4.16', '2.7.1', '4.2.2', '3.5.1', '6.3.2', '1.14.13', '1.14.15', '1.1.1', '3.2.1', '2.3.1', '1.14.99', '1.14.14', '3.1.1', '5.1.3', '6.2.1', '1.3.1', '4.1.3', '4.2.1', '3.6.1', '3.4.21']"
Gabapentin,48,36,"['4.2.3', '2.7.1', '3.1.3', '3.10.1', '4.2.2', '1.14.19', '6.3.2', '1.14.15', '1.14.13', '3.1.5', '1.1.1', '3.4.24', '3.2.1', '3.4.15', '3.4.19', '5.2.1', '3.1.6', '1.14.99', '1.2.1', '1.11.1', '3.4.11', '1.14.12', '1.14.14', '3.1.1', '1.4.3', '5.1.3', '1.17.99', '2.4.1', '1.3.1', '4.1.3', '4.2.1', '3.6.1', '1.16.3', '1.3.99', '1.17.1', '1.14.18']"
Frovatriptan,42,26,"['1.22.1', '2.7.1', '3.8.1', '3.5.1', '1.14.3', '1.21.1', '1.14.13', '1.14.15', '1.11.2', '1.13.99', '1.10.3', '3.2.1', '2.3.2', '3.4.15', '3.4.19', '3.4.11', '1.14.14', '3.1.1', '1.14.16', '1.5.1', '5.1.3', '4.2.1', '6.3.1', '4.1.3', '1.17.1', '1.14.18']"
Hydrochlorothiazide,29,25,"['1.6.5', '1.97.1', '1.22.1', '2.7.1', '4.2.2', '1.14.19', '3.8.1', '1.21.1', '1.14.13', '1.11.2', '1.10.3', '3.2.1', '3.4.15', '3.4.19', '3.4.11', '1.14.12', '1.14.14', '3.1.1', '1.14.16', '1.8.99', '5.1.3', '1.3.98', '4.1.3', '4.2.1', '1.14.18']"
Albuterol,62,35,"['1.6.5', '1.22.1', '4.2.3', '2.7.1', '3.1.3', '1.14.19', '3.8.1', '1.14.3', '1.21.1', '1.14.13', '1.11.2', '1.14.15', '3.1.5', '1.1.1', '1.10.3', '3.2.1', '1.1.3', '3.1.6', '1.14.99', '1.11.1', '1.2.1', '1.14.12', '2.8.2', '1.14.14', '1.14.16', '1.4.3', '5.1.3', '2.4.1', '1.3.1', '4.1.3', '4.2.1', '3.6.1', '1.16.3', '1.17.1', '1.14.18']"
Cromoglicic acid,90,36,"['1.22.1', '2.7.1', '3.1.3', '4.2.2', '1.14.19', '3.8.1', '1.14.3', '1.21.1', '1.14.15', '1.14.13', '1.11.2', '3.1.5', '1.1.1', '1.10.3', '3.2.1', '5.2.1', '1.1.3', '3.1.6', '1.14.99', '1.2.1', '1.11.1', '2.5.1', '1.14.14', '3.1.1', '1.14.16', '2.1.1', '1.1.99', '5.1.3', '6.2.1', '2.4.1', '4.2.1', '1.3.1', '4.1.3', '3.6.1', '1.16.3', '1.14.18']"
Ganciclovir,38,39,"['6.3.4', '4.2.3', '2.7.1', '3.1.3', '3.5.4', '4.2.2', '6.3.5', '3.8.1', '6.3.2', '1.14.13', '1.14.15', '3.1.5', '1.1.1', '3.2.1', '3.3.2', '1.7.1', '3.4.15', '3.4.19', '5.4.99', '1.1.3', '3.1.6', '1.2.1', '1.11.1', '3.4.11', '1.14.12', '1.6.6', '1.14.14', '3.1.1', '1.1.99', '1.8.99', '5.1.3', '6.2.1', '2.4.1', '4.2.1', '4.1.3', '3.5.99', '3.6.1', '1.16.3', '1.17.1']"
Hydroxyurea,12,15,"['6.3.2', '1.14.13', '3.5.3', '2.7.1', '3.10.1', '3.4.11', '3.2.1', '2.3.2', '6.3.1', '4.1.3', '4.2.1', '5.1.3', '3.4.15', '3.4.19', '1.14.14']"
Letrozole,14,6,"['1.14.13', '1.11.2', '1.17.1', '1.14.14', '3.8.1', '1.14.18']"
Busulfan,15,20,"['2.7.1', '1.14.19', '6.3.2', '1.14.15', '1.14.13', '3.2.1', '3.4.15', '3.4.19', '1.14.99', '3.4.11', '1.14.14', '3.1.1', '5.1.3', '6.2.1', '1.3.1', '4.1.3', '4.2.1', '3.6.1', '1.3.99', '1.14.18']"
Ketoprofen,141,33,"['1.6.5', '1.22.1', '2.7.1', '3.1.3', '4.2.2', '1.14.19', '3.8.1', '1.14.3', '1.21.1', '1.14.13', '1.11.2', '1.14.15', '1.1.1', '1.10.3', '3.2.1', '2.6.1', '5.2.1', '1.13.11', '3.1.6', '1.2.1', '1.11.1', '1.14.12', '1.14.14', '1.13.12', '3.1.1', '1.14.16', '5.1.3', '2.4.1', '4.1.3', '4.2.1', '1.3.1', '1.16.3', '1.14.18']"
Metyrapone,44,24,"['1.22.1', '2.7.1', '4.2.2', '3.8.1', '1.14.3', '1.21.1', '1.14.13', '1.11.2', '1.14.15', '1.13.99', '1.1.1', '1.10.3', '3.2.1', '1.11.1', '1.2.1', '1.14.14', '1.2.3', '5.1.3', '1.3.1', '4.1.3', '4.2.1', '3.7.1', '1.17.1', '1.14.18']"
Cinacalcet,58,11,"['1.14.13', '1.14.15', '1.11.2', '1.13.11', '1.14.12', '1.14.3', '1.17.1', '1.14.14', '3.8.1', '1.14.18', '1.14.16']"
Clobetasol propionate,131,32,"['3.4.16', '3.1.3', '4.2.2', '1.14.19', '5.3.3', '6.3.2', '1.14.15', '1.14.13', '1.1.1', '3.2.1', '2.3.1', '1.13.11', '1.1.3', '3.1.6', '1.3.8', '1.14.99', '1.17.1', '1.11.1', '1.3.3', '2.5.1', '1.14.14', '3.1.1', '1.1.99', '1.17.99', '6.2.1', '2.4.1', '1.3.1', '4.2.1', '1.16.3', '1.3.99', '3.4.21', '1.14.18']"
Balsalazide,124,41,"['1.6.5', '1.22.1', '2.7.1', '3.1.3', '4.2.2', '1.14.19', '3.8.1', '3.5.1', '1.14.3', '1.21.1', '6.3.2', '1.14.15', '1.14.13', '1.11.2', '3.1.5', '1.1.1', '1.10.3', '3.2.1', '1.7.1', '3.4.15', '3.4.19', '5.2.1', '3.1.6', '1.2.1', '1.11.1', '2.8.2', '1.14.14', '3.1.1', '1.14.16', '4.1.1', '5.1.3', '1.17.99', '2.4.1', '1.3.1', '4.1.3', '4.2.1', '3.7.1', '3.6.1', '1.16.3', '1.17.1', '1.14.18']"
Sulfamethoxazole,37,23,"['1.22.1', '2.7.1', '3.5.4', '4.2.2', '3.8.1', '1.21.1', '1.14.13', '1.11.2', '1.1.1', '1.10.3', '3.2.1', '2.6.1', '1.7.1', '3.4.15', '1.14.99', '1.14.12', '1.14.14', '1.14.16', '1.8.99', '5.1.3', '4.1.3', '4.2.1', '1.14.18']"
Glyburide,95,24,"['2.7.1', '1.14.19', '3.8.1', '3.5.1', '1.14.3', '1.14.13', '1.14.15', '1.11.2', '3.2.1', '3.4.15', '1.14.99', '1.14.14', '2.1.1', '5.1.3', '1.3.98', '2.4.1', '6.2.1', '1.3.1', '4.1.3', '4.2.1', '3.6.1', '1.3.99', '1.17.1', '1.14.18']"
Minocycline,97,36,"['1.22.1', '5.3.99', '2.7.1', '3.1.3', '4.2.2', '3.4.13', '3.8.1', '3.5.1', '1.14.3', '1.21.1', '1.14.13', '1.14.15', '1.11.2', '3.1.5', '1.1.1', '3.2.1', '3.4.15', '1.1.3', '3.1.6', '1.14.99', '1.11.1', '1.14.12', '2.8.2', '1.14.14', '1.1.99', '5.1.3', '1.17.99', '2.4.1', '1.3.1', '4.2.1', '4.1.3', '3.7.1', '3.6.1', '1.16.3', '1.17.1', '1.14.18']"
Guanfacine,46,32,"['1.97.1', '6.3.4', '1.22.1', '2.7.1', '3.10.1', '3.5.4', '3.4.13', '1.14.19', '3.8.1', '3.5.1', '1.21.1', '6.3.2', '1.14.13', '1.11.2', '1.1.1', '3.2.1', '3.4.15', '3.4.19', '2.8.1', '3.4.11', '1.14.12', '1.14.14', '3.1.1', '1.14.16', '5.1.3', '3.5.3', '1.3.98', '4.1.3', '6.3.1', '4.2.1', '1.17.1', '1.14.18']"
Bethanechol,11,21,"['2.7.1', '3.10.1', '3.5.1', '6.3.2', '1.14.13', '1.14.15', '3.2.1', '2.3.2', '3.4.15', '3.4.19', '3.4.11', '1.14.14', '3.1.1', '2.1.3', '6.1.2', '5.1.3', '6.2.1', '4.1.3', '6.3.1', '4.2.1', '3.6.1']"
Isosorbide mononitrate,24,33,"['4.2.3', '2.7.1', '3.1.3', '4.2.2', '6.3.2', '1.14.15', '1.14.13', '3.1.5', '1.1.1', '3.2.1', '3.4.15', '3.4.19', '1.7.3', '5.4.99', '1.1.3', '3.1.6', '1.14.99', '1.11.1', '3.4.11', '2.5.1', '1.1.5', '1.14.14', '3.1.1', '1.1.99', '5.1.3', '6.2.1', '2.4.1', '1.3.1', '4.2.1', '4.1.3', '3.6.1', '1.16.3', '1.14.18']"
Phylloquinone,221,21,"['1.6.5', '1.7.5', '4.2.2', '1.14.19', '1.14.3', '3.8.1', '5.3.3', '1.14.15', '1.14.13', '1.1.1', '3.2.1', '1.13.11', '1.14.99', '1.14.12', '1.14.14', '1.17.99', '1.3.1', '4.2.1', '3.7.1', '1.3.99', '1.14.18']"
Felodipine,54,28,"['1.22.1', '3.4.16', '2.7.1', '4.2.2', '1.14.19', '3.8.1', '3.5.1', '1.14.3', '1.21.1', '6.3.2', '1.14.13', '1.11.2', '1.14.15', '1.1.1', '3.2.1', '3.4.15', '2.3.1', '1.14.12', '1.14.14', '3.1.1', '5.1.3', '1.3.98', '6.2.1', '4.1.3', '4.2.1', '3.6.1', '3.4.21', '1.14.18']"
Mycophenolic acid,93,43,"['1.6.5', '5.5.1', '2.7.1', '3.1.3', '4.2.2', '1.14.19', '3.8.1', '5.3.3', '1.14.15', '1.14.13', '1.11.2', '3.1.5', '1.1.1', '2.6.1', '3.2.1', '3.3.2', '3.4.15', '5.2.1', '1.13.11', '1.1.3', '3.1.6', '1.3.8', '1.14.99', '1.2.1', '1.3.3', '1.11.1', '2.8.2', '1.14.14', '3.1.1', '1.14.16', '2.1.1', '5.1.3', '1.17.99', '6.2.1', '2.4.1', '1.3.1', '4.1.3', '4.2.1', '3.6.1', '1.16.3', '1.3.99', '1.17.1', '1.14.18']"
Amlexanox,62,36,"['1.22.1', '2.7.1', '3.1.3', '4.2.2', '1.14.19', '3.8.1', '3.5.1', '1.14.3', '1.21.1', '1.14.13', '1.11.2', '1.14.15', '3.1.5', '1.1.1', '1.10.3', '3.2.1', '1.7.1', '3.4.15', '3.1.6', '1.14.99', '1.2.1', '1.11.1', '1.14.12', '1.14.14', '1.2.3', '3.1.1', '1.14.16', '4.1.1', '1.8.99', '5.1.3', '2.4.1', '4.1.3', '4.2.1', '3.6.1', '1.16.3', '1.14.18']"
Ketoconazole,46,22,"['2.7.1', '4.2.2', '1.14.19', '1.14.3', '3.8.1', '1.14.13', '1.11.2', '1.14.15', '1.1.1', '3.2.1', '3.4.15', '1.14.99', '1.14.14', '2.1.1', '5.1.3', '1.3.98', '2.4.1', '6.2.1', '4.1.3', '4.2.1', '3.6.1', '1.14.18']"
Methoxyflurane,0,0,[]
Irbesartan,79,14,"['1.14.13', '1.14.15', '1.14.99', '1.1.1', '1.2.1', '3.2.1', '1.3.1', '1.14.3', '3.4.15', '1.3.99', '1.14.19', '1.14.14', '3.8.1', '1.14.18']"
Topotecan,60,33,"['1.22.1', '3.4.16', '2.7.1', '3.1.3', '4.2.2', '3.8.1', '1.14.3', '1.21.1', '6.3.2', '1.14.15', '1.14.13', '1.11.2', '3.1.5', '1.1.1', '1.10.3', '3.2.1', '3.4.15', '2.3.1', '3.1.6', '1.11.1', '2.8.2', '1.14.14', '1.2.3', '3.1.1', '5.1.3', '6.2.1', '2.4.1', '4.1.3', '4.2.1', '3.6.1', '1.16.3', '3.4.21', '1.14.18']"
Probenecid,49,32,"['1.22.1', '2.7.1', '3.1.3', '4.2.2', '3.8.1', '1.14.3', '1.21.1', '1.14.15', '1.14.13', '1.11.2', '3.1.5', '1.1.1', '1.10.3', '3.2.1', '3.4.15', '3.4.19', '5.2.1', '3.1.6', '1.2.1', '1.11.1', '1.14.12', '1.14.14', '3.1.1', '1.14.16', '4.1.1', '5.1.3', '2.4.1', '4.1.3', '4.2.1', '3.6.1', '1.16.3', '1.14.18']"
Mercaptopurine,10,5,"['1.14.13', '1.17.5', '1.17.1', '1.14.14', '3.8.1']"
Procainamide,27,26,"['1.22.1', '2.7.1', '3.5.4', '3.8.1', '3.5.1', '1.14.3', '1.21.1', '1.14.13', '1.11.2', '1.14.15', '1.1.1', '1.10.3', '3.2.1', '1.7.1', '3.4.15', '3.4.19', '3.4.11', '1.14.12', '1.14.14', '3.1.1', '1.14.16', '1.8.99', '5.1.3', '4.1.3', '4.2.1', '1.14.18']"
Tolterodine,76,19,"['1.22.1', '3.1.3', '1.14.3', '3.8.1', '1.21.1', '1.14.13', '1.14.15', '1.11.2', '1.10.3', '3.2.1', '2.6.1', '1.1.3', '3.1.6', '1.11.1', '1.14.12', '2.8.2', '1.14.14', '1.14.16', '1.14.18']"
Selegiline,27,13,"['1.21.1', '1.14.13', '1.22.1', '1.11.2', '1.14.15', '1.13.11', '1.10.3', '1.14.12', '1.14.3', '1.14.14', '3.8.1', '1.14.18', '1.14.16']"
Fenofibrate,89,26,"['1.22.1', '3.4.16', '4.2.2', '1.14.19', '3.8.1', '1.14.3', '1.21.1', '6.3.2', '1.14.13', '1.11.2', '1.14.15', '1.1.1', '1.10.3', '3.2.1', '2.3.1', '1.11.1', '1.14.12', '1.14.14', '1.13.12', '3.1.1', '2.1.1', '1.3.98', '2.4.1', '6.2.1', '3.4.21', '1.14.18']"
Thalidomide,71,38,"['6.3.4', '1.22.1', '2.7.1', '4.2.2', '3.4.13', '1.14.19', '3.8.1', '3.5.1', '1.14.3', '1.21.1', '6.3.2', '1.14.13', '1.14.15', '1.11.2', '1.1.1', '1.10.3', '3.2.1', '3.4.15', '3.4.19', '1.13.11', '1.3.8', '1.14.99', '3.5.2', '1.3.3', '3.4.11', '1.14.12', '1.14.14', '3.1.1', '1.14.16', '5.1.3', '1.17.99', '1.3.1', '6.3.1', '4.1.3', '4.2.1', '1.3.99', '1.17.1', '1.14.18']"
Melphalan,53,41,"['1.22.1', '2.7.1', '3.1.3', '3.10.1', '4.2.2', '3.4.13', '1.14.19', '1.4.1', '3.8.1', '1.14.3', '1.21.1', '4.3.1', '1.14.13', '1.11.2', '6.3.2', '3.1.5', '1.1.1', '1.10.3', '3.2.1', '3.4.15', '3.4.19', '5.2.1', '3.1.6', '1.2.1', '1.11.1', '3.4.11', '1.14.12', '1.14.14', '3.1.1', '1.14.16', '4.1.1', '1.4.3', '5.1.3', '2.4.1', '1.3.1', '4.1.3', '4.2.1', '3.6.1', '1.16.3', '1.17.1', '1.14.18']"
Memantine,21,5,"['1.14.15', '1.14.13', '1.3.1', '1.14.14', '1.14.18']"
Gatifloxacin,47,32,"['1.22.1', '2.7.1', '3.1.3', '4.2.2', '3.8.1', '1.14.3', '1.21.1', '1.14.15', '1.14.13', '1.11.2', '3.1.5', '1.1.1', '3.2.1', '3.3.2', '3.4.15', '3.1.6', '1.2.1', '1.11.1', '1.14.14', '3.1.1', '1.14.16', '4.1.1', '2.1.1', '1.5.1', '5.1.3', '6.2.1', '2.4.1', '4.1.3', '4.2.1', '3.6.1', '1.16.3', '1.14.18']"
Rifampin,141,31,"['3.4.16', '3.1.3', '1.14.19', '3.8.1', '3.5.1', '1.14.13', '1.14.15', '3.1.5', '1.1.1', '2.6.1', '3.2.1', '1.14.21', '2.3.1', '3.4.22', '1.1.3', '3.1.6', '1.14.99', '1.2.1', '1.3.3', '1.14.14', '3.1.1', '4.1.1', '2.1.1', '6.2.1', '2.4.1', '1.3.1', '4.2.1', '3.6.1', '1.3.99', '3.4.21', '1.14.18']"
Lubiprostone,173,34,"['2.7.1', '3.1.3', '4.2.2', '1.14.19', '1.14.15', '1.14.13', '3.1.5', '1.1.1', '3.2.1', '3.4.15', '5.2.1', '1.14.11', '3.1.6', '1.3.8', '1.14.99', '1.2.1', '1.3.3', '1.11.1', '1.14.14', '3.1.1', '1.1.99', '5.1.3', '1.17.99', '6.2.1', '2.4.1', '1.3.1', '4.1.3', '4.2.1', '3.6.1', '2.7.2', '1.16.3', '1.3.99', '1.17.1', '1.14.18']"
Fluocinonide,103,34,"['3.4.16', '2.7.1', '3.1.3', '4.2.2', '1.14.19', '3.5.1', '6.3.2', '1.14.13', '1.14.15', '3.1.5', '1.1.1', '3.2.1', '2.3.1', '1.1.3', '3.1.6', '1.3.8', '1.14.99', '1.11.1', '1.3.3', '1.14.14', '3.1.1', '1.1.99', '5.1.3', '1.17.99', '6.2.1', '2.4.1', '1.3.1', '4.2.1', '4.1.3', '1.16.3', '3.6.1', '1.3.99', '3.4.21', '1.14.18']"
Abacavir,44,32,"['6.3.4', '2.7.1', '3.1.3', '3.5.4', '1.14.19', '6.3.5', '3.8.1', '1.14.15', '1.14.13', '3.1.5', '1.1.1', '3.2.1', '1.7.1', '1.1.3', '3.1.6', '1.14.99', '1.2.1', '1.11.1', '1.6.6', '1.14.14', '1.8.99', '5.1.3', '2.4.1', '1.3.1', '4.1.3', '4.2.1', '3.5.99', '3.6.1', '1.16.3', '1.3.99', '1.17.1', '1.14.18']"
Ibuprofen,50,32,"['1.6.5', '1.22.1', '2.7.1', '3.1.3', '4.2.2', '1.14.19', '3.8.1', '1.14.3', '1.21.1', '1.14.15', '1.14.13', '1.11.2', '1.1.1', '1.10.3', '3.2.1', '2.6.1', '5.2.1', '3.1.6', '1.2.1', '1.11.1', '1.14.12', '1.14.14', '3.1.1', '1.14.16', '5.1.3', '2.4.1', '1.3.1', '4.1.3', '4.2.1', '1.16.3', '1.17.1', '1.14.18']"
Benzylpenicillin,75,40,"['6.3.4', '1.22.1', '2.7.1', '3.1.3', '4.2.2', '3.4.13', '3.8.1', '3.5.1', '1.14.3', '1.21.1', '6.3.2', '1.14.13', '1.11.2', '1.14.15', '3.1.5', '1.1.1', '1.10.3', '3.2.1', '2.3.2', '3.4.19', '3.4.15', '5.2.1', '3.1.6', '1.2.1', '1.11.1', '3.4.11', '1.14.12', '1.14.14', '3.1.1', '1.14.16', '3.4.21', '5.1.3', '2.4.1', '4.1.3', '6.3.1', '4.2.1', '3.6.1', '1.16.3', '1.17.1', '1.14.18']"
Nitrendipine,100,32,"['1.22.1', '1.2.7', '3.4.16', '2.7.1', '4.2.2', '3.8.1', '3.5.1', '1.14.3', '1.21.1', '6.3.2', '1.14.13', '1.11.2', '1.14.15', '1.1.1', '1.10.3', '3.2.1', '1.7.1', '3.4.15', '2.3.1', '1.14.99', '1.2.99', '1.14.12', '1.14.14', '3.1.1', '5.1.3', '6.2.1', '4.1.3', '4.2.1', '3.6.1', '3.4.21', '1.14.18', '1.12.99']"
Tocainide,32,34,"['1.22.1', '2.7.1', '3.10.1', '4.2.2', '3.8.1', '3.5.1', '1.14.3', '1.21.1', '1.14.13', '1.11.2', '1.14.15', '1.1.1', '2.6.1', '3.2.1', '2.3.2', '3.3.2', '3.4.19', '3.4.15', '3.4.22', '1.1.3', '1.14.99', '1.2.1', '3.4.11', '1.14.12', '1.14.14', '3.1.1', '1.14.16', '1.8.99', '5.1.3', '4.1.3', '6.3.1', '4.2.1', '3.4.21', '1.14.18']"
Praziquantel,78,27,"['1.22.1', '2.7.1', '4.2.2', '1.14.19', '3.8.1', '1.14.3', '1.21.1', '1.14.13', '1.14.15', '1.11.2', '1.1.1', '1.10.3', '3.2.1', '3.4.15', '1.13.11', '1.14.99', '1.14.12', '1.14.14', '3.1.1', '1.14.16', '5.1.3', '1.3.1', '4.1.3', '4.2.1', '1.3.99', '1.17.1', '1.14.18']"
Norfloxacin,32,29,"['1.22.1', '2.7.1', '3.1.3', '4.2.2', '3.8.1', '1.14.3', '1.21.1', '1.14.13', '1.11.2', '1.14.15', '3.1.5', '1.1.1', '1.10.3', '3.2.1', '3.4.15', '3.1.6', '1.2.1', '1.11.1', '1.14.14', '3.1.1', '1.14.16', '4.1.1', '5.1.3', '2.4.1', '4.1.3', '4.2.1', '3.6.1', '1.16.3', '1.14.18']"
Amoxicillin,76,44,"['6.3.4', '1.22.1', '2.7.1', '3.1.3', '3.10.1', '4.2.2', '3.4.13', '1.14.19', '3.8.1', '3.5.1', '1.14.3', '1.21.1', '6.3.2', '1.14.13', '1.11.2', '1.14.15', '3.1.5', '1.1.1', '1.10.3', '3.4.24', '3.2.1', '2.3.2', '3.4.19', '3.4.15', '5.2.1', '3.1.6', '3.5.2', '1.2.1', '1.11.1', '3.4.11', '1.14.12', '2.8.2', '1.14.14', '3.1.1', '1.14.16', '5.1.3', '2.4.1', '4.1.3', '6.3.1', '4.2.1', '3.6.1', '1.16.3', '3.4.21', '1.14.18']"
Oxybutynin,69,36,"['1.22.1', '3.4.16', '2.7.1', '3.1.3', '4.2.2', '1.14.19', '3.8.1', '1.14.3', '1.21.1', '6.3.2', '1.14.13', '1.14.15', '1.11.2', '3.1.5', '1.1.1', '1.10.3', '3.2.1', '3.4.15', '2.3.1', '3.1.6', '1.14.99', '1.11.1', '1.14.12', '1.14.14', '3.1.1', '5.1.3', '6.2.1', '2.4.1', '1.3.1', '4.1.3', '4.2.1', '3.6.1', '1.16.3', '1.3.99', '3.4.21', '1.14.18']"
Melatonin,46,40,"['1.6.5', '6.3.4', '1.22.1', '2.7.1', '4.2.2', '3.4.13', '1.14.19', '3.8.1', '3.5.1', '1.14.3', '1.21.1', '6.3.2', '1.14.13', '1.11.2', '1.14.15', '1.13.99', '1.1.1', '1.10.3', '3.2.1', '3.3.2', '3.4.15', '3.4.19', '2.3.1', '1.13.11', '1.14.99', '1.11.1', '3.4.11', '1.14.14', '3.1.1', '1.14.16', '2.1.1', '5.1.3', '6.2.1', '2.4.1', '4.1.3', '6.3.1', '4.2.1', '3.6.1', '1.17.1', '1.14.18']"
Cefditoren,33,33,"['6.3.4', '2.7.1', '3.1.3', '4.2.2', '3.4.13', '3.5.1', '6.3.2', '1.14.13', '3.1.5', '1.1.1', '2.6.1', '3.2.1', '2.3.2', '3.4.19', '1.7.1', '3.4.15', '5.2.1', '3.1.6', '1.2.1', '1.11.1', '3.4.11', '1.14.12', '1.14.14', '2.1.1', '5.1.3', '6.2.1', '2.4.1', '4.1.3', '4.2.1', '6.3.1', '3.6.1', '1.16.3', '3.4.21']"
Glipizide,70,19,"['2.7.1', '1.14.19', '3.8.1', '3.5.1', '1.14.13', '1.14.15', '2.6.1', '3.2.1', '3.4.15', '1.14.99', '1.14.14', '1.5.1', '5.1.3', '1.3.1', '4.1.3', '4.2.1', '1.3.99', '1.17.1', '1.14.18']"
Clonazepam,105,36,"['1.22.1', '1.2.7', '2.7.1', '4.2.2', '1.14.19', '3.8.1', '3.5.1', '1.21.1', '1.14.13', '1.11.2', '1.1.1', '1.10.3', '3.2.1', '2.3.2', '3.3.2', '1.7.1', '3.4.19', '3.4.15', '3.4.22', '1.13.11', '1.14.99', '1.2.99', '3.4.11', '1.14.12', '1.14.14', '3.1.1', '1.14.16', '1.8.99', '5.1.3', '1.3.98', '4.1.3', '6.3.1', '4.2.1', '3.4.21', '1.14.18', '1.12.99']"
Promethazine,39,10,"['1.14.13', '1.14.15', '1.11.2', '3.2.1', '1.14.18', '1.14.12', '1.14.3', '1.14.14', '3.8.1', '1.13.11']"
Dihydrotachysterol,138,21,"['3.1.3', '4.1.99', '1.14.19', '5.3.3', '1.14.15', '1.14.13', '1.1.1', '3.2.1', '1.14.21', '1.13.11', '1.1.3', '3.1.6', '1.14.99', '1.3.3', '1.14.14', '1.1.99', '1.17.99', '1.3.1', '4.2.1', '1.3.99', '1.14.18']"
Mequitazine,40,9,"['1.14.13', '1.14.15', '3.2.1', '1.14.18', '1.14.12', '1.3.1', '1.14.14', '3.8.1', '1.13.11']"
Atazanavir,63,25,"['6.3.4', '3.1.3', '3.4.13', '3.8.1', '3.5.1', '1.14.3', '6.3.2', '1.14.15', '1.14.13', '3.1.5', '1.1.1', '3.2.1', '1.1.3', '3.1.6', '3.4.11', '1.14.14', '1.13.12', '1.2.3', '3.1.1', '6.2.1', '1.3.1', '6.3.1', '3.6.1', '1.17.1', '1.14.18']"
Fludarabine,78,36,"['6.3.4', '2.4.2', '4.2.3', '2.7.1', '3.1.3', '3.5.4', '3.8.1', '1.14.15', '1.14.13', '3.1.5', '1.1.1', '3.2.1', '3.3.2', '5.3.1', '1.7.1', '5.4.99', '1.1.3', '3.1.6', '1.2.1', '1.11.1', '2.5.1', '1.14.14', '3.2.2', '1.1.99', '1.8.99', '5.1.3', '6.2.1', '2.4.1', '4.2.1', '1.3.1', '4.1.3', '3.6.1', '1.16.3', '1.17.1', '1.14.18', '4.3.3']"
Diphenhydramine,42,15,"['1.21.1', '1.14.13', '1.22.1', '1.11.2', '1.13.11', '1.10.3', '3.2.1', '6.2.1', '1.14.12', '1.14.3', '3.6.1', '1.14.14', '3.8.1', '1.14.18', '1.14.16']"
Atorvastatin,146,23,"['3.1.3', '3.8.1', '1.14.3', '1.14.13', '1.14.15', '3.1.5', '1.1.1', '3.2.1', '3.4.15', '5.2.1', '1.1.3', '3.1.6', '1.2.1', '1.14.12', '3.1.2', '1.14.14', '1.1.99', '1.17.99', '4.2.1', '1.3.1', '3.6.1', '1.17.1', '1.14.18']"
Etidronic acid,13,21,"['4.2.3', '2.7.1', '3.1.3', '4.2.2', '3.5.1', '1.14.13', '1.14.15', '3.1.5', '3.2.1', '3.4.15', '3.4.19', '1.7.3', '3.1.6', '1.11.1', '3.1.1', '5.1.3', '2.4.1', '4.1.3', '4.2.1', '3.6.1', '1.16.3']"
Tegaserod,47,22,"['1.22.1', '1.14.19', '3.8.1', '1.14.3', '1.21.1', '1.14.13', '1.14.15', '1.11.2', '1.10.3', '3.2.1', '3.3.2', '1.13.11', '1.14.99', '1.14.14', '1.14.16', '2.1.1', '6.2.1', '2.4.1', '1.3.1', '3.6.1', '1.3.99', '1.14.18']"
Vigabatrin,40,38,"['4.2.3', '2.7.1', '3.1.3', '3.10.1', '4.2.2', '1.14.19', '6.3.2', '1.14.15', '1.14.13', '3.1.5', '1.1.1', '3.4.24', '3.2.1', '3.4.15', '3.4.19', '1.7.3', '5.2.1', '3.1.6', '1.3.8', '1.6.99', '1.14.99', '1.2.1', '1.3.3', '3.4.11', '1.11.1', '1.14.14', '3.1.1', '5.1.3', '1.17.99', '2.4.1', '1.3.1', '4.1.3', '4.2.1', '3.6.1', '1.16.3', '1.3.99', '1.17.1', '1.14.18']"
Diphenoxylate,63,13,"['1.14.13', '1.14.15', '1.1.1', '3.4.16', '3.2.1', '6.2.1', '1.14.3', '2.3.1', '3.4.21', '1.14.14', '3.8.1', '1.14.18', '3.1.1']"
Streptomycin,177,38,"['2.4.2', '2.7.1', '3.1.3', '3.10.1', '4.2.2', '1.4.99', '1.14.15', '1.14.13', '3.1.5', '1.1.1', '3.2.1', '3.3.2', '1.7.3', '3.4.15', '2.3.1', '1.14.11', '5.4.99', '1.1.3', '3.1.6', '1.2.1', '1.11.1', '1.4.9', '1.14.14', '1.2.3', '3.1.1', '1.4.3', '1.1.99', '5.1.3', '3.5.3', '6.2.1', '2.4.1', '4.2.1', '1.5.3', '1.3.1', '4.1.3', '3.6.1', '1.16.3', '1.14.18']"
Orlistat,246,27,"['1.2.7', '3.4.16', '2.7.1', '4.2.2', '1.14.19', '6.3.2', '1.14.15', '1.14.13', '6.1.3', '1.1.1', '3.2.1', '3.4.15', '2.3.1', '1.14.11', '1.14.99', '1.2.99', '1.14.14', '3.1.1', '4.1.1', '5.1.3', '6.2.1', '1.3.1', '4.1.3', '4.2.1', '1.3.99', '3.4.21', '1.14.18']"
Emedastine,36,12,"['1.14.13', '1.14.15', '1.14.99', '1.11.2', '3.2.1', '6.2.1', '1.14.12', '1.14.3', '3.6.1', '1.14.14', '3.8.1', '1.14.18']"
Pilocarpine,37,25,"['3.4.16', '2.7.1', '4.2.2', '6.3.2', '1.14.15', '1.14.13', '1.13.99', '1.1.1', '3.2.1', '3.4.15', '3.4.19', '2.3.1', '1.17.1', '3.4.11', '1.14.14', '1.2.3', '3.1.1', '5.1.3', '6.2.1', '1.3.1', '4.1.3', '4.2.1', '3.6.1', '3.4.21', '1.14.18']"
Benzocaine,37,32,"['1.6.5', '1.22.1', '2.7.1', '3.5.4', '4.2.2', '1.14.19', '3.8.1', '1.14.3', '1.21.1', '6.3.2', '1.14.13', '1.11.2', '1.14.15', '1.1.1', '1.10.3', '3.2.1', '1.7.1', '3.4.15', '3.4.19', '1.11.1', '3.4.11', '1.14.12', '1.14.14', '3.1.1', '1.14.16', '1.8.99', '5.1.3', '6.2.1', '4.1.3', '4.2.1', '3.6.1', '1.14.18']"
Primaquine,54,25,"['1.22.1', '3.10.1', '1.14.19', '3.8.1', '1.14.3', '1.21.1', '1.14.15', '1.14.13', '1.11.2', '1.10.3', '3.2.1', '3.3.2', '1.14.99', '1.14.14', '1.2.3', '1.14.16', '1.4.3', '2.1.1', '1.8.99', '6.2.1', '2.4.1', '1.3.1', '3.6.1', '1.3.99', '1.14.18']"
Deserpidine,96,21,"['3.4.16', '4.2.2', '3.8.1', '1.14.3', '1.14.13', '1.14.15', '1.1.1', '3.2.1', '2.3.1', '1.14.99', '1.17.1', '1.14.12', '1.14.14', '3.1.1', '2.1.1', '6.2.1', '2.4.1', '1.3.1', '3.6.1', '3.4.21', '1.14.18']"
Fluvastatin,129,34,"['1.22.1', '2.7.1', '3.1.3', '4.2.2', '3.8.1', '1.14.3', '1.21.1', '1.14.13', '1.14.15', '1.11.2', '3.1.5', '1.1.1', '1.10.3', '3.2.1', '5.2.1', '1.1.3', '3.1.6', '1.14.99', '1.2.1', '1.11.1', '1.14.12', '3.1.2', '1.14.14', '1.1.99', '5.1.3', '1.17.99', '2.4.1', '4.2.1', '1.3.1', '4.1.3', '3.6.1', '1.16.3', '1.17.1', '1.14.18']"
Leflunomide,31,21,"['1.22.1', '2.7.1', '4.2.2', '3.8.1', '1.21.1', '1.14.13', '1.11.2', '1.10.3', '3.2.1', '2.6.1', '3.4.15', '1.1.3', '1.14.99', '1.14.12', '1.14.14', '1.8.99', '5.1.3', '4.1.3', '4.2.1', '1.17.1', '1.14.18']"
Rosuvastatin,90,32,"['2.7.1', '3.1.3', '4.2.2', '3.8.1', '1.14.3', '1.14.13', '1.14.15', '1.11.2', '3.1.5', '1.1.1', '3.2.1', '3.4.15', '5.2.1', '1.1.3', '3.1.6', '1.14.99', '1.2.1', '1.11.1', '1.14.12', '3.1.2', '1.14.14', '1.1.99', '5.1.3', '1.17.99', '2.4.1', '4.2.1', '1.3.1', '4.1.3', '3.6.1', '1.16.3', '1.17.1', '1.14.18']"
Flucytosine,14,17,"['1.14.13', '1.1.1', '1.8.99', '3.2.1', '2.7.1', '3.4.11', '5.1.3', '3.5.4', '4.1.3', '4.2.1', '1.7.1', '3.4.15', '3.4.19', '4.2.2', '1.17.1', '3.8.1', '1.2.3']"
Pimozide,63,12,"['1.14.13', '1.14.15', '1.14.99', '3.2.1', '1.14.12', '1.3.1', '1.14.3', '1.3.99', '1.14.19', '1.14.14', '3.8.1', '1.14.18']"
Capecitabine,81,35,"['2.4.2', '2.7.1', '3.1.3', '3.5.4', '4.2.2', '1.14.19', '3.8.1', '1.14.15', '1.14.13', '3.1.5', '1.1.1', '3.2.1', '3.3.2', '5.3.1', '3.4.15', '3.4.19', '5.4.99', '1.1.3', '3.1.6', '1.14.99', '1.11.1', '1.14.14', '3.1.1', '3.2.2', '1.1.99', '5.1.3', '6.2.1', '2.4.1', '4.2.1', '1.3.1', '4.1.3', '3.6.1', '1.16.3', '1.3.99', '1.14.18']"
Sertraline,85,18,"['1.97.1', '1.22.1', '1.14.19', '1.14.3', '3.8.1', '1.21.1', '1.14.13', '1.14.15', '1.11.2', '1.10.3', '1.13.11', '1.14.12', '1.14.14', '1.14.16', '1.3.98', '1.3.1', '1.3.99', '1.14.18']"
Sibutramine,30,13,"['1.14.13', '1.14.15', '1.11.2', '1.14.99', '1.1.1', '1.3.98', '1.3.1', '1.14.3', '1.3.99', '1.14.19', '1.14.14', '3.8.1', '1.14.18']"
Miconazole,51,13,"['1.14.13', '1.11.2', '3.2.1', '1.3.98', '6.2.1', '1.14.12', '1.14.3', '3.6.1', '1.14.19', '1.14.14', '3.8.1', '1.2.3', '1.14.18']"
Cefuroxime,36,44,"['6.3.4', '1.22.1', '2.7.1', '3.1.3', '3.10.1', '4.2.2', '3.4.13', '1.14.3', '3.5.1', '1.8.3', '1.21.1', '6.3.2', '1.14.13', '1.11.2', '3.1.5', '1.1.1', '3.4.24', '3.2.1', '2.3.2', '3.4.19', '3.4.15', '5.2.1', '3.1.6', '1.14.99', '1.2.1', '1.11.1', '3.4.11', '1.14.12', '2.5.1', '1.14.14', '3.1.1', '2.1.3', '6.1.2', '5.1.3', '6.2.1', '2.4.1', '1.3.1', '6.3.1', '4.1.3', '4.2.1', '3.6.1', '1.16.3', '3.4.21', '1.14.18']"
Papaverine,73,20,"['1.22.1', '3.8.1', '1.14.3', '1.21.1', '1.14.13', '1.11.2', '1.10.3', '3.2.1', '3.3.2', '1.3.3', '1.14.12', '1.14.14', '1.13.12', '1.2.3', '1.14.16', '2.1.1', '6.2.1', '2.4.1', '3.6.1', '1.14.18']"
Chlorpheniramine,41,12,"['1.14.13', '1.14.15', '1.11.2', '1.3.3', '1.3.98', '1.14.3', '1.14.19', '1.14.14', '3.8.1', '1.2.3', '1.14.18', '1.14.16']"
Nifedipine,60,32,"['1.22.1', '1.2.7', '3.4.16', '2.7.1', '4.2.2', '3.8.1', '3.5.1', '1.14.3', '1.21.1', '6.3.2', '1.14.13', '1.11.2', '1.14.15', '1.1.1', '1.10.3', '3.2.1', '1.7.1', '3.4.15', '2.3.1', '1.14.99', '1.2.99', '1.14.12', '1.14.14', '3.1.1', '5.1.3', '6.2.1', '4.1.3', '4.2.1', '3.6.1', '3.4.21', '1.14.18', '1.12.99']"
Atovaquone,109,27,"['3.1.3', '4.2.2', '1.14.19', '3.8.1', '1.14.3', '1.14.15', '1.14.13', '1.11.2', '3.1.5', '1.1.1', '3.2.1', '1.13.11', '3.1.6', '1.14.99', '1.11.1', '1.14.12', '1.14.14', '3.1.1', '1.17.99', '1.3.98', '2.4.1', '1.3.1', '4.2.1', '3.7.1', '1.16.3', '1.3.99', '1.14.18']"
Amiodarone,69,24,"['1.22.1', '4.2.2', '1.14.19', '3.8.1', '1.14.3', '1.21.1', '1.14.13', '1.14.15', '1.11.2', '1.1.1', '3.2.1', '1.14.99', '1.11.1', '1.14.12', '1.14.14', '1.13.12', '2.1.1', '6.2.1', '2.4.1', '1.3.1', '3.6.1', '1.3.99', '1.17.1', '1.14.18']"
Diazoxide,46,23,"['1.97.1', '1.22.1', '2.7.1', '4.2.2', '1.14.19', '3.8.1', '1.21.1', '1.14.13', '1.11.2', '1.10.3', '3.2.1', '3.4.15', '3.4.19', '1.11.1', '1.14.12', '1.14.14', '1.14.16', '1.8.99', '5.1.3', '1.3.98', '4.1.3', '4.2.1', '1.14.18']"
Gliclazide,45,22,"['1.22.1', '2.7.1', '1.14.19', '3.8.1', '1.21.1', '1.14.13', '1.14.15', '1.11.2', '1.10.3', '3.2.1', '2.6.1', '3.4.15', '3.4.19', '1.14.99', '1.14.14', '3.1.1', '5.1.3', '1.3.1', '4.1.3', '4.2.1', '1.3.99', '1.14.18']"
Ambenonium,18,16,"['6.3.2', '1.14.13', '1.11.2', '6.3.4', '3.2.1', '3.4.11', '1.3.98', '1.14.3', '6.3.1', '3.4.15', '3.4.13', '1.14.19', '1.14.14', '3.8.1', '3.5.1', '1.14.18']"
Tolbutamide,39,24,"['1.22.1', '2.7.1', '4.2.2', '1.14.19', '3.8.1', '1.21.1', '1.14.13', '1.14.15', '1.11.2', '1.10.3', '3.2.1', '2.6.1', '3.4.15', '3.4.19', '1.14.99', '1.14.14', '3.1.1', '1.14.16', '5.1.3', '1.3.1', '4.1.3', '4.2.1', '1.3.99', '1.14.18']"
Dutasteride,107,31,"['6.3.4', '3.4.13', '1.14.19', '3.8.1', '3.5.1', '1.14.3', '6.3.2', '1.14.13', '1.14.15', '1.11.2', '1.1.1', '3.2.1', '2.3.2', '3.3.2', '3.4.19', '3.4.15', '3.4.22', '1.3.8', '1.14.99', '1.3.3', '3.4.11', '1.14.14', '3.1.1', '1.5.1', '1.17.99', '1.3.1', '4.2.1', '6.3.1', '1.3.99', '3.4.21', '1.14.18']"
Bicalutamide,62,33,"['1.22.1', '2.7.1', '3.1.3', '4.2.2', '3.8.1', '3.5.1', '1.14.3', '1.21.1', '1.14.13', '1.14.15', '1.11.2', '3.1.5', '1.10.3', '3.2.1', '2.3.2', '3.3.2', '3.4.19', '3.4.15', '3.4.22', '3.1.6', '1.11.1', '3.4.11', '1.14.14', '3.1.1', '5.1.3', '2.4.1', '4.1.3', '6.3.1', '4.2.1', '3.6.1', '1.16.3', '3.4.21', '1.14.18']"
Rabeprazole,60,31,"['1.22.1', '2.7.1', '4.2.2', '1.14.19', '3.8.1', '1.14.3', '1.21.1', '1.14.13', '1.14.15', '1.11.2', '1.13.99', '1.10.3', '3.2.1', '2.6.1', '3.4.15', '1.1.3', '1.14.99', '1.3.3', '1.14.12', '1.14.14', '1.2.3', '3.1.1', '2.1.1', '5.1.3', '6.2.1', '2.4.1', '1.3.1', '4.1.3', '4.2.1', '3.6.1', '1.14.18']"
Proguanil,25,16,"['1.21.1', '1.97.1', '1.14.13', '1.22.1', '1.11.2', '2.8.1', '1.5.1', '1.10.3', '1.8.99', '1.3.98', '1.14.12', '1.14.19', '1.14.14', '3.8.1', '1.14.18', '1.14.16']"
Pioglitazone,55,33,"['6.3.4', '1.22.1', '2.7.1', '4.2.2', '3.4.13', '3.8.1', '3.5.1', '1.14.3', '1.21.1', '6.3.2', '1.14.13', '1.11.2', '1.14.15', '1.13.99', '1.1.1', '1.10.3', '3.2.1', '3.4.15', '3.4.11', '1.14.14', '1.2.3', '3.1.1', '1.14.16', '2.1.1', '5.1.3', '6.2.1', '2.4.1', '4.1.3', '6.3.1', '4.2.1', '3.6.1', '1.17.1', '1.14.18']"
Tiludronic acid,40,25,"['1.6.5', '1.97.1', '1.22.1', '2.7.1', '4.2.2', '1.14.19', '3.8.1', '1.21.1', '1.14.13', '1.11.2', '1.10.3', '3.2.1', '3.4.15', '1.11.1', '1.14.12', '2.5.1', '1.14.14', '3.1.1', '1.14.16', '5.1.3', '1.3.98', '4.1.3', '4.2.1', '3.6.1', '1.14.18']"
Carvedilol,154,31,"['1.22.1', '2.7.1', '3.1.3', '3.8.1', '1.14.3', '1.21.1', '1.14.15', '1.14.13', '1.11.2', '3.1.5', '1.1.1', '1.10.3', '3.2.1', '1.1.3', '3.1.6', '1.14.99', '1.11.1', '1.14.12', '1.14.14', '1.14.16', '2.1.1', '1.1.99', '5.1.3', '6.2.1', '2.4.1', '4.2.1', '1.3.1', '4.1.3', '3.6.1', '1.16.3', '1.14.18']"
Levofloxacin,32,30,"['1.22.1', '2.7.1', '3.1.3', '4.2.2', '3.8.1', '1.14.3', '1.21.1', '1.14.13', '1.11.2', '1.14.15', '3.1.5', '1.1.1', '3.2.1', '3.4.15', '3.1.6', '1.2.1', '1.11.1', '1.14.14', '3.1.1', '1.14.16', '4.1.1', '2.1.1', '5.1.3', '6.2.1', '2.4.1', '4.1.3', '4.2.1', '3.6.1', '1.16.3', '1.14.18']"
Sulfinpyrazone,84,14,"['1.14.13', '1.14.15', '3.2.1', '2.7.1', '5.1.3', '1.14.12', '1.3.1', '4.1.3', '4.2.1', '3.4.15', '4.2.2', '1.14.14', '3.8.1', '1.14.18']"
Cefapirin,56,47,"['6.3.4', '1.22.1', '3.4.16', '2.7.1', '3.1.3', '4.2.2', '3.4.13', '3.8.1', '3.5.1', '1.8.3', '1.14.3', '1.21.1', '6.3.2', '1.14.13', '1.11.2', '1.14.15', '3.1.5', '1.1.1', '3.2.1', '2.3.2', '3.4.19', '3.4.15', '2.3.1', '5.2.1', '3.1.6', '1.14.99', '3.5.2', '1.2.1', '1.11.1', '3.4.11', '1.14.12', '2.5.1', '1.14.14', '1.2.3', '3.1.1', '1.14.16', '5.1.3', '6.2.1', '2.4.1', '1.3.1', '6.3.1', '4.1.3', '4.2.1', '3.6.1', '1.16.3', '3.4.21', '1.14.18']"
Cefadroxil,76,46,"['6.3.4', '1.22.1', '2.7.1', '3.1.3', '3.10.1', '4.2.2', '3.4.13', '3.8.1', '3.5.1', '1.8.3', '1.14.3', '1.21.1', '6.3.2', '1.14.13', '1.11.2', '1.14.15', '3.1.5', '1.1.1', '1.10.3', '3.4.24', '3.2.1', '2.3.2', '3.4.19', '3.4.15', '5.2.1', '3.1.6', '3.5.2', '1.2.1', '1.11.1', '3.4.11', '1.14.12', '2.8.2', '2.5.1', '1.14.14', '3.1.1', '1.14.16', '5.1.3', '2.4.1', '1.3.1', '6.3.1', '4.1.3', '4.2.1', '3.6.1', '1.16.3', '3.4.21', '1.14.18']"
Doxepin,61,16,"['1.14.13', '1.14.15', '2.1.1', '1.11.2', '1.13.11', '1.14.99', '3.2.1', '6.2.1', '2.4.1', '1.14.12', '1.14.3', '3.6.1', '1.14.14', '3.8.1', '1.14.18', '1.14.16']"
Diclofenamide,47,20,"['1.6.5', '1.97.1', '1.22.1', '2.7.1', '1.14.19', '3.8.1', '1.21.1', '6.3.2', '1.14.13', '1.11.2', '3.2.1', '3.4.15', '3.4.19', '1.14.12', '1.14.14', '5.1.3', '1.3.98', '4.1.3', '4.2.1', '1.14.18']"
Diphenylpyraline,39,15,"['1.21.1', '1.14.13', '1.14.15', '1.22.1', '1.11.2', '1.10.3', '3.2.1', '6.2.1', '1.14.12', '1.14.3', '3.6.1', '1.14.14', '3.8.1', '1.14.18', '1.14.16']"
Cloxacillin,70,30,"['1.22.1', '2.7.1', '3.1.3', '4.2.2', '1.14.19', '3.4.13', '3.8.1', '1.14.3', '1.21.1', '1.14.13', '1.11.2', '1.14.15', '3.1.5', '1.1.1', '1.10.3', '3.2.1', '2.6.1', '3.4.15', '3.1.6', '1.2.1', '1.11.1', '1.14.14', '5.1.3', '1.3.98', '2.4.1', '4.1.3', '4.2.1', '3.6.1', '1.16.3', '1.14.18']"
Flavoxate,99,27,"['1.22.1', '2.7.1', '4.2.2', '1.14.19', '3.8.1', '1.14.3', '1.21.1', '1.14.13', '1.14.15', '1.11.2', '1.1.1', '1.10.3', '3.2.1', '2.6.1', '3.4.15', '1.14.99', '1.14.12', '1.14.14', '3.1.1', '5.1.3', '6.2.1', '1.3.1', '4.1.3', '4.2.1', '3.6.1', '1.3.99', '1.14.18']"
Nefazodone,70,16,"['1.14.13', '1.14.15', '2.1.1', '1.11.2', '3.2.1', '1.3.98', '2.4.1', '6.2.1', '1.14.3', '3.4.15', '3.6.1', '1.14.19', '1.17.1', '1.14.14', '3.8.1', '1.14.18']"
Cefprozil,82,49,"['6.3.4', '1.22.1', '2.7.1', '3.1.3', '3.10.1', '4.2.2', '3.4.13', '1.14.19', '3.8.1', '3.5.1', '1.8.3', '1.14.3', '1.21.1', '6.3.2', '1.14.13', '1.11.2', '1.14.15', '3.1.5', '1.1.1', '1.10.3', '3.4.24', '3.2.1', '2.3.2', '3.4.19', '3.4.15', '5.2.1', '3.1.6', '1.14.99', '3.5.2', '1.2.1', '1.11.1', '3.4.11', '1.14.12', '2.8.2', '1.14.14', '3.1.1', '1.14.16', '2.1.1', '5.1.3', '2.4.1', '4.2.1', '6.3.1', '1.3.1', '4.1.3', '3.6.1', '1.16.3', '1.3.99', '3.4.21', '1.14.18']"
Desipramine,42,12,"['1.14.13', '1.14.15', '1.4.3', '1.11.2', '1.13.11', '1.14.12', '1.14.3', '1.17.1', '1.14.14', '3.8.1', '1.14.18', '1.14.16']"
Gemifloxacin,38,32,"['1.22.1', '2.7.1', '3.1.3', '3.10.1', '4.2.2', '3.8.1', '1.14.3', '1.21.1', '1.14.13', '1.14.15', '1.11.2', '3.1.5', '1.1.1', '3.2.1', '3.4.15', '3.1.6', '1.2.1', '1.11.1', '1.14.14', '1.2.3', '3.1.1', '1.14.16', '4.1.1', '1.4.3', '5.1.3', '6.2.1', '2.4.1', '4.1.3', '4.2.1', '3.6.1', '1.16.3', '1.14.18']"
Bupropion,64,28,"['1.97.1', '1.22.1', '2.7.1', '4.2.2', '1.14.19', '3.8.1', '1.14.3', '1.21.1', '1.14.13', '1.11.2', '1.14.15', '1.1.1', '1.10.3', '3.2.1', '2.6.1', '1.11.1', '1.2.1', '1.14.12', '1.14.14', '1.14.16', '1.5.1', '5.1.3', '1.3.98', '1.3.1', '4.1.3', '4.2.1', '3.7.1', '1.14.18']"
Terazosin,51,30,"['6.3.4', '1.22.1', '2.7.1', '3.5.4', '4.2.2', '1.14.19', '3.8.1', '1.14.3', '1.21.1', '1.14.13', '1.14.15', '1.11.2', '1.1.1', '1.10.3', '3.2.1', '3.3.2', '3.4.15', '1.14.99', '1.14.14', '3.1.1', '2.1.1', '5.1.3', '6.2.1', '2.4.1', '1.3.1', '4.1.3', '4.2.1', '3.6.1', '1.3.99', '1.14.18']"
Ofloxacin,32,30,"['1.22.1', '2.7.1', '3.1.3', '4.2.2', '3.8.1', '1.14.3', '1.21.1', '1.14.13', '1.11.2', '1.14.15', '3.1.5', '1.1.1', '3.2.1', '3.4.15', '3.1.6', '1.2.1', '1.11.1', '1.14.14', '3.1.1', '1.14.16', '4.1.1', '2.1.1', '5.1.3', '6.2.1', '2.4.1', '4.1.3', '4.2.1', '3.6.1', '1.16.3', '1.14.18']"
Cilostazol,77,39,"['1.22.1', '2.7.1', '4.2.2', '1.14.19', '3.8.1', '3.5.1', '1.14.3', '1.21.1', '1.14.13', '1.14.15', '1.11.2', '1.1.1', '1.10.3', '3.2.1', '2.3.2', '3.3.2', '3.4.19', '3.4.15', '3.4.22', '1.14.99', '3.4.11', '1.14.12', '1.14.14', '3.1.1', '1.14.16', '3.4.21', '2.1.1', '5.1.3', '1.17.99', '6.2.1', '2.4.1', '1.3.1', '6.3.1', '4.1.3', '4.2.1', '3.6.1', '1.3.99', '1.17.1', '1.14.18']"
Itraconazole,64,12,"['1.14.13', '1.14.15', '2.1.1', '3.2.1', '6.2.1', '2.4.1', '1.14.3', '3.6.1', '1.14.19', '1.14.14', '3.8.1', '1.14.18']"
Procarbazine,17,22,"['1.22.1', '2.7.1', '3.8.1', '3.5.1', '1.14.3', '1.21.1', '1.14.13', '1.11.2', '1.14.15', '1.10.3', '3.2.1', '3.4.15', '3.4.19', '3.4.11', '1.14.14', '3.1.1', '1.14.16', '1.5.1', '5.1.3', '4.1.3', '4.2.1', '1.14.18']"
Guanethidine,24,8,"['1.14.15', '1.14.13', '1.14.99', '1.17.99', '3.10.1', '1.3.1', '1.3.99', '1.14.14']"
Moclobemide,27,26,"['1.22.1', '2.7.1', '4.2.2', '1.14.19', '3.8.1', '3.5.1', '1.21.1', '6.3.2', '1.14.13', '1.11.2', '1.10.3', '3.2.1', '3.4.15', '3.4.19', '3.4.11', '1.14.12', '1.14.14', '3.1.1', '1.14.16', '5.1.3', '1.3.98', '6.2.1', '4.1.3', '4.2.1', '3.6.1', '1.14.18']"
Kanamycin,184,32,"['2.4.2', '5.5.1', '4.2.3', '2.7.1', '3.1.3', '3.10.1', '1.14.15', '1.14.13', '1.13.99', '3.1.5', '1.1.1', '3.2.1', '3.3.2', '2.3.1', '5.4.99', '1.1.3', '3.1.6', '1.2.1', '1.11.1', '2.5.1', '1.14.14', '1.4.3', '1.1.99', '5.1.3', '6.2.1', '2.4.1', '4.2.1', '1.3.1', '4.1.3', '3.6.1', '1.16.3', '1.14.18']"
Orphenadrine,81,17,"['1.21.1', '1.14.13', '1.22.1', '1.11.2', '1.13.11', '1.10.3', '3.2.1', '2.6.1', '6.2.1', '1.14.12', '1.14.3', '3.6.1', '1.14.14', '3.8.1', '1.14.18', '1.1.3', '1.14.16']"
Phenobarbital,61,30,"['6.3.4', '1.22.1', '2.7.1', '4.2.2', '3.4.13', '1.14.19', '3.8.1', '3.5.1', '1.14.3', '1.21.1', '6.3.2', '1.14.13', '1.14.15', '1.11.2', '1.1.1', '1.10.3', '3.2.1', '3.4.15', '3.4.19', '3.5.2', '3.4.11', '1.14.12', '1.14.14', '3.1.1', '1.14.16', '5.1.3', '4.1.3', '6.3.1', '4.2.1', '1.14.18']"
Escitalopram,42,13,"['1.14.13', '1.14.15', '1.14.99', '3.2.1', '6.2.1', '1.3.1', '1.14.3', '3.6.1', '1.3.99', '1.14.19', '1.14.14', '3.8.1', '1.14.18']"
Cyclizine,32,7,"['1.14.13', '1.14.18', '1.14.12', '1.14.3', '1.14.14', '3.8.1', '1.13.11']"
Idarubicin,160,40,"['1.22.1', '4.1.2', '2.7.1', '3.1.3', '3.10.1', '4.2.2', '3.8.1', '1.14.3', '1.21.1', '1.14.15', '1.14.13', '1.11.2', '3.1.5', '1.1.1', '1.10.3', '3.2.1', '3.4.15', '2.3.1', '5.4.99', '1.1.3', '3.1.6', '1.14.99', '1.11.1', '1.14.12', '2.8.2', '1.14.14', '1.13.12', '1.14.16', '4.1.1', '1.1.99', '5.1.3', '6.2.1', '2.4.1', '4.2.1', '1.3.1', '4.1.3', '3.6.1', '1.16.3', '1.17.1', '1.14.18']"
Ifosfamide,16,20,"['2.7.1', '4.2.2', '1.14.19', '3.8.1', '6.3.2', '1.14.15', '1.14.13', '3.2.1', '3.4.15', '3.4.19', '3.4.11', '1.14.14', '3.1.1', '5.1.3', '6.2.1', '1.3.1', '4.1.3', '4.2.1', '3.6.1', '1.14.18']"
Propafenone,105,37,"['1.22.1', '2.7.1', '3.1.3', '4.2.2', '3.8.1', '1.14.3', '1.21.1', '1.14.15', '1.14.13', '1.11.2', '3.1.5', '1.1.1', '1.10.3', '3.2.1', '3.4.15', '1.1.3', '3.1.6', '1.11.1', '1.14.12', '2.5.1', '1.14.14', '3.1.1', '1.14.16', '2.1.1', '1.1.99', '5.1.3', '1.17.99', '6.2.1', '2.4.1', '4.2.1', '1.3.1', '4.1.3', '3.7.1', '3.6.1', '1.16.3', '1.17.1', '1.14.18']"
Naloxone,69,40,"['1.22.1', '2.7.1', '3.1.3', '4.1.99', '4.2.2', '1.14.19', '3.8.1', '1.14.3', '1.21.1', '1.14.15', '1.14.13', '1.11.2', '3.1.5', '1.1.1', '3.2.1', '3.4.15', '3.1.6', '1.3.8', '1.14.99', '1.11.1', '1.3.3', '1.14.12', '2.8.2', '1.14.14', '3.1.1', '1.14.16', '2.1.1', '1.1.99', '5.1.3', '1.17.99', '6.2.1', '2.4.1', '1.3.1', '4.2.1', '4.1.3', '3.6.1', '1.16.3', '1.3.99', '1.17.1', '1.14.18']"
Domperidone,88,14,"['1.14.13', '1.14.15', '1.14.99', '1.11.2', '3.2.1', '1.3.98', '1.14.12', '1.14.3', '3.4.15', '4.2.2', '1.14.19', '1.14.14', '3.8.1', '1.14.18']"
Fluoxymesterone,119,30,"['3.1.3', '4.1.99', '4.2.2', '1.14.19', '5.3.3', '1.14.15', '1.14.13', '3.1.5', '1.1.1', '3.2.1', '1.13.11', '1.1.3', '3.1.6', '1.3.8', '1.14.99', '1.11.1', '1.3.3', '2.5.1', '1.14.14', '3.1.1', '1.1.99', '1.17.99', '2.4.1', '1.3.1', '4.2.1', '3.6.1', '1.16.3', '1.3.99', '1.17.1', '1.14.18']"
Pergolide,43,12,"['1.14.13', '1.14.15', '1.13.99', '3.2.1', '1.14.18', '1.3.1', '1.14.3', '2.5.1', '1.17.1', '1.14.14', '3.8.1', '1.13.11']"
Ciclopirox,43,25,"['1.22.1', '2.7.1', '4.2.2', '1.14.19', '3.8.1', '1.14.3', '1.21.1', '1.14.13', '1.14.15', '1.11.2', '2.6.1', '3.2.1', '3.4.15', '1.1.3', '1.14.99', '1.11.1', '1.14.14', '3.1.1', '1.14.16', '5.1.3', '1.3.1', '4.1.3', '4.2.1', '1.3.99', '1.14.18']"
Clindamycin,92,37,"['6.3.4', '4.4.1', '2.7.1', '3.1.3', '4.2.2', '3.4.13', '1.14.19', '3.5.1', '6.3.2', '1.14.15', '1.14.13', '3.1.5', '1.1.1', '3.2.1', '3.3.2', '3.4.15', '3.4.19', '1.1.3', '3.1.6', '1.14.99', '1.11.1', '3.4.11', '1.14.14', '2.1.1', '1.5.1', '1.1.99', '5.1.3', '6.2.1', '2.4.1', '4.2.1', '6.3.1', '1.3.1', '4.1.3', '3.6.1', '1.16.3', '1.3.99', '1.14.18']"
Oxymorphone,66,40,"['1.22.1', '2.7.1', '3.1.3', '4.1.99', '4.2.2', '1.14.19', '3.8.1', '1.14.3', '1.21.1', '1.14.15', '1.14.13', '1.11.2', '3.1.5', '1.1.1', '3.2.1', '3.4.15', '3.4.19', '3.1.6', '1.3.8', '1.14.99', '1.11.1', '1.3.3', '2.8.2', '1.14.14', '3.1.1', '1.14.16', '2.1.1', '1.1.99', '5.1.3', '1.17.99', '6.2.1', '2.4.1', '1.3.1', '4.2.1', '4.1.3', '3.6.1', '1.16.3', '1.3.99', '1.17.1', '1.14.18']"
Acebutolol,80,51,"['1.22.1', '2.7.1', '3.1.3', '4.2.2', '1.14.19', '3.8.1', '3.5.1', '1.14.3', '1.21.1', '1.14.13', '1.14.15', '1.11.2', '3.1.5', '1.1.1', '1.10.3', '3.2.1', '2.3.2', '3.3.2', '3.4.19', '3.4.15', '3.4.22', '5.4.99', '1.1.3', '3.1.6', '1.3.8', '1.14.99', '1.11.1', '1.3.3', '3.4.11', '2.5.1', '1.14.14', '3.1.1', '1.14.16', '3.4.21', '2.1.1', '1.5.1', '1.1.99', '5.1.3', '1.17.99', '6.2.1', '2.4.1', '1.3.1', '4.2.1', '6.3.1', '3.7.1', '4.1.3', '3.6.1', '1.3.99', '1.16.3', '1.17.1', '1.14.18']"
Flecainide,53,29,"['1.22.1', '2.7.1', '4.2.2', '1.14.19', '3.8.1', '3.5.1', '1.14.3', '1.21.1', '1.14.13', '1.14.15', '1.11.2', '1.10.3', '3.2.1', '3.4.15', '1.14.99', '1.14.14', '3.1.1', '1.14.16', '2.1.1', '1.5.1', '5.1.3', '6.2.1', '2.4.1', '1.3.1', '4.1.3', '4.2.1', '3.6.1', '1.3.99', '1.14.18']"
Estramustine,83,37,"['1.22.1', '2.7.1', '3.1.3', '4.2.2', '1.14.19', '3.8.1', '1.14.3', '1.21.1', '1.14.15', '1.14.13', '1.11.2', '3.1.5', '1.1.1', '1.10.3', '3.2.1', '3.4.15', '1.1.3', '3.1.6', '1.14.99', '1.11.1', '3.1.2', '1.14.14', '3.1.1', '1.14.16', '2.1.1', '1.1.99', '5.1.3', '6.2.1', '2.4.1', '1.3.1', '4.1.3', '4.2.1', '3.6.1', '1.16.3', '1.3.99', '1.17.1', '1.14.18']"
Captopril,53,37,"['4.2.3', '2.7.1', '3.1.3', '4.2.2', '3.4.13', '1.14.19', '6.3.2', '1.14.15', '1.14.13', '3.1.5', '1.1.1', '2.6.1', '3.2.1', '1.8.1', '3.4.15', '3.4.19', '5.2.1', '1.14.11', '1.13.11', '3.1.6', '1.14.99', '1.2.1', '1.11.1', '3.4.11', '1.14.12', '1.14.14', '1.13.12', '3.1.1', '5.1.3', '2.4.1', '1.3.1', '4.1.3', '4.2.1', '3.6.1', '1.16.3', '1.3.99', '1.14.18']"
Zopiclone,22,21,"['1.22.1', '2.7.1', '4.2.2', '1.14.19', '1.14.3', '3.8.1', '1.21.1', '1.14.13', '1.11.2', '3.2.1', '3.4.15', '1.14.14', '1.2.3', '3.1.1', '5.1.3', '1.3.98', '6.2.1', '4.1.3', '4.2.1', '3.6.1', '1.14.18']"
Bromocriptine,94,31,"['6.3.4', '3.1.3', '4.2.2', '3.4.13', '1.14.19', '3.8.1', '3.5.1', '1.14.3', '6.3.2', '1.14.13', '1.14.15', '3.1.5', '3.2.1', '3.4.19', '3.4.15', '3.1.6', '1.14.99', '1.17.1', '1.11.1', '3.4.11', '1.14.14', '6.2.1', '2.4.1', '1.3.1', '6.3.1', '4.2.1', '3.6.1', '1.16.3', '1.3.99', '3.4.21', '1.14.18']"
Rifapentine,163,31,"['3.4.16', '3.1.3', '1.14.19', '3.8.1', '3.5.1', '1.14.15', '1.14.13', '3.1.5', '1.1.1', '2.6.1', '3.2.1', '1.14.21', '2.3.1', '3.4.22', '1.1.3', '3.1.6', '1.14.99', '1.2.1', '1.3.3', '1.14.14', '3.1.1', '4.1.1', '2.1.1', '6.2.1', '2.4.1', '1.3.1', '4.2.1', '3.6.1', '1.3.99', '3.4.21', '1.14.18']"
Levetiracetam,49,37,"['6.3.4', '2.4.2', '2.7.1', '3.10.1', '4.2.2', '3.5.5', '1.14.19', '6.3.5', '1.4.1', '3.5.1', '4.3.1', '6.3.2', '1.14.15', '1.14.13', '1.1.1', '3.2.1', '2.3.2', '3.4.15', '3.4.19', '1.3.8', '1.6.99', '1.14.99', '1.3.3', '3.4.11', '1.14.14', '3.1.1', '1.4.7', '5.1.3', '1.17.99', '4.2.1', '6.3.1', '1.3.1', '4.1.3', '1.3.99', '1.17.1', '1.14.18', '4.3.3']"
Nadolol,75,32,"['1.22.1', '2.7.1', '3.1.3', '3.8.1', '1.14.3', '1.21.1', '1.14.15', '1.14.13', '1.11.2', '3.1.5', '1.1.1', '3.2.1', '3.3.2', '1.1.3', '3.1.6', '1.11.1', '1.14.12', '2.5.1', '1.14.14', '1.14.16', '2.1.1', '1.1.99', '5.1.3', '6.2.1', '2.4.1', '4.2.1', '1.3.1', '4.1.3', '3.6.1', '1.16.3', '1.17.1', '1.14.18']"
Lomustine,14,18,"['2.7.1', '3.8.1', '6.3.2', '1.14.15', '1.14.13', '3.2.1', '3.4.15', '3.4.19', '1.14.99', '3.4.11', '1.14.14', '3.1.1', '1.5.1', '5.1.3', '4.1.3', '4.2.1', '1.3.99', '1.14.18']"
Sparfloxacin,39,24,"['2.7.1', '3.1.3', '4.2.2', '3.8.1', '1.14.15', '1.14.13', '3.1.5', '1.1.1', '3.2.1', '3.4.15', '3.1.6', '1.2.1', '1.11.1', '1.14.14', '3.1.1', '4.1.1', '1.5.1', '5.1.3', '2.4.1', '4.1.3', '4.2.1', '3.6.1', '1.16.3', '1.14.18']"
Clarithromycin,178,30,"['5.3.99', '3.4.16', '2.7.1', '3.1.3', '4.2.2', '1.14.15', '1.14.13', '3.1.5', '1.1.1', '3.2.1', '3.3.2', '2.3.1', '5.4.99', '1.1.3', '3.1.6', '1.11.1', '1.14.14', '3.1.1', '1.1.99', '5.1.3', '6.2.1', '2.4.1', '4.2.1', '1.3.1', '4.1.3', '1.16.3', '3.6.1', '1.3.99', '3.4.21', '1.14.18']"
Estazolam,51,10,"['1.14.13', '1.11.2', '1.14.18', '1.3.98', '1.14.12', '1.14.19', '1.17.1', '1.14.14', '3.8.1', '1.13.11']"
Finasteride,89,26,"['6.3.4', '2.7.1', '4.2.2', '3.4.13', '1.14.19', '3.5.1', '6.3.2', '1.14.15', '1.14.13', '1.1.1', '3.2.1', '3.4.15', '1.3.8', '1.14.99', '1.3.3', '3.4.11', '1.14.14', '1.5.1', '5.1.3', '1.17.99', '4.2.1', '1.3.1', '6.3.1', '4.1.3', '1.3.99', '1.14.18']"
Anastrozole,16,10,"['4.3.1', '1.14.13', '4.99.1', '1.14.15', '4.2.1', '3.5.5', '1.17.1', '1.14.14', '3.8.1', '1.14.18']"
Halofantrine,65,18,"['3.1.3', '1.14.19', '1.14.3', '3.8.1', '1.14.15', '1.14.13', '3.1.5', '1.1.1', '3.2.1', '3.1.6', '1.14.99', '1.14.12', '1.14.14', '1.3.98', '1.3.1', '1.3.99', '1.17.1', '1.14.18']"
Dantrolene,55,31,"['6.3.4', '1.22.1', '1.2.7', '2.7.1', '4.2.2', '3.4.13', '3.8.1', '3.5.1', '1.21.1', '6.3.2', '1.14.13', '1.11.2', '1.1.1', '1.10.3', '3.2.1', '1.7.1', '3.4.15', '1.14.99', '3.5.2', '1.2.99', '3.4.11', '1.14.12', '1.14.14', '3.1.1', '1.14.16', '5.1.3', '4.1.3', '6.3.1', '4.2.1', '1.14.18', '1.12.99']"
Rifaximin,153,33,"['3.4.16', '3.1.3', '4.2.2', '1.14.19', '3.8.1', '3.5.1', '1.14.3', '1.14.15', '1.14.13', '3.1.5', '1.1.1', '2.6.1', '3.2.1', '1.14.21', '2.3.1', '3.4.22', '1.1.3', '3.1.6', '1.14.99', '1.2.1', '1.3.3', '1.14.14', '3.1.1', '2.1.1', '6.2.1', '2.4.1', '1.3.1', '4.2.1', '3.7.1', '3.6.1', '1.3.99', '3.4.21', '1.14.18']"
Budesonide,146,35,"['2.7.1', '3.1.3', '4.2.2', '1.14.19', '5.3.3', '1.14.15', '1.14.13', '3.1.5', '1.1.1', '3.2.1', '5.3.1', '2.3.1', '1.13.11', '1.1.3', '3.1.6', '1.3.8', '1.14.99', '1.2.1', '1.3.3', '1.11.1', '2.5.1', '1.14.14', '3.1.1', '1.1.99', '5.1.3', '1.17.99', '6.2.1', '2.4.1', '1.3.1', '4.2.1', '4.1.3', '3.6.1', '1.16.3', '1.3.99', '1.14.18']"
Aminophylline,0,0,[]
Quetiapine,80,20,"['3.1.3', '1.14.3', '3.8.1', '1.14.13', '1.14.15', '3.1.5', '1.1.1', '3.2.1', '1.1.3', '3.1.6', '1.2.1', '1.11.1', '1.14.12', '1.14.14', '6.2.1', '2.4.1', '4.2.1', '3.6.1', '1.16.3', '1.14.18']"
Levacetylmethadol,68,21,"['1.22.1', '3.4.16', '3.8.1', '3.5.1', '1.14.3', '1.21.1', '6.3.2', '1.14.13', '1.14.15', '1.11.2', '1.1.1', '1.10.3', '3.2.1', '2.3.1', '1.14.99', '1.14.12', '1.14.14', '3.1.1', '6.2.1', '3.4.21', '1.14.18']"
Encainide,89,28,"['1.22.1', '2.7.1', '4.2.2', '1.14.19', '3.8.1', '1.14.3', '1.21.1', '1.14.13', '1.14.15', '1.11.2', '1.10.3', '3.2.1', '3.3.2', '3.4.15', '1.14.99', '1.14.14', '1.14.16', '2.1.1', '5.1.3', '6.2.1', '2.4.1', '1.3.1', '4.1.3', '4.2.1', '3.6.1', '1.3.99', '1.17.1', '1.14.18']"
Pemoline,43,28,"['1.6.5', '1.22.1', '2.7.1', '3.10.1', '4.2.2', '1.14.19', '3.8.1', '1.14.3', '1.21.1', '1.14.13', '1.11.2', '1.1.1', '1.10.3', '3.2.1', '3.4.15', '3.4.19', '1.11.1', '3.4.11', '1.14.12', '1.14.14', '3.1.1', '1.14.16', '5.1.3', '6.2.1', '4.1.3', '4.2.1', '3.6.1', '1.14.18']"
Diphenidol,58,25,"['1.22.1', '3.1.3', '1.14.19', '3.8.1', '1.14.3', '1.21.1', '1.14.15', '1.14.13', '1.11.2', '3.1.5', '1.10.3', '3.2.1', '3.1.6', '1.14.99', '1.11.1', '1.14.12', '1.14.14', '1.14.16', '2.4.1', '1.3.1', '4.2.1', '3.6.1', '1.16.3', '1.3.99', '1.14.18']"
Saquinavir,259,28,"['6.3.4', '3.1.3', '3.4.13', '1.14.19', '3.8.1', '3.5.1', '1.14.3', '6.3.2', '1.14.15', '1.14.13', '3.1.5', '1.1.1', '3.2.1', '3.4.15', '1.1.3', '3.1.6', '1.14.99', '3.4.11', '1.14.14', '1.2.3', '1.17.99', '4.2.1', '1.3.1', '6.3.1', '3.6.1', '1.3.99', '1.17.1', '1.14.18']"
Metoclopramide,46,34,"['1.97.1', '1.22.1', '2.7.1', '3.5.4', '4.2.2', '1.14.19', '3.8.1', '3.5.1', '1.14.3', '1.21.1', '1.14.13', '1.11.2', '1.14.15', '1.1.1', '1.10.3', '3.2.1', '3.3.2', '1.7.1', '3.4.15', '3.4.19', '1.14.12', '1.14.14', '3.1.1', '1.14.16', '2.1.1', '1.8.99', '5.1.3', '1.3.98', '2.4.1', '6.2.1', '4.1.3', '4.2.1', '3.6.1', '1.14.18']"
Dexamethasone,127,35,"['2.7.1', '3.1.3', '4.2.2', '1.14.19', '5.3.3', '1.14.15', '1.14.13', '3.1.5', '1.1.1', '3.2.1', '3.3.2', '5.3.1', '3.4.15', '1.13.11', '1.1.3', '3.1.6', '1.3.8', '1.14.99', '1.2.1', '1.3.3', '1.11.1', '2.5.1', '1.14.14', '3.1.1', '1.1.99', '5.1.3', '1.17.99', '2.4.1', '1.3.1', '4.2.1', '4.1.3', '3.6.1', '1.16.3', '1.3.99', '1.14.18']"
Levodopa,99,46,"['1.6.5', '1.97.1', '1.22.1', '4.2.3', '2.7.1', '3.1.3', '3.10.1', '4.2.2', '3.4.13', '1.14.19', '1.4.1', '3.8.1', '1.14.3', '1.21.1', '4.3.1', '1.14.13', '1.11.2', '6.3.2', '3.1.5', '1.1.1', '1.10.3', '3.2.1', '3.4.15', '3.4.19', '5.2.1', '1.13.11', '3.1.6', '1.2.1', '1.11.1', '3.4.11', '1.14.12', '2.8.2', '1.14.14', '1.14.16', '4.1.1', '3.1.1', '1.4.3', '5.1.3', '2.4.1', '1.3.1', '4.1.3', '4.2.1', '3.6.1', '1.16.3', '1.17.1', '1.14.18']"
Bromodiphenhydramine,60,16,"['1.21.1', '1.97.1', '1.14.13', '1.22.1', '1.11.2', '1.13.11', '1.10.3', '3.2.1', '6.2.1', '1.14.12', '1.14.3', '3.6.1', '1.14.14', '3.8.1', '1.14.18', '1.14.16']"
Aripiprazole,92,39,"['1.22.1', '2.7.1', '4.2.2', '1.14.19', '3.8.1', '3.5.1', '1.14.3', '1.21.1', '1.14.13', '1.14.15', '1.11.2', '1.1.1', '1.10.3', '3.2.1', '2.3.2', '3.3.2', '3.4.19', '3.4.15', '3.4.22', '1.14.99', '3.4.11', '1.14.12', '1.14.14', '3.1.1', '3.4.21', '2.1.1', '5.1.3', '1.17.99', '1.3.98', '2.4.1', '6.2.1', '1.3.1', '6.3.1', '4.1.3', '4.2.1', '3.6.1', '1.3.99', '1.17.1', '1.14.18']"
Chlorprothixene,54,11,"['1.14.13', '1.14.15', '1.14.99', '1.14.18', '1.3.98', '1.14.12', '1.14.3', '1.14.19', '1.14.14', '3.8.1', '1.13.11']"
Gemfibrozil,82,42,"['1.6.5', '1.22.1', '2.7.1', '3.1.3', '4.2.2', '1.14.19', '3.8.1', '1.14.3', '1.21.1', '1.14.15', '1.14.13', '1.11.2', '3.1.5', '1.1.1', '1.10.3', '3.2.1', '2.6.1', '3.4.15', '3.4.19', '5.2.1', '1.14.11', '1.1.3', '3.1.6', '1.14.99', '1.2.1', '1.11.1', '1.14.12', '1.14.14', '1.13.12', '3.1.1', '1.14.16', '2.1.1', '5.1.3', '6.2.1', '2.4.1', '1.3.1', '4.1.3', '4.2.1', '3.6.1', '1.16.3', '1.3.99', '1.14.18']"
Clomipramine,61,11,"['1.14.13', '1.14.15', '1.14.18', '1.3.98', '1.14.12', '1.14.3', '1.14.19', '1.17.1', '1.14.14', '3.8.1', '1.13.11']"
Alimemazine,36,10,"['1.14.13', '1.14.15', '3.2.1', '1.14.18', '1.14.12', '1.3.1', '1.14.3', '1.14.14', '3.8.1', '1.13.11']"
Isocarboxazid,43,22,"['1.22.1', '2.7.1', '4.2.2', '3.8.1', '1.21.1', '1.14.13', '1.11.2', '1.10.3', '3.2.1', '2.6.1', '3.4.15', '3.4.19', '1.14.99', '3.4.11', '1.14.12', '1.14.14', '3.1.1', '1.14.16', '5.1.3', '4.1.3', '4.2.1', '1.14.18']"
Olsalazine,70,35,"['1.6.5', '1.22.1', '2.7.1', '3.1.3', '4.2.2', '1.14.19', '3.8.1', '3.5.1', '1.14.3', '1.21.1', '1.14.13', '1.11.2', '3.1.5', '1.1.1', '1.10.3', '3.2.1', '1.7.1', '3.4.15', '3.1.6', '1.6.99', '1.2.1', '1.11.1', '1.14.12', '2.8.2', '1.14.14', '3.1.1', '1.14.16', '4.1.1', '5.1.3', '2.4.1', '4.1.3', '4.2.1', '3.6.1', '1.16.3', '1.14.18']"
Gliquidone,120,18,"['1.14.19', '1.14.3', '3.8.1', '1.14.13', '1.14.15', '1.1.1', '3.2.1', '3.4.15', '1.14.99', '1.14.14', '2.1.1', '6.2.1', '2.4.1', '1.3.1', '3.6.1', '1.3.99', '1.17.1', '1.14.18']"
Ergometrine,53,37,"['6.3.4', '1.22.1', '2.7.1', '3.1.3', '4.2.2', '3.4.13', '3.8.1', '3.5.1', '1.14.3', '1.21.1', '6.3.2', '1.14.13', '1.14.15', '1.11.2', '1.13.99', '3.1.5', '1.1.1', '3.2.1', '3.4.15', '1.13.11', '1.1.3', '3.1.6', '1.2.1', '1.11.1', '3.4.11', '1.14.14', '3.1.1', '1.5.1', '5.1.3', '2.4.1', '4.1.3', '6.3.1', '4.2.1', '3.6.1', '1.16.3', '1.17.1', '1.14.18']"
Dasatinib,46,26,"['2.7.1', '3.1.3', '1.14.19', '3.8.1', '1.14.3', '1.14.13', '1.14.15', '1.11.2', '3.1.5', '1.1.1', '2.6.1', '3.2.1', '3.4.15', '1.1.3', '3.1.6', '1.2.1', '1.11.1', '1.14.14', '5.1.3', '1.3.98', '2.4.1', '4.1.3', '4.2.1', '3.6.1', '1.16.3', '1.14.18']"
Lisdexamfetamine,71,35,"['6.3.4', '1.22.1', '2.7.1', '3.10.1', '3.4.13', '1.14.19', '3.8.1', '3.5.1', '1.14.3', '1.21.1', '6.3.2', '1.14.15', '1.14.13', '1.11.2', '1.1.1', '1.10.3', '3.2.1', '3.4.15', '3.4.19', '1.14.99', '3.4.11', '1.14.12', '1.14.14', '3.1.1', '1.14.16', '1.4.3', '1.5.1', '5.1.3', '1.3.1', '6.3.1', '4.1.3', '4.2.1', '1.3.99', '1.17.1', '1.14.18']"
Lapatinib,72,13,"['1.14.13', '2.1.1', '1.14.99', '3.2.1', '1.3.98', '2.4.1', '6.2.1', '1.14.3', '3.6.1', '1.14.19', '1.14.14', '3.8.1', '1.14.18']"
Sitagliptin,26,16,"['1.14.13', '1.14.15', '1.11.2', '1.1.1', '3.2.1', '2.7.1', '5.1.3', '1.17.99', '4.1.3', '4.2.1', '3.4.15', '1.17.1', '1.14.14', '3.8.1', '1.14.18', '3.1.1']"
Decitabine,56,42,"['2.4.2', '4.2.3', '2.7.1', '3.1.3', '3.5.4', '4.2.2', '3.8.1', '6.3.2', '1.14.15', '1.14.13', '3.1.5', '1.1.1', '3.2.1', '3.3.2', '1.7.1', '3.4.15', '3.4.19', '1.7.3', '5.4.99', '1.1.3', '3.1.6', '1.2.1', '1.11.1', '3.4.11', '1.6.6', '2.5.1', '1.14.14', '3.2.2', '3.1.1', '1.1.99', '1.8.99', '5.1.3', '6.2.1', '2.4.1', '4.2.1', '1.3.1', '4.1.3', '3.5.99', '3.6.1', '1.16.3', '1.17.1', '1.14.18']"
Posaconazole,78,18,"['3.1.3', '1.14.3', '3.8.1', '1.14.15', '1.14.13', '3.1.5', '1.1.1', '3.2.1', '1.1.3', '3.1.6', '1.14.14', '2.1.1', '1.1.99', '6.2.1', '2.4.1', '1.3.1', '3.6.1', '1.14.18']"
Darunavir,101,28,"['2.7.1', '3.1.3', '4.2.2', '1.14.19', '3.8.1', '1.14.3', '1.14.15', '1.14.13', '3.1.5', '1.1.1', '3.2.1', '3.4.15', '2.3.1', '1.1.3', '3.1.6', '1.11.1', '1.14.14', '1.1.99', '5.1.3', '6.2.1', '2.4.1', '1.3.1', '4.1.3', '4.2.1', '3.6.1', '1.16.3', '1.17.1', '1.14.18']"
Telbivudine,54,40,"['2.4.2', '4.2.3', '2.7.1', '3.1.3', '4.2.2', '3.8.1', '6.3.2', '1.14.15', '1.14.13', '1.13.99', '3.1.5', '1.1.1', '2.6.1', '3.2.1', '3.3.2', '3.4.15', '3.4.19', '5.4.99', '1.1.3', '3.1.6', '1.14.99', '1.2.1', '1.11.1', '3.4.11', '1.14.12', '2.5.1', '1.14.14', '3.2.2', '3.1.1', '1.1.99', '5.1.3', '6.2.1', '2.4.1', '4.2.1', '1.3.1', '4.1.3', '3.6.1', '1.16.3', '1.17.1', '1.14.18']"
Paliperidone,54,29,"['2.7.1', '3.1.3', '4.2.2', '1.14.19', '3.8.1', '1.14.3', '1.14.15', '1.14.13', '1.11.2', '1.13.99', '3.1.5', '1.1.1', '2.6.1', '3.2.1', '3.4.15', '3.1.6', '1.14.99', '1.11.1', '1.14.14', '5.1.3', '2.4.1', '1.3.1', '4.1.3', '4.2.1', '3.6.1', '1.16.3', '1.3.99', '1.17.1', '1.14.18']"
Sunitinib,37,25,"['2.7.1', '4.2.2', '3.8.1', '3.5.1', '1.14.3', '1.14.13', '1.11.2', '1.14.15', '1.1.1', '2.6.1', '3.2.1', '2.3.2', '3.3.2', '3.4.19', '3.4.15', '3.4.22', '3.4.11', '1.14.14', '3.1.1', '5.1.3', '4.1.3', '6.3.1', '4.2.1', '3.4.21', '1.14.18']"
Varenicline,13,13,"['1.21.1', '1.14.13', '1.14.15', '1.22.1', '1.11.2', '1.10.3', '3.2.1', '1.17.99', '1.14.14', '3.8.1', '1.2.3', '1.14.18', '1.14.16']"
Hydralazine,49,13,"['1.21.1', '1.14.13', '1.22.1', '1.11.2', '1.13.11', '1.10.3', '1.8.99', '1.14.12', '1.17.1', '1.14.14', '3.8.1', '1.14.18', '1.14.16']"
Lumiracoxib,98,40,"['1.97.1', '1.22.1', '2.7.1', '3.1.3', '4.2.2', '1.14.19', '3.8.1', '1.14.3', '1.21.1', '6.3.2', '1.14.13', '1.11.2', '3.1.5', '1.1.1', '1.10.3', '3.2.1', '2.6.1', '3.4.15', '3.4.19', '5.2.1', '1.1.3', '3.1.6', '1.14.99', '1.2.1', '1.11.1', '1.14.12', '1.14.14', '3.1.1', '1.14.16', '1.8.99', '5.1.3', '1.3.98', '2.4.1', '1.3.1', '4.1.3', '4.2.1', '3.6.1', '1.16.3', '1.17.1', '1.14.18']"
Fenoterol,91,34,"['1.6.5', '1.97.1', '1.22.1', '4.2.3', '2.7.1', '3.1.3', '1.14.19', '3.8.1', '1.14.3', '1.21.1', '1.14.13', '1.11.2', '1.14.15', '3.1.5', '1.1.1', '1.10.3', '3.2.1', '3.1.6', '1.11.1', '1.14.12', '2.8.2', '1.14.14', '1.13.12', '1.14.16', '1.5.1', '5.1.3', '2.4.1', '1.3.1', '4.1.3', '4.2.1', '3.6.1', '1.16.3', '1.17.1', '1.14.18']"
Pirbuterol,47,35,"['1.6.5', '1.22.1', '4.2.3', '2.7.1', '3.1.3', '1.14.19', '3.8.1', '1.14.3', '1.21.1', '1.14.13', '1.11.2', '1.14.15', '3.1.5', '1.1.1', '3.2.1', '1.1.3', '3.1.6', '1.14.99', '1.11.1', '1.2.1', '1.14.12', '2.8.2', '1.14.14', '1.2.3', '1.14.16', '1.4.3', '5.1.3', '2.4.1', '1.3.1', '4.1.3', '4.2.1', '3.6.1', '1.16.3', '1.17.1', '1.14.18']"
Bismuth subsalicylate,58,29,"['1.6.5', '1.22.1', '2.7.1', '4.2.2', '1.14.19', '3.8.1', '1.14.3', '1.21.1', '6.3.2', '1.14.13', '1.11.2', '1.1.1', '1.10.3', '3.2.1', '3.4.19', '1.13.11', '1.11.1', '1.14.12', '1.14.14', '3.1.1', '1.14.16', '2.1.1', '5.1.3', '6.2.1', '2.4.1', '4.1.3', '4.2.1', '3.6.1', '1.14.18']"
Glucosamine,114,33,"['4.2.3', '2.7.1', '3.1.3', '3.10.1', '1.14.15', '1.14.13', '3.1.5', '1.1.1', '3.2.1', '3.3.2', '5.3.1', '1.7.3', '2.3.1', '5.4.99', '1.1.3', '3.1.6', '1.2.1', '1.11.1', '1.14.12', '2.5.1', '1.1.5', '1.14.14', '3.1.1', '1.1.99', '5.1.3', '6.2.1', '2.4.1', '1.3.1', '4.2.1', '4.1.3', '3.6.1', '1.16.3', '1.14.18']"
Sulfadoxine,42,28,"['1.22.1', '2.7.1', '3.5.4', '4.2.2', '3.8.1', '1.14.3', '1.21.1', '1.14.13', '1.11.2', '1.1.1', '1.10.3', '3.2.1', '3.3.2', '1.7.1', '3.4.15', '1.14.12', '1.14.14', '3.1.1', '1.14.16', '2.1.1', '1.8.99', '5.1.3', '6.2.1', '2.4.1', '4.1.3', '4.2.1', '3.6.1', '1.14.18']"
Oxtriphylline,0,0,[]
Fosamprenavir,106,21,"['2.7.1', '3.1.3', '4.2.2', '1.14.19', '3.8.1', '1.14.3', '1.14.15', '1.14.13', '1.11.2', '3.2.1', '3.4.15', '1.14.14', '3.1.4', '5.1.3', '6.2.1', '1.3.1', '4.1.3', '4.2.1', '3.6.1', '1.17.1', '1.14.18']"
Josamycin,225,31,"['3.4.16', '3.1.3', '4.2.2', '1.14.19', '3.5.1', '1.14.13', '1.14.15', '1.1.1', '3.2.1', '2.3.1', '1.14.11', '1.1.3', '3.1.6', '1.3.8', '1.14.99', '1.2.1', '1.11.1', '1.14.12', '1.14.14', '3.1.1', '3.4.21', '1.1.99', '1.17.99', '6.2.1', '2.4.1', '1.3.1', '4.2.1', '1.16.3', '1.3.99', '1.17.1', '1.14.18']"
Polythiazide,18,23,"['1.97.1', '1.22.1', '2.7.1', '4.2.2', '1.14.19', '3.8.1', '1.21.1', '1.14.13', '1.11.2', '1.10.3', '3.2.1', '3.4.15', '3.4.19', '2.5.1', '1.14.14', '3.1.1', '1.14.16', '1.8.99', '5.1.3', '1.3.98', '4.1.3', '4.2.1', '1.14.18']"
Cefradine,78,44,"['6.3.4', '2.7.1', '3.1.3', '3.10.1', '4.2.2', '3.4.13', '1.14.19', '3.5.1', '1.8.3', '5.3.3', '6.3.2', '1.14.15', '1.14.13', '3.1.5', '1.1.1', '3.4.24', '3.2.1', '2.3.2', '3.4.19', '3.4.15', '5.2.1', '1.13.11', '3.1.6', '1.14.99', '3.5.2', '1.2.1', '1.11.1', '3.4.11', '1.14.12', '2.5.1', '1.14.14', '3.1.1', '1.5.1', '5.1.3', '2.4.1', '1.3.1', '6.3.1', '4.1.3', '4.2.1', '3.6.1', '1.16.3', '1.3.99', '3.4.21', '1.14.18']"
Vecuronium,123,17,"['3.4.16', '1.14.19', '3.5.1', '1.14.15', '1.14.13', '1.1.1', '3.2.1', '2.3.1', '1.14.99', '1.14.14', '3.1.1', '6.2.1', '1.3.1', '3.6.1', '1.3.99', '3.4.21', '1.14.18']"
Cilazapril,132,42,"['1.22.1', '3.4.16', '2.7.1', '3.1.3', '4.2.2', '3.4.13', '1.14.19', '3.8.1', '1.14.3', '1.21.1', '6.3.2', '1.14.13', '1.14.15', '1.11.2', '3.1.5', '1.1.1', '1.10.3', '3.2.1', '3.4.15', '2.3.1', '5.2.1', '1.14.11', '3.1.6', '1.14.99', '1.2.1', '1.11.1', '1.14.14', '3.1.1', '1.14.16', '3.4.21', '1.5.1', '5.1.3', '6.2.1', '2.4.1', '1.3.1', '4.1.3', '4.2.1', '3.6.1', '1.16.3', '1.3.99', '1.17.1', '1.14.18']"
Amobarbital,43,25,"['6.3.4', '2.7.1', '4.2.2', '3.4.13', '1.14.19', '3.5.1', '6.3.2', '1.14.15', '1.14.13', '1.1.1', '3.2.1', '3.4.15', '3.4.19', '1.14.99', '3.5.2', '3.4.11', '1.14.14', '3.1.1', '5.1.3', '1.3.1', '6.3.1', '4.1.3', '4.2.1', '1.3.99', '1.14.18']"
Mestranol,65,29,"['1.22.1', '3.1.3', '4.1.99', '1.14.19', '3.8.1', '1.14.3', '1.21.1', '1.14.15', '1.14.13', '1.11.2', '3.1.5', '1.10.3', '3.2.1', '3.1.6', '1.14.99', '1.11.1', '1.14.12', '1.14.14', '1.14.16', '2.1.1', '6.2.1', '2.4.1', '1.3.1', '4.2.1', '3.6.1', '1.16.3', '1.3.99', '1.17.1', '1.14.18']"
Penbutolol,55,33,"['1.22.1', '2.7.1', '3.1.3', '1.14.19', '3.8.1', '1.14.3', '1.21.1', '1.14.15', '1.14.13', '1.11.2', '3.1.5', '1.1.1', '1.10.3', '3.2.1', '1.1.3', '3.1.6', '1.14.99', '1.11.1', '1.14.12', '1.14.14', '1.14.16', '2.1.1', '1.1.99', '5.1.3', '6.2.1', '2.4.1', '4.2.1', '1.3.1', '4.1.3', '3.6.1', '1.16.3', '1.3.99', '1.14.18']"
Iohexol,73,31,"['1.22.1', '2.7.1', '3.1.3', '4.2.2', '3.8.1', '3.5.1', '1.21.1', '1.14.13', '1.14.15', '3.1.5', '1.1.1', '3.2.1', '3.3.2', '3.4.15', '1.1.3', '3.1.6', '1.14.99', '1.2.1', '1.11.1', '2.5.1', '1.14.14', '3.1.1', '1.1.99', '5.1.3', '2.4.1', '4.2.1', '1.3.1', '4.1.3', '3.6.1', '1.16.3', '1.14.18']"
Ephedrine,60,32,"['1.6.5', '1.22.1', '4.2.3', '2.7.1', '3.1.3', '1.14.19', '3.8.1', '1.14.3', '1.21.1', '1.14.13', '1.11.2', '1.14.15', '3.1.5', '1.1.1', '1.10.3', '3.2.1', '1.13.11', '3.1.6', '1.11.1', '1.14.12', '1.14.14', '1.14.16', '1.5.1', '5.1.3', '2.4.1', '1.3.1', '4.1.3', '4.2.1', '3.6.1', '1.16.3', '1.17.1', '1.14.18']"
Procaterol,64,35,"['1.6.5', '1.22.1', '2.7.1', '3.1.3', '4.2.2', '1.14.19', '3.8.1', '1.14.3', '1.21.1', '1.14.15', '1.14.13', '1.11.2', '3.1.5', '1.1.1', '1.10.3', '3.2.1', '3.4.15', '3.4.19', '3.1.6', '1.11.1', '1.14.12', '2.8.2', '1.14.14', '3.1.1', '1.14.16', '1.5.1', '5.1.3', '2.4.1', '1.3.1', '4.1.3', '4.2.1', '3.6.1', '1.16.3', '1.17.1', '1.14.18']"
Rasagiline,51,14,"['1.21.1', '1.14.13', '1.14.15', '1.22.1', '1.11.2', '1.13.11', '1.10.3', '1.14.12', '1.14.3', '1.17.1', '1.14.14', '3.8.1', '1.14.18', '1.14.16']"
Cortisone acetate,188,40,"['3.4.16', '2.7.1', '3.1.3', '4.1.99', '4.2.2', '1.14.19', '3.5.1', '5.3.3', '6.3.2', '1.14.15', '1.14.13', '3.1.5', '1.1.1', '3.2.1', '2.3.1', '1.13.11', '1.1.3', '3.1.6', '1.3.8', '1.14.99', '1.11.1', '1.3.3', '2.5.1', '1.14.14', '3.1.1', '3.4.21', '1.1.99', '5.1.3', '1.17.99', '6.2.1', '2.4.1', '1.3.1', '4.2.1', '4.1.3', '3.6.1', '2.7.2', '1.16.3', '1.3.99', '1.17.1', '1.14.18']"
Sodium bicarbonate,0,0,[]
Yohimbine,97,41,"['1.22.1', '3.4.16', '2.7.1', '3.1.3', '4.2.2', '1.14.19', '3.8.1', '1.14.3', '1.21.1', '6.3.2', '1.14.13', '1.14.15', '1.11.2', '1.13.99', '3.1.5', '1.1.1', '1.10.3', '3.2.1', '3.4.15', '2.3.1', '1.1.3', '3.1.6', '1.14.99', '1.11.1', '1.14.12', '1.14.14', '3.1.1', '1.14.16', '3.4.21', '1.1.99', '5.1.3', '6.2.1', '2.4.1', '1.3.1', '4.1.3', '4.2.1', '3.6.1', '1.16.3', '1.3.99', '1.17.1', '1.14.18']"
Bezafibrate,89,37,"['1.22.1', '2.7.1', '3.1.3', '4.2.2', '1.14.19', '3.8.1', '3.5.1', '1.14.3', '1.21.1', '1.14.13', '1.11.2', '1.14.15', '3.1.5', '1.1.1', '1.10.3', '3.2.1', '3.4.15', '3.4.19', '5.2.1', '3.1.6', '1.2.1', '1.11.1', '1.14.12', '1.14.14', '3.1.1', '1.14.16', '2.1.1', '5.1.3', '1.3.98', '2.4.1', '6.2.1', '4.1.3', '4.2.1', '3.6.1', '1.16.3', '1.17.1', '1.14.18']"
Colchicine,73,33,"['6.3.4', '1.22.1', '2.7.1', '4.2.2', '3.4.13', '3.8.1', '3.5.1', '1.14.3', '1.21.1', '6.3.2', '1.14.13', '1.14.15', '1.11.2', '1.10.3', '3.2.1', '3.3.2', '3.4.15', '2.3.1', '1.14.99', '3.4.11', '1.14.14', '3.1.1', '1.14.16', '2.1.1', '5.1.3', '6.2.1', '2.4.1', '4.1.3', '6.3.1', '4.2.1', '3.6.1', '1.17.1', '1.14.18']"
Drospirenone,134,24,"['3.4.16', '4.2.2', '1.14.19', '5.3.3', '1.14.15', '1.14.13', '1.1.1', '3.2.1', '2.3.1', '1.1.3', '1.3.8', '1.14.99', '1.17.1', '1.3.3', '1.14.14', '3.1.1', '1.1.99', '1.17.99', '6.2.1', '1.3.1', '4.2.1', '1.3.99', '3.4.21', '1.14.18']"
Digitoxin,232,29,"['3.4.16', '3.1.3', '4.1.99', '4.2.2', '1.14.19', '5.3.3', '1.14.15', '1.14.13', '1.1.1', '3.2.1', '3.3.2', '2.3.1', '5.4.99', '1.1.3', '3.1.6', '1.14.99', '1.11.1', '1.14.14', '3.1.1', '1.1.99', '1.17.99', '6.2.1', '2.4.1', '1.3.1', '4.2.1', '1.16.3', '1.3.99', '3.4.21', '1.14.18']"
Magnesium salicylate,0,0,[]
Salsalate,176,40,"['1.6.5', '1.97.1', '1.22.1', '2.7.1', '3.1.3', '4.2.2', '1.14.19', '3.8.1', '3.5.1', '1.14.3', '1.21.1', '1.14.13', '1.11.2', '3.1.5', '1.1.1', '1.10.3', '3.2.1', '3.4.15', '5.2.1', '1.13.11', '3.1.6', '1.6.99', '1.2.1', '1.11.1', '1.14.12', '2.8.2', '3.1.2', '1.14.14', '3.1.1', '1.14.16', '4.1.1', '2.1.1', '5.1.3', '6.2.1', '2.4.1', '4.1.3', '4.2.1', '3.6.1', '1.16.3', '1.14.18']"
Neostigmine,51,28,"['1.6.5', '1.22.1', '2.7.1', '4.2.2', '1.14.19', '3.8.1', '1.14.3', '1.21.1', '1.14.13', '1.11.2', '1.10.3', '3.2.1', '3.4.15', '3.4.19', '1.11.1', '1.14.12', '3.1.2', '1.14.14', '3.1.1', '1.14.16', '2.1.1', '5.1.3', '6.2.1', '2.4.1', '4.1.3', '4.2.1', '3.6.1', '1.14.18']"
Methotrimeprazine,70,19,"['1.22.1', '1.14.3', '3.8.1', '1.21.1', '1.14.13', '1.14.15', '1.11.2', '1.10.3', '3.2.1', '3.3.2', '1.13.11', '1.14.12', '1.14.14', '2.1.1', '6.2.1', '2.4.1', '1.3.1', '3.6.1', '1.14.18']"
Danazol,61,22,"['3.1.3', '4.1.99', '1.14.19', '3.8.1', '1.14.15', '1.14.13', '1.13.99', '3.1.5', '3.2.1', '3.1.6', '1.14.99', '1.11.1', '1.14.14', '1.17.99', '2.4.1', '1.3.1', '4.2.1', '3.6.1', '1.16.3', '1.3.99', '1.17.1', '1.14.18']"
Clenbuterol,40,32,"['1.97.1', '1.22.1', '2.7.1', '3.1.3', '3.5.4', '1.14.19', '3.8.1', '1.14.3', '1.21.1', '1.14.13', '1.11.2', '1.14.15', '3.1.5', '1.1.1', '3.2.1', '1.7.1', '3.1.6', '1.11.1', '1.14.12', '1.14.14', '1.14.16', '1.8.99', '5.1.3', '1.3.98', '2.4.1', '1.3.1', '4.1.3', '4.2.1', '3.6.1', '1.16.3', '1.17.1', '1.14.18']"
Bambuterol,47,34,"['1.22.1', '2.7.1', '3.1.3', '4.2.2', '1.14.19', '3.8.1', '1.14.3', '1.21.1', '1.14.13', '1.11.2', '1.14.15', '3.1.5', '1.1.1', '3.2.1', '3.4.15', '3.4.19', '3.1.6', '1.11.1', '1.14.12', '3.1.2', '1.14.14', '3.1.1', '1.14.16', '2.1.1', '5.1.3', '6.2.1', '2.4.1', '1.3.1', '4.1.3', '4.2.1', '3.6.1', '1.16.3', '1.17.1', '1.14.18']"
Tiotropium,35,30,"['1.22.1', '3.4.16', '2.7.1', '3.1.3', '4.2.2', '1.14.3', '1.21.1', '6.3.2', '1.14.15', '1.14.13', '1.11.2', '3.1.5', '1.1.1', '1.10.3', '3.2.1', '3.3.2', '2.3.1', '3.1.6', '1.11.1', '1.14.14', '3.1.1', '5.1.3', '6.2.1', '2.4.1', '4.1.3', '4.2.1', '3.6.1', '1.16.3', '3.4.21', '1.14.18']"
Ciclesonide,165,32,"['3.4.16', '3.1.3', '4.2.2', '1.14.19', '5.3.3', '1.14.15', '1.14.13', '3.1.5', '1.1.1', '3.2.1', '2.3.1', '1.13.11', '1.1.3', '5.4.99', '3.1.6', '1.3.8', '1.14.99', '1.11.1', '1.3.3', '2.5.1', '1.14.14', '3.1.1', '1.1.99', '1.17.99', '6.2.1', '2.4.1', '1.3.1', '4.2.1', '1.16.3', '1.3.99', '3.4.21', '1.14.18']"
Pranlukast,88,22,"['2.7.1', '4.2.2', '1.14.19', '3.8.1', '1.14.3', '1.14.13', '1.14.15', '3.2.1', '3.4.15', '1.14.99', '1.14.14', '2.1.1', '5.1.3', '6.2.1', '2.4.1', '1.3.1', '4.1.3', '4.2.1', '3.6.1', '1.3.99', '1.17.1', '1.14.18']"
Cefepime,39,38,"['6.3.4', '2.7.1', '4.2.2', '3.4.13', '1.14.19', '1.8.3', '3.5.1', '6.3.2', '1.14.15', '1.14.13', '1.1.1', '3.2.1', '2.3.2', '1.17.3', '3.4.19', '1.7.1', '3.4.15', '5.2.1', '1.14.11', '1.14.99', '3.5.2', '1.2.1', '3.4.11', '2.5.1', '1.14.14', '1.2.3', '2.1.1', '5.1.3', '6.2.1', '1.3.1', '6.3.1', '4.1.3', '4.2.1', '3.6.1', '1.3.99', '3.4.21', '6.3.3', '1.14.18']"
Ceftibuten,56,39,"['6.3.4', '2.7.1', '3.1.3', '4.2.2', '3.4.13', '1.8.3', '3.5.1', '6.3.2', '1.14.15', '1.14.13', '3.1.5', '1.1.1', '3.2.1', '2.3.2', '3.4.19', '1.7.1', '3.4.15', '5.2.1', '3.1.6', '1.14.99', '1.2.1', '1.11.1', '3.4.11', '1.14.12', '2.5.1', '1.14.14', '3.1.1', '3.4.21', '5.1.3', '1.17.99', '2.4.1', '1.3.1', '6.3.1', '4.1.3', '4.2.1', '3.6.1', '1.16.3', '1.17.1', '1.14.18']"
Cefpodoxime,33,35,"['6.3.4', '2.7.1', '3.1.3', '4.2.2', '3.4.13', '1.8.3', '3.5.1', '6.3.2', '1.14.13', '3.1.5', '1.1.1', '3.2.1', '2.3.2', '3.4.19', '1.7.1', '3.4.15', '5.2.1', '3.1.6', '1.2.1', '1.11.1', '3.4.11', '1.14.12', '2.5.1', '1.14.14', '3.1.1', '2.1.1', '5.1.3', '6.2.1', '2.4.1', '4.1.3', '6.3.1', '4.2.1', '3.6.1', '1.16.3', '3.4.21']"
Acenocoumarol,146,36,"['1.22.1', '1.2.7', '2.7.1', '3.1.3', '4.2.2', '1.14.19', '3.8.1', '1.14.3', '1.21.1', '1.14.13', '1.14.15', '1.11.2', '1.1.1', '1.10.3', '3.2.1', '1.7.1', '3.4.15', '1.13.11', '1.1.3', '3.1.6', '1.14.99', '1.2.99', '1.14.12', '2.8.2', '1.14.14', '3.1.1', '1.14.16', '1.1.99', '5.1.3', '1.17.99', '1.3.1', '4.1.3', '4.2.1', '1.17.1', '1.14.18', '1.12.99']"
Paromomycin,224,31,"['2.4.2', '2.7.1', '3.1.3', '3.10.1', '1.14.15', '1.14.13', '3.1.5', '1.1.1', '3.2.1', '3.3.2', '5.3.1', '2.3.1', '5.4.99', '1.1.3', '3.1.6', '1.2.1', '1.11.1', '2.5.1', '1.14.14', '1.4.3', '1.1.99', '5.1.3', '5.4.1', '2.4.1', '6.2.1', '4.2.1', '1.3.1', '4.1.3', '3.6.1', '1.16.3', '1.14.18']"
Stepronin,37,43,"['6.3.4', '1.22.1', '3.4.16', '2.7.1', '3.1.3', '4.2.3', '4.2.2', '3.4.13', '1.14.19', '3.5.1', '1.8.3', '1.21.1', '6.3.2', '1.14.13', '1.11.2', '1.14.15', '5.1.1', '3.1.5', '1.1.1', '2.6.1', '3.2.1', '3.4.15', '3.4.19', '5.2.1', '3.1.6', '1.2.1', '1.11.1', '3.4.11', '1.14.12', '3.1.2', '1.14.14', '3.1.1', '1.14.16', '5.1.3', '6.2.1', '2.4.1', '1.3.1', '6.3.1', '4.1.3', '4.2.1', '3.6.1', '1.16.3', '1.14.18']"
Aminophenazone,39,18,"['1.22.1', '2.7.1', '4.2.2', '1.14.3', '3.8.1', '1.21.1', '1.14.13', '1.11.2', '1.10.3', '3.2.1', '2.6.1', '3.4.15', '1.1.3', '1.14.14', '5.1.3', '4.1.3', '4.2.1', '1.14.18']"
Alizapride,36,29,"['1.22.1', '2.7.1', '4.2.2', '1.14.19', '3.8.1', '3.5.1', '1.14.3', '1.21.1', '1.14.13', '1.14.15', '1.11.2', '1.10.3', '3.2.1', '3.3.2', '3.4.15', '1.14.99', '1.14.14', '3.1.1', '1.14.16', '2.1.1', '5.1.3', '6.2.1', '2.4.1', '1.3.1', '4.1.3', '4.2.1', '3.6.1', '1.3.99', '1.14.18']"
Oxybenzone,110,33,"['1.6.5', '1.97.1', '1.22.1', '2.7.1', '3.1.3', '4.2.2', '1.14.19', '3.8.1', '1.14.3', '1.21.1', '1.14.13', '1.11.2', '1.1.1', '1.10.3', '3.2.1', '3.3.2', '1.13.11', '3.1.6', '1.11.1', '1.14.12', '2.8.2', '1.14.14', '1.13.12', '1.14.16', '3.1.1', '2.1.1', '5.1.3', '6.2.1', '2.4.1', '4.1.3', '4.2.1', '3.6.1', '1.14.18']"
Antipyrine,48,23,"['1.22.1', '2.7.1', '4.2.2', '1.14.19', '3.8.1', '1.14.3', '1.21.1', '1.14.13', '1.11.2', '1.14.15', '1.10.3', '3.2.1', '2.6.1', '3.4.15', '1.1.3', '1.11.1', '1.14.12', '1.14.14', '1.14.16', '5.1.3', '4.1.3', '4.2.1', '1.14.18']"
Alfacalcidol,149,24,"['3.1.3', '1.14.19', '5.3.3', '1.14.15', '1.14.13', '1.1.1', '3.2.1', '1.14.21', '1.13.11', '1.1.3', '3.1.6', '1.14.99', '1.11.1', '1.3.3', '1.14.12', '1.14.14', '1.1.99', '1.17.99', '2.4.1', '1.3.1', '4.2.1', '1.16.3', '1.3.99', '1.14.18']"
Phenazopyridine,72,15,"['1.21.1', '1.14.13', '1.22.1', '1.11.2', '1.13.11', '1.1.1', '1.10.3', '1.8.99', '1.14.12', '1.7.1', '1.14.14', '3.8.1', '1.2.3', '1.14.18', '1.14.16']"
gamma-Hydroxybutyric acid,55,40,"['4.2.3', '2.7.1', '3.1.3', '4.2.2', '1.14.19', '3.5.1', '6.3.2', '1.14.15', '1.14.13', '3.1.5', '1.1.1', '3.2.1', '3.4.15', '3.4.19', '1.7.3', '5.2.1', '1.1.3', '3.1.6', '1.3.8', '1.6.99', '1.14.99', '1.2.1', '1.3.3', '3.4.11', '1.11.1', '1.14.14', '3.1.1', '4.99.1', '1.1.99', '5.1.3', '1.17.99', '2.4.1', '1.3.1', '4.2.1', '4.1.3', '3.6.1', '1.16.3', '1.3.99', '1.17.1', '1.14.18']"
Ethylmorphine,56,31,"['1.22.1', '3.1.3', '4.1.99', '1.14.19', '3.8.1', '1.14.3', '1.21.1', '1.14.15', '1.14.13', '1.11.2', '3.1.5', '1.1.1', '3.2.1', '1.1.3', '3.1.6', '1.14.99', '1.11.1', '1.14.12', '1.14.14', '1.14.16', '2.1.1', '1.1.99', '6.2.1', '2.4.1', '4.2.1', '1.3.1', '3.6.1', '1.16.3', '1.3.99', '1.17.1', '1.14.18']"
Dichloralphenazone,0,0,[]
Difenoxin,67,17,"['3.1.3', '1.14.3', '3.8.1', '1.14.15', '1.14.13', '3.1.5', '1.1.1', '3.2.1', '5.2.1', '3.1.6', '1.2.1', '1.11.1', '1.14.14', '2.4.1', '4.2.1', '1.16.3', '1.14.18']"
Delorazepam,88,32,"['1.97.1', '1.22.1', '2.7.1', '4.2.2', '1.14.19', '3.8.1', '3.5.1', '1.21.1', '1.14.13', '1.11.2', '1.1.1', '1.10.3', '3.2.1', '2.3.2', '3.3.2', '3.4.19', '3.4.15', '3.4.22', '1.13.11', '3.4.11', '1.14.12', '1.14.14', '3.1.1', '1.14.16', '1.8.99', '5.1.3', '1.3.98', '4.1.3', '6.3.1', '4.2.1', '3.4.21', '1.14.18']"
Flunitrazepam,94,25,"['1.22.1', '1.2.7', '2.7.1', '3.1.3', '4.2.2', '3.8.1', '1.21.1', '1.14.13', '1.11.2', '1.1.1', '1.10.3', '3.2.1', '1.7.1', '3.4.15', '1.13.11', '1.14.99', '1.2.99', '1.2.1', '1.14.12', '1.14.14', '5.1.3', '4.1.3', '4.2.1', '1.14.18', '1.12.99']"
Ethyl loflazepate,100,36,"['1.22.1', '3.4.16', '2.7.1', '4.2.2', '1.14.19', '3.8.1', '3.5.1', '1.14.3', '1.21.1', '6.3.2', '1.14.13', '1.11.2', '1.14.15', '1.1.1', '1.10.3', '3.2.1', '2.3.2', '3.3.2', '3.4.19', '3.4.15', '2.3.1', '3.4.22', '1.13.11', '3.4.11', '1.14.12', '1.14.14', '3.1.1', '5.1.3', '1.3.98', '6.2.1', '4.1.3', '6.3.1', '4.2.1', '3.6.1', '3.4.21', '1.14.18']"
Fenproporex,38,18,"['1.22.1', '3.5.5', '1.14.3', '3.8.1', '4.3.1', '1.21.1', '1.14.13', '1.14.15', '1.11.2', '1.10.3', '1.14.12', '1.14.14', '1.14.16', '4.99.1', '1.5.1', '4.2.1', '1.3.1', '1.14.18']"
Dihydrocodeine,58,30,"['1.22.1', '3.1.3', '1.14.19', '3.8.1', '1.14.3', '1.21.1', '1.14.15', '1.14.13', '1.11.2', '3.1.5', '1.1.1', '3.2.1', '1.1.3', '3.1.6', '1.14.99', '1.11.1', '1.14.12', '1.14.14', '1.14.16', '2.1.1', '1.1.99', '6.2.1', '2.4.1', '4.2.1', '1.3.1', '3.6.1', '1.16.3', '1.3.99', '1.17.1', '1.14.18']"
Cloxazolam,72,32,"['1.22.1', '2.7.1', '4.2.2', '1.14.19', '3.8.1', '3.5.1', '1.14.3', '1.21.1', '1.14.13', '1.11.2', '1.1.1', '1.10.3', '3.2.1', '2.3.2', '3.3.2', '3.4.19', '3.4.15', '3.4.22', '3.4.11', '1.14.12', '1.14.14', '3.1.1', '1.14.16', '5.1.3', '1.3.98', '6.2.1', '4.1.3', '6.3.1', '4.2.1', '3.6.1', '3.4.21', '1.14.18']"
Bromazepam,55,32,"['1.97.1', '1.22.1', '2.7.1', '4.2.2', '1.14.19', '3.8.1', '3.5.1', '1.21.1', '1.14.13', '1.11.2', '1.1.1', '1.10.3', '3.2.1', '2.3.2', '3.3.2', '3.4.19', '3.4.15', '3.4.22', '1.3.3', '3.4.11', '1.14.12', '1.14.14', '1.2.3', '3.1.1', '1.14.16', '1.8.99', '5.1.3', '4.1.3', '6.3.1', '4.2.1', '3.4.21', '1.14.18']"
Clotiazepam,51,23,"['1.22.1', '2.7.1', '3.1.3', '1.14.19', '3.8.1', '1.14.3', '1.21.1', '1.14.13', '1.11.2', '1.14.15', '1.1.1', '1.10.3', '3.2.1', '3.4.15', '1.2.1', '1.14.12', '1.14.14', '5.1.3', '1.3.98', '4.1.3', '4.2.1', '1.17.1', '1.14.18']"
Chloral hydrate,15,15,"['1.14.13', '1.1.1', '1.2.1', '3.2.1', '3.1.3', '2.7.1', '1.14.12', '1.3.1', '4.2.1', '4.2.3', '1.7.3', '1.14.14', '1.1.3', '3.1.1', '3.1.6']"
Dextroamphetamine,43,12,"['1.21.1', '1.14.13', '1.22.1', '1.11.2', '1.13.11', '1.10.3', '1.11.1', '3.10.1', '1.14.12', '1.14.14', '1.14.18', '1.14.16']"
Metamfetamine,43,14,"['1.21.1', '1.14.13', '1.22.1', '1.11.2', '1.14.15', '1.13.11', '1.5.1', '1.10.3', '1.11.1', '1.14.12', '1.14.14', '1.14.3', '1.14.18', '1.14.16']"
Phendimetrazine,29,15,"['1.21.1', '1.14.13', '1.22.1', '1.11.2', '1.14.15', '1.10.3', '3.2.1', '6.2.1', '1.14.12', '1.14.3', '3.6.1', '1.14.14', '3.8.1', '1.14.18', '1.14.16']"
Oxprenolol,52,35,"['1.6.5', '1.22.1', '4.2.3', '2.7.1', '3.1.3', '1.14.19', '3.8.1', '1.14.3', '1.21.1', '1.14.15', '1.14.13', '1.11.2', '3.1.5', '1.1.1', '1.10.3', '3.2.1', '1.1.3', '3.1.6', '1.11.1', '1.14.12', '2.5.1', '1.14.14', '1.14.16', '2.1.1', '1.5.1', '1.1.99', '5.1.3', '6.2.1', '2.4.1', '4.2.1', '1.3.1', '4.1.3', '3.6.1', '1.16.3', '1.14.18']"
Sulfamerazine,42,23,"['1.22.1', '2.7.1', '3.5.4', '4.2.2', '3.8.1', '1.21.1', '1.14.13', '1.11.2', '1.1.1', '1.10.3', '3.2.1', '2.6.1', '1.7.1', '3.4.15', '1.14.12', '1.14.14', '1.2.3', '1.8.99', '5.1.3', '4.1.3', '4.2.1', '1.17.1', '1.14.18']"
Sulfamethazine,37,21,"['1.22.1', '2.7.1', '3.5.4', '4.2.2', '3.8.1', '1.21.1', '1.14.13', '1.11.2', '1.1.1', '1.10.3', '3.2.1', '2.6.1', '1.7.1', '3.4.15', '1.14.12', '1.14.14', '1.8.99', '5.1.3', '4.1.3', '4.2.1', '1.14.18']"
Liotrix,0,0,[]
Ursodeoxycholic acid,134,32,"['2.7.1', '3.1.3', '4.2.2', '1.14.19', '1.14.15', '1.14.13', '3.1.5', '1.1.1', '3.2.1', '3.4.15', '5.2.1', '1.1.3', '3.1.6', '1.3.8', '1.14.99', '1.2.1', '1.3.3', '1.11.1', '1.14.14', '3.1.1', '1.1.99', '5.1.3', '1.17.99', '2.4.1', '1.3.1', '4.1.3', '4.2.1', '3.6.1', '1.16.3', '1.3.99', '1.17.1', '1.14.18']"
Ketazolam,87,24,"['1.22.1', '2.7.1', '3.1.3', '4.2.2', '1.14.19', '3.8.1', '1.14.3', '1.21.1', '1.14.13', '1.11.2', '1.14.15', '1.1.1', '1.10.3', '3.2.1', '3.4.15', '1.14.12', '1.14.14', '5.1.3', '1.3.98', '6.2.1', '4.1.3', '4.2.1', '3.6.1', '1.14.18']"
Prazepam,62,18,"['2.7.1', '1.14.19', '3.8.1', '1.14.13', '1.14.15', '1.11.2', '1.1.1', '3.2.1', '3.4.15', '1.13.11', '1.2.1', '1.14.12', '1.14.14', '5.1.3', '1.3.98', '4.1.3', '4.2.1', '1.14.18']"
Quazepam,48,8,"['1.14.13', '1.14.18', '1.3.98', '1.14.12', '1.14.19', '1.14.14', '3.8.1', '1.13.11']"
Everolimus,346,29,"['5.3.99', '3.4.16', '3.1.3', '1.14.19', '1.14.15', '1.14.13', '1.1.1', '3.2.1', '1.14.21', '2.3.1', '1.14.11', '1.13.11', '1.1.3', '3.1.6', '1.14.99', '1.17.1', '1.2.1', '1.3.3', '1.14.12', '1.14.14', '3.1.1', '1.4.3', '1.17.99', '6.2.1', '1.3.1', '4.2.1', '1.3.99', '3.4.21', '1.14.18']"
Solifenacin,90,23,"['1.22.1', '2.7.1', '4.2.2', '3.8.1', '1.14.3', '1.21.1', '1.14.13', '1.14.15', '1.11.2', '1.10.3', '3.2.1', '3.4.15', '1.14.12', '1.14.14', '3.1.1', '5.1.3', '6.2.1', '1.3.1', '4.1.3', '4.2.1', '3.6.1', '1.17.1', '1.14.18']"
Cinolazepam,89,34,"['1.22.1', '2.7.1', '3.1.3', '4.2.2', '3.5.5', '1.14.19', '3.8.1', '1.14.3', '1.21.1', '4.3.1', '1.14.13', '1.14.15', '1.11.2', '3.1.5', '1.1.1', '1.10.3', '3.2.1', '3.4.15', '1.13.11', '3.1.6', '1.11.1', '1.14.12', '1.14.14', '3.1.1', '1.14.16', '4.99.1', '5.1.3', '1.3.98', '2.4.1', '4.2.1', '4.1.3', '3.6.1', '1.16.3', '1.14.18']"
Nitrazepam,97,35,"['1.22.1', '1.2.7', '2.7.1', '4.2.2', '3.8.1', '3.5.1', '1.21.1', '1.14.13', '1.11.2', '1.1.1', '1.10.3', '3.2.1', '2.3.2', '3.3.2', '1.7.1', '3.4.19', '3.4.15', '3.4.22', '1.13.11', '1.14.99', '1.2.99', '1.2.1', '3.4.11', '1.14.12', '1.14.14', '3.1.1', '1.14.16', '1.8.99', '5.1.3', '4.1.3', '6.3.1', '4.2.1', '3.4.21', '1.14.18', '1.12.99']"
Probucol,20,12,"['1.14.13', '1.11.2', '1.14.15', '1.11.1', '3.2.1', '3.1.3', '1.14.3', '2.8.2', '1.14.14', '3.8.1', '1.14.18', '3.1.6']"
Tiaprofenic acid,89,33,"['1.6.5', '1.22.1', '2.7.1', '3.1.3', '4.2.2', '1.14.19', '3.8.1', '1.14.3', '1.21.1', '1.14.13', '1.11.2', '1.14.15', '3.1.5', '1.1.1', '1.10.3', '3.2.1', '5.2.1', '1.13.11', '3.1.6', '1.2.1', '1.11.1', '1.14.12', '1.14.14', '1.13.12', '1.14.16', '3.1.1', '5.1.3', '2.4.1', '1.3.1', '4.1.3', '4.2.1', '1.16.3', '1.14.18']"
Lopinavir,143,30,"['6.3.4', '3.1.3', '3.4.13', '3.8.1', '3.5.1', '1.14.3', '6.3.2', '1.14.15', '1.14.13', '3.1.5', '1.1.1', '2.6.1', '3.2.1', '3.4.15', '1.1.3', '3.1.6', '1.11.1', '3.4.11', '1.14.14', '2.1.1', '1.1.99', '6.2.1', '2.4.1', '1.3.1', '6.3.1', '4.2.1', '3.6.1', '1.16.3', '1.17.1', '1.14.18']"
Bacampicillin,89,35,"['6.3.4', '1.22.1', '3.4.16', '2.7.1', '4.2.2', '3.4.13', '3.8.1', '3.5.1', '1.14.3', '1.21.1', '6.3.2', '1.14.13', '1.11.2', '1.14.15', '1.1.1', '1.10.3', '3.2.1', '3.4.24', '2.3.2', '3.4.19', '3.4.15', '2.3.1', '3.4.11', '1.14.14', '3.1.1', '2.1.1', '5.1.3', '6.2.1', '2.4.1', '4.1.3', '4.2.1', '6.3.1', '3.6.1', '3.4.21', '1.14.18']"
Pivampicillin,93,34,"['6.3.4', '1.22.1', '3.4.16', '2.7.1', '4.2.2', '3.4.13', '3.8.1', '3.5.1', '1.14.3', '1.21.1', '6.3.2', '1.14.13', '1.11.2', '1.14.15', '1.1.1', '1.10.3', '3.4.24', '3.2.1', '2.3.2', '3.4.19', '3.4.15', '2.3.1', '3.4.11', '1.14.14', '1.13.12', '3.1.1', '5.1.3', '6.2.1', '4.1.3', '4.2.1', '6.3.1', '3.6.1', '3.4.21', '1.14.18']"
Pivmecillinam,53,24,"['3.4.16', '2.7.1', '4.2.2', '1.14.19', '6.3.2', '1.14.15', '1.14.13', '1.1.1', '3.2.1', '3.4.15', '2.3.1', '1.14.99', '1.14.14', '1.13.12', '3.1.1', '5.1.3', '6.2.1', '1.3.1', '4.1.3', '4.2.1', '3.6.1', '1.3.99', '3.4.21', '1.14.18']"
Periciazine,75,25,"['1.22.1', '3.1.3', '3.8.1', '1.14.3', '1.21.1', '1.14.15', '1.14.13', '1.11.2', '3.1.5', '1.1.1', '1.10.3', '3.2.1', '1.1.3', '3.1.6', '1.11.1', '1.14.12', '1.14.14', '1.14.16', '1.1.99', '2.4.1', '1.3.1', '4.2.1', '3.6.1', '1.16.3', '1.14.18']"
Deferasirox,170,27,"['1.22.1', '2.7.1', '3.1.3', '4.2.2', '3.8.1', '1.14.3', '1.21.1', '1.14.13', '1.11.2', '3.1.5', '1.1.1', '1.10.3', '3.2.1', '3.1.6', '1.2.1', '1.11.1', '1.14.12', '2.8.2', '1.14.14', '4.1.1', '5.1.3', '2.4.1', '4.1.3', '4.2.1', '3.6.1', '1.16.3', '1.14.18']"
Valganciclovir,54,35,"['3.4.16', '2.7.1', '3.1.3', '3.10.1', '3.5.4', '4.2.2', '3.8.1', '6.3.2', '1.14.15', '1.14.13', '3.1.5', '1.1.1', '3.2.1', '1.7.1', '3.4.15', '2.3.1', '5.4.99', '1.1.3', '3.1.6', '1.2.1', '1.11.1', '1.6.6', '1.14.14', '3.1.1', '3.4.21', '5.1.3', '6.2.1', '2.4.1', '1.3.1', '4.2.1', '4.1.3', '3.5.99', '3.6.1', '1.16.3', '1.17.1']"
Hydroxychloroquine,56,31,"['1.22.1', '3.1.3', '1.14.19', '3.8.1', '1.14.3', '1.21.1', '1.14.13', '1.14.15', '1.11.2', '3.1.5', '1.1.1', '1.10.3', '3.2.1', '1.1.3', '3.1.6', '1.14.99', '1.2.1', '1.11.1', '1.14.14', '1.2.3', '1.14.16', '1.1.99', '1.3.98', '2.4.1', '1.3.1', '4.2.1', '3.6.1', '1.16.3', '1.3.99', '1.14.18', '4.3.3']"
Alverine,28,9,"['1.14.13', '1.14.15', '1.13.11', '1.14.12', '1.14.3', '1.14.14', '3.8.1', '1.14.18', '1.14.16']"
Molindone,34,24,"['2.7.1', '4.2.2', '3.8.1', '1.14.15', '1.14.13', '1.13.99', '1.1.1', '2.6.1', '3.2.1', '3.4.15', '3.4.19', '1.1.3', '3.4.11', '1.14.14', '3.1.1', '5.1.3', '6.2.1', '1.3.1', '4.1.3', '4.2.1', '3.7.1', '3.6.1', '1.17.1', '1.14.18']"
Pheniramine,46,12,"['1.14.13', '1.14.15', '1.11.2', '1.13.11', '1.3.3', '1.14.12', '1.14.3', '1.14.14', '3.8.1', '1.2.3', '1.14.18', '1.14.16']"
Thioproperazine,36,7,"['1.14.13', '1.14.15', '3.2.1', '1.14.3', '1.14.14', '3.8.1', '1.14.18']"
Thiothixene,36,8,"['1.14.13', '1.14.15', '1.14.99', '3.2.1', '1.14.3', '1.14.14', '3.8.1', '1.14.18']"
Zuclopenthixol,73,23,"['3.1.3', '1.14.19', '3.8.1', '1.14.3', '1.14.15', '1.14.13', '3.1.5', '1.1.1', '3.2.1', '1.1.3', '3.1.6', '1.14.99', '1.2.1', '1.11.1', '1.14.12', '1.14.14', '1.3.98', '2.4.1', '4.2.1', '3.6.1', '1.16.3', '1.14.18', '4.3.3']"
Isopropamide,34,13,"['1.14.13', '1.14.15', '1.11.2', '1.1.1', '3.2.1', '1.14.12', '4.2.1', '1.14.3', '3.4.15', '1.14.14', '3.8.1', '3.5.1', '1.14.18']"
Lincomycin,105,38,"['6.3.4', '4.4.1', '2.7.1', '3.1.3', '4.2.2', '3.4.13', '1.14.19', '3.5.1', '6.3.2', '1.14.15', '1.14.13', '3.1.5', '1.1.1', '3.2.1', '3.3.2', '3.4.15', '3.4.19', '1.1.3', '3.1.6', '1.14.99', '1.11.1', '3.4.11', '1.14.14', '3.1.1', '2.1.1', '1.5.1', '1.1.99', '5.1.3', '6.2.1', '2.4.1', '4.2.1', '6.3.1', '1.3.1', '4.1.3', '3.6.1', '1.16.3', '1.3.99', '1.14.18']"
Etoricoxib,44,11,"['1.14.13', '2.6.1', '3.2.1', '1.14.18', '1.3.98', '1.14.12', '4.2.2', '1.14.19', '1.14.14', '3.8.1', '1.2.3']"
Sorbitol,93,32,"['5.5.1', '4.2.3', '2.7.1', '3.1.3', '1.14.15', '1.14.13', '1.13.99', '3.1.5', '1.1.1', '3.2.1', '3.3.2', '1.7.3', '5.4.99', '1.1.3', '3.1.6', '1.2.1', '1.11.1', '1.14.12', '2.5.1', '1.1.5', '1.14.14', '3.1.1', '4.99.1', '1.1.99', '5.1.3', '2.4.1', '1.3.1', '4.2.1', '4.1.3', '3.6.1', '1.16.3', '1.14.18']"
Genistein,108,30,"['1.6.5', '1.97.1', '1.22.1', '2.7.1', '3.1.3', '4.2.2', '1.14.19', '3.8.1', '1.14.3', '1.21.1', '1.14.13', '1.11.2', '1.1.1', '1.10.3', '3.2.1', '3.1.6', '1.6.99', '1.14.99', '1.11.1', '1.14.12', '2.8.2', '1.14.14', '1.13.12', '3.1.1', '1.14.16', '5.1.3', '1.3.1', '4.1.3', '4.2.1', '1.14.18']"
N-Acetylmethionine,44,40,"['6.3.4', '3.4.16', '2.7.1', '3.1.3', '4.2.3', '4.2.2', '3.4.13', '3.5.1', '1.8.3', '5.1.1', '6.3.2', '1.14.15', '1.14.13', '3.1.5', '1.1.1', '3.2.1', '3.4.15', '3.4.19', '2.3.1', '5.2.1', '3.1.6', '1.14.99', '1.2.1', '1.11.1', '3.4.11', '1.14.12', '2.5.1', '1.14.14', '3.1.1', '2.1.1', '1.5.1', '5.1.3', '2.4.1', '1.3.1', '6.3.1', '4.1.3', '4.2.1', '3.6.1', '1.16.3', '1.14.18']"
Roflumilast,52,28,"['1.97.1', '1.22.1', '2.7.1', '4.2.2', '1.14.19', '3.8.1', '1.14.3', '1.21.1', '1.14.13', '1.14.15', '1.11.2', '1.10.3', '3.2.1', '3.4.15', '1.14.12', '1.14.14', '1.2.3', '3.1.1', '1.14.16', '2.1.1', '5.1.3', '1.3.98', '2.4.1', '6.2.1', '4.1.3', '4.2.1', '3.6.1', '1.14.18']"
Rutin,244,41,"['1.6.5', '1.22.1', '2.7.1', '3.1.3', '4.2.2', '3.8.1', '1.14.3', '1.21.1', '1.14.15', '1.14.13', '1.11.2', '3.1.5', '1.1.1', '1.10.3', '3.2.1', '3.3.2', '2.3.1', '1.13.11', '1.1.3', '5.4.99', '3.1.6', '1.14.99', '1.11.1', '1.14.12', '2.8.2', '1.14.14', '1.13.12', '1.14.16', '3.1.1', '2.1.1', '1.1.99', '5.1.3', '5.4.1', '2.4.1', '6.2.1', '1.3.1', '4.2.1', '4.1.3', '3.6.1', '1.16.3', '1.14.18']"
Prasterone,116,32,"['3.1.3', '4.2.2', '1.14.19', '5.3.3', '1.14.15', '1.14.13', '3.1.5', '1.1.1', '3.2.1', '1.14.21', '1.7.3', '1.13.11', '1.1.3', '3.1.6', '1.3.8', '1.6.99', '1.14.99', '1.11.1', '1.3.3', '1.14.12', '1.14.14', '3.1.1', '1.4.3', '1.1.99', '1.17.99', '2.4.1', '1.3.1', '4.2.1', '1.16.3', '1.3.99', '1.17.1', '1.14.18']"
Cetrimonium,99,8,"['1.14.15', '1.14.13', '1.14.99', '1.3.1', '1.3.99', '1.14.19', '1.14.14', '1.14.18']"
Camphor,50,23,"['2.7.1', '4.2.2', '1.14.19', '1.14.15', '1.14.13', '1.1.1', '3.2.1', '1.7.3', '3.4.15', '1.14.99', '1.14.14', '1.13.12', '3.1.1', '1.4.3', '1.1.99', '5.1.3', '1.17.99', '1.3.1', '4.1.3', '4.2.1', '1.3.99', '1.17.1', '1.14.18']"
1-naphthaleneacetic acid,104,36,"['1.6.5', '1.22.1', '2.7.1', '3.1.3', '4.2.2', '1.14.19', '3.8.1', '1.14.3', '1.21.1', '6.3.2', '1.14.13', '1.11.2', '3.1.5', '1.1.1', '1.10.3', '3.2.1', '3.4.15', '3.4.19', '5.2.1', '1.13.11', '3.1.6', '1.2.1', '1.11.1', '1.14.12', '1.14.14', '3.1.1', '1.14.16', '5.1.3', '2.4.1', '1.3.1', '4.1.3', '4.2.1', '3.6.1', '1.16.3', '1.17.1', '1.14.18']"
Pantothenic acid,69,41,"['6.3.4', '4.2.3', '2.7.1', '3.1.3', '4.2.2', '3.4.13', '3.5.1', '6.3.2', '1.14.15', '1.14.13', '3.1.5', '1.1.1', '3.2.1', '3.3.2', '3.4.15', '3.4.19', '1.7.3', '5.2.1', '1.1.3', '3.1.6', '1.2.1', '1.11.1', '3.4.11', '1.14.12', '2.5.1', '1.1.5', '1.14.14', '1.13.12', '3.1.1', '1.1.99', '5.1.3', '1.17.99', '2.4.1', '1.3.1', '6.3.1', '4.1.3', '4.2.1', '3.6.1', '1.16.3', '1.17.1', '1.14.18']"
Propylene glycol,40,29,"['4.2.3', '2.7.1', '3.1.3', '1.14.15', '1.14.13', '3.1.5', '1.1.1', '3.2.1', '3.3.2', '1.7.3', '1.1.3', '3.1.6', '1.2.1', '1.11.1', '1.14.12', '2.5.1', '1.1.5', '1.14.14', '3.1.1', '4.99.1', '1.1.99', '5.1.3', '2.4.1', '1.3.1', '4.2.1', '4.1.3', '3.6.1', '1.16.3', '1.14.18']"
D-glucose,167,50,"['5.5.1', '4.1.2', '4.2.3', '2.7.1', '3.1.3', '4.2.2', '1.4.99', '6.3.2', '1.14.15', '1.14.13', '1.13.99', '3.1.5', '1.1.1', '3.2.1', '3.3.2', '5.3.1', '1.7.3', '3.4.15', '3.4.19', '1.14.11', '5.4.99', '1.1.3', '3.1.6', '1.5.99', '1.2.1', '1.11.1', '3.4.11', '1.14.12', '1.4.9', '2.5.1', '1.1.5', '1.14.14', '1.2.3', '3.1.1', '4.99.1', '1.4.3', '1.5.1', '1.1.99', '6.1.1', '5.1.3', '1.17.99', '2.4.1', '1.3.1', '1.5.3', '4.2.1', '4.1.3', '3.6.1', '1.16.3', '1.17.1', '1.14.18']"
Formic acid,7,12,"['6.3.2', '3.2.1', '4.2.3', '3.1.3', '3.4.11', '1.14.12', '4.2.1', '3.4.19', '4.2.2', '5.2.1', '3.5.1', '3.1.1']"
Taurine,5,13,"['6.3.2', '1.4.3', '3.2.1', '2.7.1', '3.10.1', '3.4.11', '5.1.3', '4.1.3', '4.2.1', '3.4.15', '3.4.19', '1.14.14', '3.1.1']"
Cocarboxylase,46,39,"['6.3.4', '2.7.1', '3.1.3', '3.5.4', '3.1.8', '4.2.2', '3.6.2', '2.7.7', '3.8.1', '1.14.13', '1.13.99', '1.1.1', '2.6.1', '3.2.1', '1.8.1', '3.4.24', '1.7.1', '3.4.15', '3.4.19', '2.3.1', '1.1.3', '1.14.99', '3.4.11', '2.8.2', '1.14.14', '3.1.4', '1.2.3', '3.1.1', '3.6.5', '1.8.99', '5.1.3', '6.2.1', '2.4.1', '4.1.3', '3.6.4', '3.5.99', '3.6.1', '4.2.1', '1.17.1']"
Dihydrofolic Acid,118,48,"['1.22.1', '2.7.1', '3.1.3', '3.5.4', '4.2.2', '1.14.19', '3.8.1', '3.5.1', '1.14.3', '1.21.1', '1.14.15', '1.14.13', '1.11.2', '3.1.5', '1.1.1', '1.10.3', '3.2.1', '3.4.15', '1.7.1', '5.2.1', '1.14.11', '3.1.6', '1.3.8', '1.14.99', '1.2.1', '1.3.3', '1.11.1', '2.7.6', '1.14.12', '1.6.6', '2.5.1', '1.14.14', '3.1.1', '1.14.16', '1.5.1', '5.1.3', '1.17.99', '2.4.1', '1.3.1', '4.1.3', '4.2.1', '3.5.99', '3.6.1', '1.16.3', '1.3.99', '6.3.1', '1.17.1', '1.14.18']"
Cytidine,81,49,"['1.6.5', '6.3.4', '1.22.1', '2.4.2', '4.2.3', '2.7.1', '3.1.3', '3.5.4', '4.2.2', '1.14.19', '3.8.1', '1.14.3', '1.21.1', '6.3.2', '1.14.13', '1.14.15', '1.11.2', '3.1.5', '1.1.1', '3.2.1', '3.3.2', '5.3.1', '1.7.1', '3.4.15', '3.4.19', '5.4.99', '1.1.3', '3.1.6', '1.2.1', '1.11.1', '3.4.11', '1.14.12', '2.5.1', '1.14.14', '1.14.16', '3.2.2', '3.1.1', '1.1.99', '1.8.99', '5.1.3', '6.2.1', '2.4.1', '4.2.1', '1.3.1', '4.1.3', '3.6.1', '1.16.3', '1.17.1', '1.14.18']"
Xanthine,15,17,"['6.3.2', '1.14.13', '1.1.1', '3.5.2', '3.2.1', '2.7.1', '3.4.11', '5.1.3', '4.1.3', '4.2.1', '3.4.15', '1.17.5', '3.4.19', '4.2.2', '1.17.1', '1.14.14', '3.8.1']"
Orotic acid,22,33,"['1.6.5', '1.22.1', '4.2.3', '2.7.1', '3.1.3', '4.2.2', '1.14.19', '3.8.1', '3.5.1', '1.21.1', '6.3.2', '1.14.13', '1.11.2', '3.1.5', '1.1.1', '3.2.1', '3.4.15', '3.4.19', '1.7.3', '3.1.6', '1.2.1', '1.11.1', '3.4.11', '1.14.14', '3.1.1', '1.14.16', '5.1.3', '2.4.1', '4.1.3', '4.2.1', '3.6.1', '1.16.3', '1.14.18']"
Isopropyl alcohol,11,21,"['4.2.3', '2.7.1', '3.1.3', '1.14.13', '1.14.15', '1.1.1', '3.2.1', '1.7.3', '1.1.3', '3.1.6', '1.14.12', '2.5.1', '1.1.5', '1.14.14', '3.1.1', '1.1.99', '5.1.3', '1.3.1', '4.1.3', '4.2.1', '1.14.18']"
Selenocysteine,23,31,"['4.2.3', '2.7.1', '3.10.1', '3.1.3', '4.2.2', '3.4.13', '1.4.1', '3.5.1', '6.3.2', '1.14.13', '3.1.5', '1.1.1', '3.2.1', '3.4.15', '3.4.19', '1.7.3', '5.2.1', '3.1.6', '1.2.1', '1.11.1', '3.4.11', '3.1.1', '4.1.1', '1.4.3', '5.1.3', '2.4.1', '1.3.1', '4.1.3', '4.2.1', '3.6.1', '1.16.3']"
Aminobenzoic acid,48,39,"['1.6.5', '1.22.1', '4.2.3', '2.7.1', '3.1.3', '3.5.4', '4.2.2', '1.14.19', '3.8.1', '3.5.1', '1.21.1', '6.3.2', '1.14.13', '1.11.2', '3.1.5', '1.1.1', '1.10.3', '3.2.1', '1.7.1', '3.4.15', '3.4.19', '5.2.1', '3.1.6', '1.2.1', '1.11.1', '3.4.11', '1.14.12', '1.14.14', '3.1.1', '1.14.16', '4.1.1', '1.8.99', '5.1.3', '2.4.1', '4.1.3', '4.2.1', '3.6.1', '1.16.3', '1.14.18']"
Thymol,46,27,"['1.6.5', '1.97.1', '1.22.1', '2.7.1', '3.1.3', '1.14.19', '3.8.1', '1.14.3', '1.21.1', '1.14.13', '1.11.2', '1.14.15', '1.10.3', '3.2.1', '2.6.1', '1.1.3', '3.1.6', '1.14.99', '1.11.1', '1.14.12', '2.8.2', '1.14.14', '1.14.16', '5.1.3', '4.1.3', '4.2.1', '1.14.18']"
gamma-Aminobutyric acid,32,38,"['4.2.3', '2.7.1', '3.1.3', '3.10.1', '1.14.19', '6.3.2', '1.14.15', '1.14.13', '3.1.5', '1.1.1', '3.4.24', '3.2.1', '3.4.15', '3.4.19', '1.7.3', '5.2.1', '3.1.6', '1.3.8', '1.6.99', '1.14.99', '1.2.1', '1.3.3', '3.4.11', '1.11.1', '1.14.14', '3.1.1', '1.4.3', '5.1.3', '1.17.99', '2.4.1', '1.3.1', '4.1.3', '4.2.1', '3.6.1', '1.16.3', '1.3.99', '1.17.1', '1.14.18']"
Vorinostat,117,40,"['6.3.4', '1.22.1', '2.7.1', '4.2.2', '1.14.19', '3.8.1', '3.5.1', '1.14.3', '1.21.1', '6.3.2', '1.14.13', '1.14.15', '1.11.2', '1.1.1', '1.10.3', '3.2.1', '2.3.2', '3.3.2', '3.4.19', '3.4.15', '3.4.22', '1.3.8', '1.14.99', '1.3.3', '3.4.11', '1.14.12', '1.14.14', '3.1.1', '1.14.16', '3.4.21', '1.8.99', '5.1.3', '1.17.99', '1.3.1', '6.3.1', '4.1.3', '4.2.1', '1.3.99', '1.17.1', '1.14.18']"
Cholic Acid,142,32,"['2.7.1', '3.1.3', '4.2.2', '1.14.19', '1.14.15', '1.14.13', '3.1.5', '1.1.1', '3.2.1', '3.4.15', '5.2.1', '1.1.3', '3.1.6', '1.3.8', '1.14.99', '1.2.1', '1.3.3', '1.11.1', '1.14.14', '3.1.1', '1.1.99', '5.1.3', '1.17.99', '2.4.1', '1.3.1', '4.1.3', '4.2.1', '3.6.1', '1.16.3', '1.3.99', '1.17.1', '1.14.18']"
Nicotinamide,31,27,"['1.6.5', '1.22.1', '2.7.1', '3.10.1', '1.14.19', '3.8.1', '3.5.1', '1.21.1', '6.3.2', '1.14.13', '1.11.2', '3.2.1', '2.3.2', '3.4.15', '3.4.19', '1.11.1', '3.4.11', '1.14.12', '1.14.14', '1.2.3', '1.14.16', '5.1.3', '4.2.1', '6.3.1', '4.1.3', '1.17.1', '1.14.18']"
Fusidic acid,176,34,"['3.4.16', '3.1.3', '1.17.8', '4.2.2', '1.14.19', '3.5.1', '5.3.3', '1.14.15', '1.14.13', '1.1.1', '3.2.1', '2.3.1', '5.2.1', '1.14.11', '1.13.11', '1.1.3', '3.1.6', '1.14.99', '3.5.2', '1.2.1', '1.11.1', '1.14.12', '1.14.14', '3.1.1', '1.1.99', '1.17.99', '6.2.1', '2.4.1', '1.3.1', '4.2.1', '1.16.3', '1.3.99', '3.4.21', '1.14.18']"
Resveratrol,86,26,"['1.6.5', '1.97.1', '1.22.1', '2.7.1', '3.1.3', '1.14.19', '3.8.1', '1.14.3', '1.21.1', '1.14.13', '1.11.2', '1.1.1', '1.10.3', '3.2.1', '1.13.11', '3.1.6', '1.11.1', '1.14.12', '2.8.2', '1.14.14', '1.13.12', '1.14.16', '5.1.3', '4.1.3', '4.2.1', '1.14.18']"
Uridine,76,46,"['1.6.5', '1.22.1', '2.4.2', '4.2.3', '2.7.1', '3.1.3', '3.5.4', '4.2.2', '1.14.19', '3.8.1', '1.14.3', '1.21.1', '6.3.2', '1.14.13', '1.14.15', '1.11.2', '3.1.5', '1.1.1', '3.2.1', '3.3.2', '5.3.1', '3.4.15', '3.4.19', '5.4.99', '1.1.3', '3.1.6', '1.2.1', '1.11.1', '3.4.11', '1.14.12', '2.5.1', '1.14.14', '1.14.16', '3.2.2', '3.1.1', '1.1.99', '5.1.3', '6.2.1', '2.4.1', '4.2.1', '1.3.1', '4.1.3', '3.6.1', '1.16.3', '1.17.1', '1.14.18']"
Sucrose,208,32,"['2.4.2', '5.5.1', '4.2.3', '2.7.1', '3.1.3', '1.14.15', '1.14.13', '1.13.99', '3.1.5', '1.1.1', '3.2.1', '3.3.2', '2.3.1', '5.4.99', '1.1.3', '3.1.6', '1.2.1', '1.11.1', '1.14.12', '2.5.1', '1.1.5', '1.14.14', '1.1.99', '5.1.3', '6.2.1', '2.4.1', '1.3.1', '4.2.1', '4.1.3', '3.6.1', '1.16.3', '1.14.18']"
Piretanide,85,36,"['1.22.1', '2.7.1', '3.1.3', '4.2.2', '1.14.19', '3.8.1', '1.14.3', '1.21.1', '1.14.15', '1.14.13', '1.11.2', '3.1.5', '1.1.1', '1.10.3', '3.2.1', '3.4.15', '3.1.6', '1.14.99', '1.2.1', '1.11.1', '1.14.12', '1.14.14', '3.1.1', '1.14.16', '4.1.1', '2.1.1', '5.1.3', '6.2.1', '2.4.1', '1.3.1', '4.1.3', '4.2.1', '3.6.1', '1.16.3', '1.3.99', '1.14.18']"
Oxitriptan,84,46,"['1.6.5', '1.22.1', '4.2.3', '2.7.1', '3.1.3', '3.10.1', '4.2.2', '3.4.13', '1.14.19', '1.4.1', '3.8.1', '1.14.3', '1.21.1', '4.3.1', '1.14.13', '1.11.2', '6.3.2', '1.13.99', '3.1.5', '1.1.1', '1.10.3', '3.2.1', '3.4.15', '3.4.19', '5.2.1', '1.13.11', '3.1.6', '1.2.1', '1.11.1', '3.4.11', '1.14.12', '2.8.2', '1.14.14', '3.1.1', '1.14.16', '4.1.1', '1.4.3', '5.1.3', '2.4.1', '1.3.1', '4.1.3', '4.2.1', '3.6.1', '1.16.3', '1.17.1', '1.14.18']"
Lauric acid,110,36,"['2.7.1', '3.1.3', '4.2.2', '1.14.19', '6.3.2', '1.14.15', '1.14.13', '3.1.5', '1.1.1', '3.2.1', '3.4.15', '3.4.19', '5.2.1', '1.14.11', '3.1.6', '1.3.8', '1.6.99', '1.14.99', '1.2.1', '1.3.3', '3.4.11', '1.11.1', '1.14.12', '1.14.14', '3.1.1', '5.1.3', '1.17.99', '2.4.1', '1.3.1', '4.1.3', '4.2.1', '3.6.1', '1.16.3', '1.3.99', '1.17.1', '1.14.18']"
Glycolic acid,32,34,"['6.3.4', '4.2.3', '2.7.1', '3.1.3', '4.2.2', '3.5.1', '6.3.2', '1.14.13', '1.14.15', '3.1.5', '1.1.1', '3.2.1', '3.3.2', '3.4.15', '3.4.19', '1.7.3', '5.2.1', '1.1.3', '3.1.6', '1.14.99', '1.2.1', '1.11.1', '3.4.11', '1.14.14', '3.1.1', '4.99.1', '1.1.99', '5.1.3', '2.4.1', '1.3.1', '4.1.3', '4.2.1', '3.6.1', '1.16.3']"
Pidolic acid,48,44,"['6.3.4', '3.4.16', '2.7.1', '3.1.3', '4.2.3', '4.2.2', '3.4.13', '1.14.19', '3.5.1', '5.1.1', '6.3.2', '1.14.15', '1.14.13', '3.1.5', '1.1.1', '3.2.1', '3.4.15', '3.4.19', '1.7.3', '5.2.1', '1.14.11', '3.1.6', '1.3.8', '1.6.99', '1.14.99', '1.2.1', '1.3.3', '3.4.11', '1.11.1', '1.14.14', '3.1.1', '1.5.1', '5.1.3', '1.17.99', '2.4.1', '1.3.1', '6.3.1', '4.1.3', '4.2.1', '3.6.1', '1.16.3', '1.3.99', '1.17.1', '1.14.18']"
Benzamidine,39,16,"['1.6.5', '1.21.1', '1.14.13', '1.22.1', '1.11.2', '1.13.11', '1.10.3', '1.11.1', '3.10.1', '1.14.12', '1.14.19', '3.9.1', '1.14.14', '3.8.1', '1.14.18', '1.14.16']"
Flavin adenine dinucleotide,120,37,"['6.3.4', '2.4.2', '2.7.1', '3.1.3', '3.5.4', '4.2.2', '2.7.7', '3.8.1', '1.14.3', '1.14.15', '1.14.13', '1.11.2', '3.1.5', '1.1.1', '2.6.1', '3.2.1', '3.3.2', '5.3.1', '3.4.15', '1.1.3', '3.1.6', '4.6.1', '1.11.1', '1.14.14', '3.1.4', '3.2.2', '1.1.99', '5.1.3', '6.2.1', '2.4.1', '4.2.1', '1.3.1', '4.1.3', '3.6.1', '1.16.3', '1.14.18', '4.3.3']"
Stearic acid,159,27,"['3.1.3', '1.14.19', '1.14.15', '1.14.13', '1.1.1', '3.2.1', '3.4.15', '3.4.19', '5.2.1', '1.14.11', '3.1.6', '1.3.8', '1.6.99', '1.14.99', '1.2.1', '1.3.3', '1.11.1', '1.14.14', '3.1.1', '1.17.99', '2.4.1', '1.3.1', '4.2.1', '1.16.3', '1.3.99', '1.17.1', '1.14.18']"
Oteracil,19,26,"['4.2.3', '2.7.1', '3.1.3', '4.2.2', '3.8.1', '3.5.1', '6.3.2', '1.14.13', '3.1.5', '1.1.1', '3.2.1', '3.4.15', '3.4.19', '1.7.3', '3.1.6', '1.2.1', '1.11.1', '3.4.11', '3.1.1', '5.1.3', '2.4.1', '4.1.3', '4.2.1', '3.5.99', '3.6.1', '1.16.3']"
Nicotinamide Mononucleotide,74,49,"['1.22.1', '2.4.2', '4.2.3', '2.7.1', '3.1.3', '3.10.1', '3.5.4', '4.2.2', '1.14.19', '6.3.5', '3.8.1', '3.5.1', '1.14.3', '1.21.1', '6.3.2', '1.14.13', '1.14.15', '1.11.2', '3.1.5', '1.1.1', '3.2.1', '2.3.2', '3.3.2', '5.3.1', '3.4.15', '3.4.19', '1.1.3', '3.1.6', '1.11.1', '3.4.11', '1.14.12', '2.5.1', '1.14.14', '3.1.4', '3.1.1', '3.2.2', '1.14.16', '1.1.99', '5.1.3', '6.2.1', '2.4.1', '4.2.1', '1.3.1', '6.3.1', '4.1.3', '3.6.1', '1.16.3', '1.17.1', '1.14.18']"
alpha-Ketoisocaproic acid,41,38,"['4.2.3', '2.7.1', '3.1.3', '4.2.2', '3.5.1', '6.3.2', '1.14.15', '1.14.13', '3.1.5', '1.1.1', '3.2.1', '1.7.3', '3.4.15', '3.4.19', '5.2.1', '3.1.6', '1.3.8', '1.2.1', '1.11.1', '3.4.11', '1.14.12', '2.5.1', '1.1.5', '1.14.14', '3.1.1', '1.4.3', '1.1.99', '5.1.3', '1.17.99', '2.4.1', '1.3.1', '4.2.1', '4.1.3', '3.6.1', '1.16.3', '1.3.99', '1.17.1', '1.14.18']"
Flavin mononucleotide,74,34,"['1.22.1', '2.7.1', '3.1.3', '4.2.2', '3.8.1', '1.14.3', '1.21.1', '1.14.15', '1.14.13', '1.11.2', '3.1.5', '1.1.1', '1.10.3', '3.2.1', '2.6.1', '3.3.2', '3.4.15', '1.1.3', '3.1.6', '1.11.1', '1.14.14', '3.1.4', '3.1.1', '1.14.16', '1.1.99', '5.1.3', '6.2.1', '2.4.1', '4.2.1', '1.3.1', '4.1.3', '3.6.1', '1.16.3', '1.14.18']"
Phenol,57,24,"['1.6.5', '1.22.1', '2.7.1', '3.1.3', '1.14.19', '3.8.1', '1.14.3', '1.21.1', '1.14.13', '1.11.2', '1.10.3', '3.2.1', '1.13.11', '3.1.6', '1.11.1', '1.14.12', '2.8.2', '1.14.14', '3.1.1', '1.14.16', '5.1.3', '4.1.3', '4.2.1', '1.14.18']"
(6R)-Folinic acid,127,49,"['6.3.4', '1.22.1', '2.7.1', '3.1.3', '3.5.4', '4.2.2', '1.14.19', '3.8.1', '3.5.1', '1.14.3', '1.21.1', '1.14.13', '1.14.15', '1.11.2', '3.1.5', '1.1.1', '1.10.3', '3.2.1', '3.4.15', '1.7.1', '5.2.1', '1.14.11', '3.1.6', '1.3.8', '1.14.99', '1.2.1', '1.3.3', '1.11.1', '1.14.12', '1.6.6', '1.14.14', '3.1.1', '1.14.16', '1.5.1', '5.1.3', '1.17.99', '2.4.1', '1.3.1', '4.1.3', '4.2.1', '3.5.99', '3.6.1', '2.1.2', '1.3.99', '1.16.3', '6.3.1', '1.17.1', '6.3.3', '1.14.18']"
Brivudine,48,36,"['2.4.2', '4.2.3', '2.7.1', '3.1.3', '4.2.2', '3.8.1', '6.3.2', '1.14.15', '1.14.13', '3.1.5', '1.1.1', '3.2.1', '3.3.2', '3.4.15', '3.4.19', '5.4.99', '1.1.3', '3.1.6', '1.2.1', '1.11.1', '3.4.11', '2.5.1', '1.14.14', '3.2.2', '3.1.1', '1.1.99', '5.1.3', '6.2.1', '2.4.1', '4.2.1', '1.3.1', '4.1.3', '3.6.1', '1.16.3', '1.17.1', '1.14.18']"
Uracil,15,24,"['1.6.5', '1.22.1', '2.7.1', '4.2.2', '1.14.19', '3.8.1', '1.21.1', '6.3.2', '1.14.13', '1.11.2', '3.2.1', '3.4.15', '3.4.19', '1.14.99', '1.11.1', '3.4.11', '1.14.14', '1.14.16', '5.1.3', '4.1.3', '4.2.1', '1.3.1', '1.17.1', '1.14.18']"
Oxyphenbutazone,115,28,"['1.22.1', '2.7.1', '3.1.3', '4.2.2', '1.14.19', '3.8.1', '1.14.3', '1.21.1', '1.14.13', '1.14.15', '1.11.2', '1.1.1', '1.10.3', '3.2.1', '3.4.15', '3.1.6', '1.14.99', '1.14.12', '2.8.2', '1.14.14', '3.1.1', '1.14.16', '5.1.3', '1.3.1', '4.1.3', '4.2.1', '1.3.99', '1.14.18']"
Mecobalamin,137,30,"['3.1.3', '3.4.13', '1.14.19', '3.8.1', '3.5.1', '1.14.3', '6.3.2', '1.14.15', '1.14.13', '1.1.1', '2.6.1', '3.2.1', '5.4.99', '1.1.3', '3.1.6', '1.3.8', '1.14.99', '1.3.3', '1.14.14', '3.1.4', '2.1.1', '1.17.99', '6.2.1', '1.3.1', '4.2.1', '6.3.1', '1.3.99', '1.17.1', '1.14.18', '4.3.3']"
Deoxycholic acid,136,32,"['2.7.1', '3.1.3', '4.2.2', '1.14.19', '1.14.15', '1.14.13', '3.1.5', '1.1.1', '3.2.1', '3.4.15', '5.2.1', '1.1.3', '3.1.6', '1.3.8', '1.14.99', '1.2.1', '1.3.3', '1.11.1', '1.14.14', '3.1.1', '1.1.99', '5.1.3', '1.17.99', '2.4.1', '1.3.1', '4.1.3', '4.2.1', '3.6.1', '1.16.3', '1.3.99', '1.17.1', '1.14.18']"
Picric acid,50,33,"['1.6.5', '1.22.1', '1.2.7', '2.7.1', '3.1.3', '4.2.2', '1.14.19', '3.8.1', '1.14.3', '1.21.1', '6.3.2', '1.14.13', '1.11.2', '3.2.1', '1.7.1', '3.4.15', '3.4.19', '3.1.6', '1.6.99', '1.14.99', '1.2.99', '1.11.1', '3.4.11', '1.14.12', '2.8.2', '1.14.14', '3.1.1', '1.14.16', '5.1.3', '4.1.3', '4.2.1', '1.14.18', '1.12.99']"
Doconexent,250,24,"['3.1.3', '1.14.19', '5.3.3', '1.14.15', '1.14.13', '1.1.1', '1.10.3', '3.2.1', '3.4.15', '5.2.1', '1.13.11', '3.1.6', '1.3.8', '1.6.99', '1.14.99', '1.2.1', '1.3.3', '1.14.14', '3.1.1', '1.17.99', '1.3.1', '4.2.1', '1.3.99', '1.14.18']"
Benzoic acid,67,35,"['1.6.5', '1.22.1', '4.2.3', '2.7.1', '3.1.3', '4.2.2', '1.14.19', '3.8.1', '3.5.1', '1.14.3', '1.21.1', '6.3.2', '1.14.13', '1.11.2', '1.10.3', '3.2.1', '3.4.19', '5.2.1', '1.13.11', '3.1.6', '1.2.1', '1.11.1', '3.4.11', '1.14.12', '1.14.14', '3.1.1', '1.14.16', '4.1.1', '5.1.3', '2.4.1', '4.1.3', '4.2.1', '3.6.1', '1.16.3', '1.14.18']"
Palmitic Acid,142,32,"['2.7.1', '3.1.3', '4.2.2', '1.14.19', '6.3.2', '1.14.15', '1.14.13', '1.1.1', '3.2.1', '3.4.15', '3.4.19', '5.2.1', '1.14.11', '3.1.6', '1.3.8', '1.6.99', '1.14.99', '1.2.1', '1.3.3', '1.11.1', '1.14.14', '3.1.1', '5.1.3', '1.17.99', '2.4.1', '1.3.1', '4.1.3', '4.2.1', '1.16.3', '1.3.99', '1.17.1', '1.14.18']"
Eucalyptol,19,12,"['1.14.15', '1.14.13', '1.14.99', '4.2.3', '3.2.1', '6.2.1', '1.3.1', '3.6.1', '1.3.99', '1.14.19', '1.14.14', '1.14.18']"
Phenylpyruvic acid,79,44,"['1.6.5', '1.22.1', '4.2.3', '2.7.1', '3.1.3', '4.2.2', '1.14.19', '3.8.1', '1.14.3', '1.21.1', '6.3.2', '1.14.13', '1.11.2', '3.1.5', '1.1.1', '1.10.3', '3.2.1', '1.7.3', '3.4.15', '2.3.1', '3.4.19', '5.2.1', '1.13.11', '3.1.6', '1.2.1', '1.11.1', '3.4.11', '1.14.12', '2.5.1', '1.1.5', '1.14.14', '3.1.1', '1.14.16', '1.4.3', '1.1.99', '5.1.3', '2.4.1', '1.3.1', '4.2.1', '4.1.3', '3.6.1', '1.16.3', '1.17.1', '1.14.18']"
Urea,9,15,"['6.3.2', '1.14.13', '3.5.3', '2.7.1', '3.4.11', '3.2.1', '5.1.3', '2.3.2', '6.3.1', '4.2.1', '4.1.3', '3.4.15', '3.4.19', '1.14.14', '3.5.1']"
Ergosterol,133,21,"['3.1.3', '4.1.99', '1.14.19', '5.3.3', '1.14.15', '1.14.13', '1.1.1', '3.2.1', '1.14.21', '1.13.11', '1.1.3', '3.1.6', '1.14.99', '1.3.3', '1.14.14', '1.1.99', '1.17.99', '1.3.1', '4.2.1', '1.3.99', '1.14.18']"
alpha-Ketoisovalerate,29,31,"['4.2.3', '2.7.1', '3.1.3', '4.2.2', '3.5.1', '6.3.2', '1.14.13', '1.14.15', '1.1.1', '2.6.1', '3.2.1', '1.7.3', '3.4.19', '5.2.1', '3.1.6', '1.2.1', '1.11.1', '3.4.11', '1.14.12', '2.5.1', '1.1.5', '1.14.14', '3.1.1', '1.4.3', '1.1.99', '5.1.3', '2.4.1', '1.3.1', '4.1.3', '4.2.1', '1.16.3']"
Valpromide,30,31,"['6.3.4', '2.4.2', '2.7.1', '3.10.1', '3.5.5', '1.14.19', '6.3.5', '1.4.1', '3.5.1', '4.3.1', '6.3.2', '1.14.15', '1.14.13', '1.1.1', '3.2.1', '2.3.2', '3.4.15', '3.4.19', '1.14.99', '3.4.11', '1.14.14', '3.1.1', '1.4.7', '5.1.3', '4.2.1', '6.3.1', '1.3.1', '4.1.3', '1.3.99', '1.14.18', '4.3.3']"
Fructose,130,35,"['5.5.1', '4.1.2', '4.2.3', '2.7.1', '3.1.3', '1.14.15', '1.14.13', '1.13.99', '3.1.5', '1.1.1', '3.2.1', '3.3.2', '5.3.1', '1.7.3', '2.3.1', '5.4.99', '1.1.3', '3.1.6', '1.2.1', '1.11.1', '1.14.12', '2.5.1', '1.1.5', '1.14.14', '3.1.1', '1.1.99', '5.1.3', '6.2.1', '2.4.1', '1.3.1', '4.2.1', '4.1.3', '3.6.1', '1.16.3', '1.14.18']"
Dequalinium,62,13,"['1.14.13', '1.14.15', '1.14.99', '1.1.1', '2.6.1', '1.14.12', '1.3.1', '1.14.3', '1.3.99', '1.14.19', '1.14.14', '3.8.1', '1.14.18']"
Quercetin,143,31,"['1.6.5', '1.97.1', '1.22.1', '2.7.1', '3.1.3', '4.2.2', '1.14.19', '3.8.1', '1.14.3', '1.21.1', '1.14.13', '1.11.2', '1.1.1', '1.10.3', '3.2.1', '1.13.11', '3.1.6', '1.6.99', '1.14.99', '1.11.1', '1.14.12', '2.8.2', '1.14.14', '1.13.12', '1.14.16', '3.1.1', '5.1.3', '1.3.1', '4.1.3', '4.2.1', '1.14.18']"
Oleic Acid,162,29,"['3.1.3', '4.2.2', '1.14.19', '1.14.15', '1.14.13', '1.1.1', '3.2.1', '3.4.15', '3.4.19', '5.2.1', '1.14.11', '1.13.11', '3.1.6', '1.3.8', '1.6.99', '1.14.99', '1.2.1', '1.3.3', '1.11.1', '1.14.14', '3.1.1', '1.17.99', '2.4.1', '1.3.1', '4.2.1', '1.16.3', '1.3.99', '1.17.1', '1.14.18']"
Citric acid,48,32,"['5.4.4', '4.2.3', '2.7.1', '3.1.3', '4.2.2', '6.3.2', '1.14.15', '1.14.13', '3.1.5', '1.1.1', '3.2.1', '3.4.15', '3.4.19', '1.7.3', '5.2.1', '3.1.6', '1.2.1', '1.11.1', '3.4.11', '1.14.12', '1.14.14', '3.1.1', '5.1.3', '1.17.99', '2.4.1', '4.1.3', '4.2.1', '1.3.1', '3.6.1', '1.16.3', '1.17.1', '1.14.18']"
Carbocisteine,44,36,"['4.4.1', '4.2.3', '2.7.1', '3.10.1', '3.1.3', '3.13.1', '4.2.2', '3.4.13', '1.4.1', '1.8.3', '6.3.2', '1.14.13', '3.3.1', '3.1.5', '1.1.1', '3.4.24', '3.2.1', '3.4.15', '3.4.19', '1.7.3', '5.2.1', '3.1.6', '1.2.1', '1.11.1', '3.4.11', '2.5.1', '3.1.1', '4.1.1', '1.4.3', '5.1.3', '2.4.1', '1.3.1', '4.1.3', '4.2.1', '3.6.1', '1.16.3']"
Taurocholic acid,155,34,"['6.3.4', '2.7.1', '3.1.3', '3.4.13', '1.14.19', '3.5.1', '6.3.2', '1.14.15', '1.14.13', '3.1.5', '1.1.1', '3.2.1', '3.4.15', '1.1.3', '3.1.6', '1.3.8', '1.14.99', '1.11.1', '1.3.3', '3.4.11', '1.14.14', '1.1.99', '5.1.3', '1.17.99', '2.4.1', '1.3.1', '4.1.3', '4.2.1', '3.6.1', '6.3.1', '1.16.3', '1.3.99', '1.17.1', '1.14.18']"
Lactic acid,34,34,"['6.3.4', '4.2.3', '2.7.1', '3.1.3', '4.2.2', '3.5.1', '6.3.2', '1.14.15', '1.14.13', '1.1.1', '2.6.1', '3.2.1', '3.3.2', '3.4.19', '1.7.3', '5.2.1', '1.1.3', '3.1.6', '1.2.1', '1.11.1', '3.4.11', '1.14.12', '2.5.1', '1.1.5', '1.14.14', '3.1.1', '1.1.99', '5.1.3', '2.4.1', '1.3.1', '4.1.3', '4.2.1', '1.16.3', '1.14.18']"
Lactose,242,34,"['2.4.2', '5.5.1', '4.2.3', '2.7.1', '3.1.3', '1.14.15', '1.14.13', '1.13.99', '3.1.5', '1.1.1', '3.2.1', '3.3.2', '5.3.1', '2.3.1', '5.4.99', '1.1.3', '3.1.6', '1.2.1', '1.11.1', '1.14.12', '2.5.1', '1.1.5', '1.14.14', '1.1.99', '5.1.3', '5.4.1', '2.4.1', '6.2.1', '1.3.1', '4.2.1', '4.1.3', '3.6.1', '1.16.3', '1.14.18']"
Dexfosfoserine,33,33,"['4.2.3', '2.7.1', '3.10.1', '3.1.3', '4.2.2', '3.4.13', '1.4.1', '6.3.2', '1.14.13', '3.1.5', '1.1.1', '3.2.1', '3.4.15', '3.4.19', '1.7.3', '5.2.1', '3.1.6', '1.2.1', '1.11.1', '3.4.11', '3.1.4', '3.1.1', '4.1.1', '1.4.3', '5.1.3', '6.2.1', '2.4.1', '1.3.1', '4.1.3', '4.2.1', '3.6.1', '1.16.3', '2.7.8']"
Niflumic acid,84,34,"['1.22.1', '2.7.1', '3.1.3', '4.2.2', '1.14.19', '3.8.1', '3.5.1', '1.21.1', '1.14.13', '1.11.2', '3.1.5', '1.1.1', '1.10.3', '3.2.1', '3.4.15', '5.2.1', '3.1.6', '1.2.1', '1.11.1', '1.14.12', '1.14.14', '1.2.3', '3.1.1', '1.14.16', '4.1.1', '1.8.99', '5.1.3', '2.4.1', '4.1.3', '4.2.1', '3.6.1', '1.16.3', '1.17.1', '1.14.18']"
Arachidonic Acid,204,28,"['3.1.3', '1.14.19', '5.3.3', '1.14.15', '1.14.13', '1.1.1', '3.2.1', '3.4.15', '5.2.1', '1.14.11', '1.13.11', '3.1.6', '1.3.8', '1.6.99', '1.14.99', '1.2.1', '1.3.3', '1.11.1', '1.14.14', '3.1.1', '1.17.99', '2.4.1', '1.3.1', '4.2.1', '1.16.3', '1.3.99', '1.17.1', '1.14.18']"
Trioxsalen,39,25,"['1.6.5', '1.22.1', '2.7.1', '4.2.2', '1.14.19', '3.8.1', '1.14.3', '1.21.1', '1.14.13', '1.11.2', '1.14.15', '1.10.3', '3.2.1', '2.6.1', '1.1.3', '1.14.99', '1.11.1', '1.14.12', '1.14.14', '3.1.1', '1.14.16', '5.1.3', '4.1.3', '4.2.1', '1.14.18']"
Thiotepa,1,1,['1.14.14']
Estriol,98,32,"['1.6.5', '1.22.1', '3.1.3', '1.14.19', '3.8.1', '1.14.3', '1.21.1', '1.14.15', '1.14.13', '1.11.2', '3.1.5', '1.1.1', '1.10.3', '3.2.1', '3.3.2', '1.1.3', '3.1.6', '1.14.99', '1.11.1', '1.14.12', '2.8.2', '1.14.14', '1.14.16', '1.1.99', '2.4.1', '4.2.1', '1.3.1', '3.6.1', '1.16.3', '1.3.99', '1.17.1', '1.14.18']"
Estrone sulfate,94,28,"['1.22.1', '4.2.2', '1.14.19', '3.8.1', '1.14.3', '1.21.1', '1.14.13', '1.14.15', '1.11.2', '1.1.1', '1.10.3', '3.2.1', '3.1.6', '1.3.8', '1.14.99', '1.3.3', '1.14.14', '3.1.1', '2.1.1', '1.1.99', '1.17.99', '6.2.1', '2.4.1', '1.3.1', '3.6.1', '1.3.99', '1.17.1', '1.14.18']"
Aniracetam,60,40,"['1.6.5', '1.22.1', '2.7.1', '4.2.2', '1.14.19', '3.8.1', '1.14.3', '1.21.1', '6.3.2', '1.14.13', '1.14.15', '1.11.2', '1.1.1', '1.10.3', '3.2.1', '3.3.2', '3.4.15', '3.4.19', '1.3.8', '1.6.99', '1.14.99', '1.11.1', '1.3.3', '3.4.11', '1.14.12', '1.14.14', '3.1.1', '1.14.16', '2.1.1', '5.1.3', '1.17.99', '6.2.1', '2.4.1', '1.3.1', '4.1.3', '4.2.1', '3.6.1', '1.3.99', '1.17.1', '1.14.18']"
Apramycin,176,29,"['2.4.2', '2.7.1', '3.1.3', '3.10.1', '1.14.15', '1.14.13', '3.1.5', '1.1.1', '3.2.1', '3.3.2', '2.3.1', '5.4.99', '1.1.3', '3.1.6', '1.2.1', '1.11.1', '2.5.1', '1.14.14', '1.5.1', '1.1.99', '5.1.3', '6.2.1', '2.4.1', '4.2.1', '1.3.1', '4.1.3', '3.6.1', '1.16.3', '1.14.18']"
Choline alfoscerate,55,46,"['4.2.3', '2.7.1', '3.1.3', '3.1.8', '4.2.2', '3.6.2', '2.7.7', '6.3.2', '1.14.15', '1.14.13', '3.1.5', '1.1.1', '3.2.1', '1.8.1', '3.4.24', '3.3.2', '3.4.15', '3.4.19', '1.7.3', '2.3.1', '1.1.3', '3.1.6', '1.14.99', '1.2.1', '1.11.1', '3.4.11', '1.14.12', '2.8.2', '2.5.1', '1.1.5', '1.14.14', '3.1.4', '3.1.1', '3.6.5', '1.1.99', '1.8.99', '5.1.3', '6.2.1', '2.4.1', '1.3.1', '3.6.4', '4.2.1', '3.6.1', '4.1.3', '1.16.3', '1.14.18']"
Hesperidin,217,42,"['1.22.1', '5.5.1', '2.7.1', '3.1.3', '4.2.2', '1.14.19', '3.8.1', '1.14.3', '1.21.1', '1.14.15', '1.14.13', '1.11.2', '3.1.5', '1.1.1', '1.10.3', '3.2.1', '1.14.21', '3.3.2', '2.3.1', '5.4.99', '1.1.3', '3.1.6', '1.11.1', '1.14.12', '2.8.2', '1.14.14', '3.1.1', '2.1.1', '1.1.99', '5.1.3', '1.17.99', '5.4.1', '2.4.1', '6.2.1', '4.2.1', '1.3.1', '4.1.3', '3.7.1', '3.6.1', '1.16.3', '1.17.1', '1.14.18']"
Nimesulide,99,30,"['1.22.1', '1.2.7', '2.7.1', '4.2.2', '1.14.19', '3.8.1', '1.14.3', '1.21.1', '1.14.13', '1.11.2', '1.10.3', '3.2.1', '1.7.1', '3.4.15', '1.14.99', '1.2.99', '1.14.12', '1.14.14', '3.1.1', '1.14.16', '2.1.1', '1.8.99', '5.1.3', '6.2.1', '2.4.1', '4.1.3', '4.2.1', '3.6.1', '1.14.18', '1.12.99']"
5-methyltetrahydrofolic acid,113,47,"['1.22.1', '2.7.1', '3.1.3', '3.5.4', '4.2.2', '1.14.19', '3.8.1', '3.5.1', '1.14.3', '1.21.1', '1.14.13', '1.14.15', '1.11.2', '3.1.5', '1.1.1', '1.10.3', '3.2.1', '3.4.15', '1.7.1', '5.2.1', '1.14.11', '3.1.6', '1.3.8', '1.14.99', '1.2.1', '1.3.3', '1.11.1', '1.14.12', '1.6.6', '1.14.14', '3.1.1', '1.14.16', '1.5.1', '5.1.3', '1.17.99', '2.4.1', '1.3.1', '4.1.3', '4.2.1', '3.5.99', '3.6.1', '1.16.3', '1.3.99', '6.3.1', '1.7.99', '1.17.1', '1.14.18']"
Bifonazole,75,7,"['1.14.13', '1.14.18', '1.14.12', '1.14.14', '3.8.1', '1.2.3', '1.13.11']"
Dantron,60,30,"['1.6.5', '1.97.1', '1.22.1', '2.7.1', '3.1.3', '4.2.2', '1.14.19', '3.8.1', '1.14.3', '1.21.1', '1.14.13', '1.11.2', '1.1.1', '1.10.3', '3.2.1', '3.4.15', '3.1.6', '1.6.99', '1.11.1', '1.14.12', '2.8.2', '1.14.14', '1.13.12', '1.14.16', '4.1.1', '3.1.1', '5.1.3', '4.1.3', '4.2.1', '1.14.18']"
Metamizole,42,19,"['1.22.1', '2.7.1', '4.2.2', '1.14.3', '3.8.1', '1.21.1', '1.14.13', '1.11.2', '1.10.3', '3.2.1', '2.6.1', '3.4.15', '1.1.3', '1.14.14', '3.1.1', '5.1.3', '4.1.3', '4.2.1', '1.14.18']"
Oxeladin,51,27,"['1.22.1', '3.4.16', '2.7.1', '4.2.2', '3.8.1', '1.14.3', '1.21.1', '6.3.2', '1.14.13', '1.14.15', '1.11.2', '1.1.1', '1.10.3', '3.2.1', '3.4.15', '2.3.1', '1.14.12', '1.14.14', '3.1.1', '1.14.16', '5.1.3', '6.2.1', '4.1.3', '4.2.1', '3.6.1', '3.4.21', '1.14.18']"
Phenolphthalein,99,29,"['1.6.5', '1.22.1', '2.7.1', '3.1.3', '4.2.2', '1.14.19', '3.8.1', '1.14.3', '1.21.1', '1.14.13', '1.11.2', '1.1.1', '1.10.3', '3.2.1', '1.13.11', '3.1.6', '1.6.99', '1.11.1', '1.14.12', '2.8.2', '1.14.14', '3.1.1', '1.14.16', '5.1.3', '6.2.1', '4.1.3', '4.2.1', '3.6.1', '1.14.18']"
Prenylamine,45,11,"['1.14.13', '1.14.15', '1.11.2', '1.13.11', '1.5.1', '1.14.12', '1.14.3', '1.14.14', '3.8.1', '1.14.18', '1.14.16']"
Maraviroc,51,19,"['6.3.4', '3.4.13', '1.14.19', '1.14.3', '3.8.1', '3.5.1', '6.3.2', '1.14.13', '1.14.15', '2.6.1', '3.2.1', '1.14.99', '1.2.1', '3.4.11', '1.14.14', '1.3.1', '6.3.1', '1.3.99', '1.14.18']"
Clofedanol,88,23,"['1.22.1', '3.1.3', '1.14.19', '3.8.1', '1.14.3', '1.21.1', '1.14.15', '1.14.13', '1.11.2', '3.1.5', '1.10.3', '3.2.1', '3.1.6', '1.11.1', '1.14.12', '1.14.14', '1.14.16', '1.3.98', '2.4.1', '4.2.1', '3.6.1', '1.16.3', '1.14.18']"
Cyclandelate,102,37,"['1.6.5', '1.22.1', '3.4.16', '2.7.1', '3.1.3', '4.2.2', '1.14.19', '3.8.1', '1.14.3', '1.21.1', '6.3.2', '1.14.15', '1.14.13', '1.11.2', '3.1.5', '1.1.1', '1.10.3', '3.2.1', '2.3.1', '1.13.11', '3.1.6', '1.11.1', '1.14.12', '1.14.14', '1.13.12', '3.1.1', '3.4.21', '5.1.3', '6.2.1', '2.4.1', '1.3.1', '4.1.3', '4.2.1', '3.6.1', '1.16.3', '1.17.1', '1.14.18']"
Cyproterone acetate,117,21,"['3.4.16', '4.2.2', '1.14.19', '3.5.1', '1.14.15', '1.14.13', '1.1.1', '3.2.1', '2.3.1', '1.1.3', '1.14.99', '1.14.14', '3.1.1', '1.1.99', '6.2.1', '1.3.1', '4.2.1', '3.7.1', '1.3.99', '3.4.21', '1.14.18']"
Flunarizine,29,6,"['1.14.13', '1.14.12', '1.14.3', '1.14.14', '3.8.1', '1.14.18']"
Mepenzolate,62,36,"['1.22.1', '3.4.16', '2.7.1', '3.1.3', '4.2.2', '1.14.19', '3.8.1', '1.14.3', '1.21.1', '6.3.2', '1.14.15', '1.14.13', '1.11.2', '3.1.5', '1.1.1', '1.10.3', '3.2.1', '3.4.15', '2.3.1', '3.1.6', '1.14.99', '1.11.1', '1.14.14', '3.1.1', '1.14.16', '5.1.3', '6.2.1', '2.4.1', '1.3.1', '4.1.3', '4.2.1', '3.6.1', '1.16.3', '1.3.99', '3.4.21', '1.14.18']"
Tetrabenazine,58,29,"['1.22.1', '2.7.1', '4.2.2', '3.8.1', '1.14.3', '1.21.1', '1.14.13', '1.14.15', '1.11.2', '1.1.1', '1.10.3', '3.2.1', '3.3.2', '3.4.15', '1.14.14', '3.1.1', '1.14.16', '2.1.1', '1.1.99', '5.1.3', '1.17.99', '6.2.1', '2.4.1', '1.3.1', '4.1.3', '4.2.1', '3.6.1', '1.17.1', '1.14.18']"
Celiprolol,47,34,"['1.22.1', '2.7.1', '3.1.3', '4.2.2', '3.8.1', '1.14.3', '1.21.1', '1.14.15', '1.14.13', '1.11.2', '3.1.5', '1.1.1', '1.10.3', '3.2.1', '3.4.15', '1.1.3', '3.1.6', '1.14.99', '1.11.1', '1.14.14', '3.1.1', '1.14.16', '2.1.1', '1.1.99', '5.1.3', '6.2.1', '2.4.1', '4.2.1', '1.3.1', '4.1.3', '3.7.1', '3.6.1', '1.16.3', '1.14.18']"
Roxadustat,109,39,"['1.6.5', '1.22.1', '2.7.1', '3.1.3', '4.2.2', '3.8.1', '3.5.1', '1.14.3', '1.21.1', '1.14.13', '1.11.2', '3.1.5', '1.1.1', '1.10.3', '3.2.1', '2.6.1', '3.4.15', '5.2.1', '1.13.11', '1.1.3', '3.1.6', '1.2.1', '1.11.1', '1.14.12', '2.8.2', '1.14.14', '3.1.1', '1.14.16', '2.1.1', '5.1.3', '6.2.1', '2.4.1', '1.3.1', '4.1.3', '4.2.1', '3.6.1', '1.16.3', '6.3.1', '1.14.18']"
Febuxostat,47,38,"['1.22.1', '2.7.1', '3.1.3', '4.2.2', '3.5.5', '1.14.19', '3.8.1', '3.5.1', '1.14.3', '1.21.1', '1.14.15', '1.14.13', '1.11.2', '3.1.5', '1.1.1', '1.10.3', '3.2.1', '2.6.1', '3.4.15', '5.2.1', '1.1.3', '3.1.6', '1.2.1', '1.11.1', '1.14.12', '1.14.14', '3.1.1', '1.14.16', '2.1.1', '5.1.3', '6.2.1', '2.4.1', '1.3.1', '4.1.3', '4.2.1', '3.6.1', '1.16.3', '1.14.18']"
Dronedarone,99,17,"['1.14.19', '3.8.1', '1.14.3', '1.14.13', '1.14.15', '3.2.1', '1.14.99', '1.14.14', '1.13.12', '2.1.1', '6.2.1', '2.4.1', '1.3.1', '3.6.1', '1.3.99', '1.17.1', '1.14.18']"
Nebivolol,44,30,"['1.22.1', '2.7.1', '3.1.3', '3.8.1', '1.14.3', '1.21.1', '1.14.15', '1.14.13', '1.11.2', '3.1.5', '1.1.1', '1.10.3', '3.2.1', '1.1.3', '3.1.6', '1.11.1', '1.14.14', '1.14.16', '2.1.1', '1.1.99', '5.1.3', '6.2.1', '2.4.1', '4.2.1', '1.3.1', '4.1.3', '3.6.1', '1.16.3', '1.17.1', '1.14.18']"
Nilotinib,62,7,"['1.14.13', '2.6.1', '3.2.1', '1.14.18', '1.14.14', '3.8.1', '1.2.3']"
Lorcaserin,40,16,"['1.21.1', '1.97.1', '1.14.13', '1.22.1', '1.11.2', '1.14.15', '1.10.3', '1.3.98', '1.14.12', '1.14.3', '1.14.19', '1.17.1', '1.14.14', '3.8.1', '1.14.18', '1.14.16']"
Vildagliptin,61,28,"['2.7.1', '3.1.3', '4.2.2', '3.5.5', '1.14.19', '4.3.1', '1.14.15', '1.14.13', '3.1.5', '1.1.1', '3.2.1', '3.4.15', '3.1.6', '1.14.99', '1.11.1', '3.4.11', '1.14.14', '3.1.1', '4.99.1', '5.1.3', '2.4.1', '4.2.1', '1.3.1', '4.1.3', '3.6.1', '1.16.3', '1.3.99', '1.14.18']"
Dapoxetine,117,20,"['1.22.1', '1.14.19', '1.14.3', '3.8.1', '1.21.1', '1.14.13', '1.14.15', '1.11.2', '1.10.3', '3.2.1', '1.13.11', '1.14.12', '1.14.14', '1.14.16', '2.1.1', '6.2.1', '2.4.1', '1.3.1', '3.6.1', '1.14.18']"
Bepotastine,79,40,"['1.22.1', '2.7.1', '3.1.3', '4.2.2', '1.14.19', '3.8.1', '1.14.3', '1.21.1', '1.14.13', '1.14.15', '1.11.2', '3.1.5', '1.1.1', '1.10.3', '3.2.1', '3.4.15', '5.2.1', '3.1.6', '1.3.8', '1.14.99', '1.2.1', '1.3.3', '1.11.1', '1.14.14', '1.2.3', '3.1.1', '1.14.16', '5.1.3', '1.17.99', '1.3.98', '6.2.1', '2.4.1', '1.3.1', '4.1.3', '4.2.1', '3.6.1', '1.16.3', '1.3.99', '1.17.1', '1.14.18']"
Milnacipran,45,22,"['1.22.1', '2.7.1', '3.8.1', '1.14.3', '1.21.1', '1.14.15', '1.14.13', '1.11.2', '1.1.1', '1.10.3', '3.2.1', '3.4.15', '3.4.19', '1.14.12', '1.14.14', '3.1.1', '1.14.16', '1.4.3', '5.1.3', '4.1.3', '4.2.1', '1.14.18']"
Flibanserin,75,10,"['1.14.13', '1.11.2', '1.14.99', '3.2.1', '1.14.12', '1.14.3', '3.4.15', '1.14.14', '3.8.1', '1.14.18']"
Itopride,58,25,"['1.22.1', '2.7.1', '4.2.2', '3.8.1', '3.5.1', '1.14.3', '1.21.1', '1.14.13', '1.11.2', '1.10.3', '3.2.1', '3.3.2', '3.4.15', '3.4.19', '1.14.14', '3.1.1', '1.14.16', '2.1.1', '5.1.3', '6.2.1', '2.4.1', '4.1.3', '4.2.1', '3.6.1', '1.14.18']"
Permethrin,116,29,"['1.97.1', '1.22.1', '3.4.16', '2.7.1', '4.2.2', '1.14.19', '3.8.1', '1.14.3', '1.21.1', '6.3.2', '1.14.13', '1.11.2', '1.14.15', '1.1.1', '1.10.3', '3.2.1', '2.3.1', '1.14.12', '1.14.14', '1.13.12', '3.1.1', '2.1.1', '5.1.3', '6.2.1', '2.4.1', '4.1.3', '4.2.1', '3.4.21', '1.14.18']"
Ospemifene,117,25,"['1.22.1', '3.1.3', '3.8.1', '1.14.3', '1.21.1', '1.14.15', '1.14.13', '1.11.2', '1.1.1', '1.10.3', '3.2.1', '1.1.3', '3.1.6', '1.14.99', '1.2.1', '1.11.1', '1.14.12', '1.14.14', '1.14.16', '2.1.1', '6.2.1', '2.4.1', '4.2.1', '1.16.3', '1.14.18']"
Iloperidone,55,19,"['4.2.2', '1.14.19', '1.14.3', '3.8.1', '1.14.13', '1.14.15', '1.11.2', '1.1.1', '3.2.1', '1.14.99', '1.14.14', '3.1.1', '2.1.1', '6.2.1', '2.4.1', '1.3.1', '3.7.1', '3.6.1', '1.14.18']"
Lofexidine,30,20,"['1.97.1', '1.22.1', '1.14.19', '1.14.3', '3.8.1', '1.21.1', '1.14.13', '1.11.2', '1.14.15', '3.2.1', '1.11.1', '1.14.12', '1.14.14', '1.14.16', '2.1.1', '1.3.98', '2.4.1', '6.2.1', '3.6.1', '1.14.18']"
Pirfenidone,74,27,"['1.22.1', '2.7.1', '4.2.2', '1.14.19', '3.8.1', '1.14.3', '1.21.1', '1.14.13', '1.11.2', '1.14.15', '1.13.99', '1.10.3', '3.2.1', '2.6.1', '3.4.15', '1.13.11', '1.1.3', '1.14.99', '1.11.1', '1.14.12', '1.14.14', '1.14.16', '5.1.3', '4.1.3', '4.2.1', '1.17.1', '1.14.18']"
Ezogabine,55,25,"['1.22.1', '2.7.1', '4.2.2', '3.8.1', '1.14.3', '1.21.1', '1.14.13', '1.11.2', '1.14.15', '1.1.1', '1.10.3', '3.2.1', '1.7.1', '3.4.15', '1.14.12', '1.14.14', '3.1.1', '1.14.16', '1.8.99', '5.1.3', '6.2.1', '4.1.3', '4.2.1', '3.6.1', '1.14.18']"
Ataluren,93,29,"['1.22.1', '2.7.1', '3.1.3', '4.2.2', '3.8.1', '3.5.1', '1.21.1', '1.14.13', '1.11.2', '3.1.5', '1.1.1', '1.10.3', '3.2.1', '3.4.15', '1.13.11', '3.1.6', '1.2.1', '1.11.1', '1.14.12', '1.14.14', '3.1.1', '4.1.1', '5.1.3', '2.4.1', '4.1.3', '4.2.1', '3.6.1', '1.16.3', '1.14.18']"
Migalastat,90,32,"['5.5.1', '4.2.3', '2.7.1', '3.1.3', '1.14.15', '1.14.13', '1.13.99', '3.1.5', '1.1.1', '3.2.1', '3.3.2', '1.7.3', '1.1.3', '3.1.6', '1.2.1', '1.11.1', '1.14.12', '2.5.1', '1.1.5', '1.14.14', '3.1.1', '4.99.1', '1.5.1', '1.1.99', '5.1.3', '2.4.1', '1.3.1', '4.2.1', '4.1.3', '3.6.1', '1.16.3', '1.14.18']"
Arimoclomol,40,31,"['1.22.1', '2.7.1', '3.1.3', '1.14.19', '3.8.1', '1.14.3', '1.21.1', '1.14.15', '1.14.13', '1.11.2', '3.1.5', '1.1.1', '3.2.1', '1.1.3', '3.1.6', '1.14.99', '1.11.1', '1.14.12', '1.14.14', '1.14.16', '1.1.99', '5.1.3', '6.2.1', '2.4.1', '4.2.1', '1.3.1', '4.1.3', '3.6.1', '1.16.3', '1.3.99', '1.14.18']"
Indacaterol,64,31,"['1.22.1', '2.7.1', '3.1.3', '4.2.2', '3.8.1', '1.14.3', '1.21.1', '1.14.13', '1.11.2', '1.14.15', '3.1.5', '1.1.1', '1.10.3', '3.2.1', '3.4.15', '3.1.6', '1.11.1', '1.14.12', '2.8.2', '1.14.14', '1.14.16', '1.5.1', '5.1.3', '2.4.1', '1.3.1', '4.1.3', '4.2.1', '3.6.1', '1.16.3', '1.17.1', '1.14.18']"
Erdosteine,42,40,"['6.3.4', '4.2.3', '2.7.1', '3.1.3', '3.13.1', '4.2.2', '3.4.13', '1.8.3', '3.5.1', '6.3.2', '1.14.15', '1.14.13', '3.3.1', '3.1.5', '1.1.1', '3.2.1', '3.4.15', '3.4.19', '2.3.1', '5.2.1', '3.1.6', '1.2.1', '1.11.1', '3.4.11', '2.5.1', '3.1.2', '1.14.14', '3.1.1', '1.5.1', '5.1.3', '6.2.1', '2.4.1', '2.8.3', '1.3.1', '6.3.1', '4.1.3', '4.2.1', '3.6.1', '1.16.3', '1.14.18']"
Ganaxolone,102,23,"['3.1.3', '4.1.99', '4.2.2', '1.14.19', '1.14.15', '1.14.13', '3.1.5', '1.1.1', '3.2.1', '1.1.3', '3.1.6', '1.14.99', '1.11.1', '1.14.12', '1.14.14', '3.1.1', '1.1.99', '2.4.1', '1.3.1', '4.2.1', '1.16.3', '1.3.99', '1.14.18']"
Pretomanid,34,27,"['1.22.1', '1.2.7', '2.7.1', '4.2.2', '3.8.1', '1.14.3', '1.21.1', '1.14.13', '1.11.2', '1.10.3', '3.2.1', '1.7.1', '3.4.15', '1.14.99', '1.2.99', '1.14.14', '3.1.1', '1.14.16', '2.1.1', '5.1.3', '6.2.1', '2.4.1', '4.1.3', '4.2.1', '3.6.1', '1.14.18', '1.12.99']"
Elafibranor,79,33,"['1.22.1', '5.5.1', '4.1.2', '3.1.3', '4.2.2', '1.14.19', '3.8.1', '1.14.3', '1.21.1', '1.14.13', '1.11.2', '1.14.15', '1.1.1', '1.10.3', '3.2.1', '2.6.1', '5.2.1', '1.1.3', '3.1.6', '1.2.1', '1.11.1', '1.14.12', '2.5.1', '1.14.14', '3.1.1', '2.1.1', '6.2.1', '2.4.1', '4.2.1', '1.3.1', '3.7.1', '1.16.3', '1.14.18']"
Beraprost,129,40,"['1.22.1', '2.7.1', '3.1.3', '4.1.99', '4.2.2', '1.14.19', '3.8.1', '1.14.3', '1.21.1', '1.14.15', '1.14.13', '1.11.2', '3.1.5', '1.1.1', '3.2.1', '5.2.1', '1.1.3', '3.1.6', '1.3.8', '1.14.99', '1.2.1', '1.3.3', '1.11.1', '1.14.12', '1.14.14', '3.1.1', '2.1.1', '1.1.99', '5.1.3', '1.17.99', '6.2.1', '2.4.1', '1.3.1', '4.1.3', '4.2.1', '3.6.1', '1.16.3', '1.3.99', '1.17.1', '1.14.18']"
Cobimetinib,65,30,"['1.22.1', '2.7.1', '3.1.3', '4.2.2', '1.14.19', '3.8.1', '1.14.3', '1.21.1', '1.14.15', '1.14.13', '1.11.2', '3.1.5', '1.10.3', '3.2.1', '3.4.15', '3.1.6', '1.14.99', '1.11.1', '1.14.14', '1.14.16', '1.5.1', '5.1.3', '2.4.1', '1.3.1', '4.1.3', '4.2.1', '3.6.1', '1.16.3', '1.3.99', '1.14.18']"
Methsuximide,60,27,"['1.22.1', '2.7.1', '4.2.2', '1.14.19', '3.8.1', '1.14.3', '1.21.1', '1.14.13', '1.14.15', '1.11.2', '1.1.1', '1.10.3', '3.2.1', '3.4.15', '3.4.19', '3.5.2', '1.2.1', '1.14.12', '1.14.14', '3.1.1', '1.14.16', '5.1.3', '1.17.99', '4.1.3', '4.2.1', '1.17.1', '1.14.18']"
Vandetanib,37,15,"['1.97.1', '1.14.13', '1.14.15', '2.1.1', '1.11.2', '3.2.1', '6.2.1', '2.4.1', '1.14.12', '1.3.1', '1.14.3', '3.6.1', '1.14.14', '3.8.1', '1.14.18']"
Pimavanserin,48,17,"['2.7.1', '1.14.3', '3.8.1', '1.14.13', '1.14.15', '3.2.1', '3.4.15', '1.14.14', '2.1.1', '5.1.3', '6.2.1', '2.4.1', '1.3.1', '4.1.3', '4.2.1', '3.6.1', '1.14.18']"
Dexlansoprazole,54,28,"['1.22.1', '2.7.1', '4.2.2', '3.8.1', '1.14.3', '1.21.1', '1.14.13', '1.11.2', '1.13.99', '1.10.3', '3.2.1', '2.6.1', '3.4.15', '1.13.11', '1.1.3', '1.14.99', '1.3.3', '1.14.12', '1.14.14', '1.2.3', '2.1.1', '5.1.3', '6.2.1', '2.4.1', '4.1.3', '4.2.1', '3.6.1', '1.14.18']"
Palovarotene,59,21,"['3.1.3', '1.14.19', '3.8.1', '1.14.3', '1.14.15', '1.14.13', '1.11.2', '3.1.5', '1.1.1', '3.2.1', '5.2.1', '1.13.11', '3.1.6', '1.14.99', '1.2.1', '1.14.12', '1.14.14', '4.1.1', '1.3.1', '1.3.99', '1.14.18']"
Mavorixafor,72,17,"['1.14.19', '3.8.1', '1.14.13', '1.14.15', '1.13.99', '1.13.11', '1.14.99', '1.3.3', '1.14.12', '1.14.14', '1.2.3', '1.14.16', '1.4.3', '1.3.1', '1.3.99', '1.17.1', '1.14.18']"
Telaprevir,193,23,"['6.3.4', '3.4.13', '1.14.19', '3.5.1', '6.3.2', '1.14.15', '1.14.13', '1.1.1', '3.4.24', '3.2.1', '2.3.2', '3.4.19', '3.4.15', '1.14.99', '3.4.11', '1.14.14', '1.13.12', '1.4.3', '1.3.1', '6.3.1', '1.3.99', '3.4.21', '1.14.18']"
Brivaracetam,59,34,"['6.3.4', '2.4.2', '2.7.1', '3.10.1', '4.2.2', '3.5.5', '1.14.19', '6.3.5', '1.4.1', '3.5.1', '4.3.1', '6.3.2', '1.14.15', '1.14.13', '1.1.1', '3.2.1', '2.3.2', '3.4.15', '3.4.19', '1.14.99', '3.4.11', '1.14.14', '3.1.1', '1.4.7', '5.1.3', '1.17.99', '1.3.1', '6.3.1', '4.2.1', '4.1.3', '1.3.99', '1.17.1', '1.14.18', '4.3.3']"
Levoketoconazole,46,22,"['2.7.1', '4.2.2', '1.14.19', '1.14.3', '3.8.1', '1.14.13', '1.11.2', '1.14.15', '1.1.1', '3.2.1', '3.4.15', '1.14.99', '1.14.14', '2.1.1', '5.1.3', '1.3.98', '2.4.1', '6.2.1', '4.1.3', '4.2.1', '3.6.1', '1.14.18']"
Apremilast,91,30,"['2.7.1', '4.2.2', '3.8.1', '3.5.1', '1.14.3', '1.14.13', '1.11.2', '1.14.15', '3.2.1', '2.3.2', '3.3.2', '1.7.1', '3.4.19', '3.4.15', '3.4.22', '1.14.99', '1.2.1', '3.4.11', '1.14.14', '3.1.1', '2.1.1', '5.1.3', '6.2.1', '2.4.1', '4.1.3', '6.3.1', '4.2.1', '3.6.1', '3.4.21', '1.14.18']"
Abiraterone,102,29,"['3.1.3', '1.14.19', '3.8.1', '1.14.3', '5.3.3', '1.14.15', '1.14.13', '1.11.2', '3.1.5', '1.1.1', '3.2.1', '1.14.21', '1.13.11', '1.1.3', '3.1.6', '1.14.99', '1.11.1', '1.3.3', '1.14.12', '1.14.14', '1.2.3', '1.1.99', '1.17.99', '2.4.1', '1.3.1', '4.2.1', '1.16.3', '1.3.99', '1.14.18']"
Obeticholic acid,138,27,"['3.1.3', '4.2.2', '1.14.19', '1.14.15', '1.14.13', '3.1.5', '1.1.1', '3.2.1', '5.2.1', '1.1.3', '3.1.6', '1.3.8', '1.14.99', '1.2.1', '1.3.3', '1.11.1', '1.14.14', '3.1.1', '1.1.99', '1.17.99', '2.4.1', '1.3.1', '4.2.1', '1.16.3', '1.3.99', '1.17.1', '1.14.18']"
Cariprazine,52,15,"['1.14.13', '1.14.15', '1.11.2', '1.14.99', '1.5.1', '3.2.1', '1.3.98', '1.3.1', '1.14.3', '3.4.15', '1.3.99', '1.14.19', '1.14.14', '3.8.1', '1.14.18']"
Trofinetide,110,45,"['6.3.4', '3.4.16', '2.7.1', '3.1.3', '3.10.1', '4.2.3', '4.2.2', '3.4.13', '1.14.19', '3.5.1', '5.1.1', '6.3.2', '1.14.15', '1.14.13', '3.1.5', '1.1.1', '3.4.24', '3.2.1', '3.4.15', '3.4.19', '5.2.1', '1.14.11', '3.1.6', '1.3.8', '1.14.99', '1.2.1', '1.3.3', '3.4.11', '1.11.1', '1.14.14', '3.1.1', '1.4.3', '1.5.1', '5.1.3', '1.17.99', '2.4.1', '1.3.1', '6.3.1', '4.1.3', '4.2.1', '3.6.1', '1.16.3', '1.3.99', '1.17.1', '1.14.18']"
Lumateperone,73,19,"['1.14.19', '1.14.3', '3.8.1', '1.14.13', '1.14.15', '1.1.1', '3.2.1', '1.3.8', '1.14.99', '1.2.1', '1.3.3', '1.14.12', '1.14.14', '1.17.99', '1.3.1', '3.7.1', '1.3.99', '1.17.1', '1.14.18']"
Cenobamate,54,31,"['1.97.1', '1.22.1', '2.7.1', '3.10.1', '4.2.2', '1.14.19', '3.8.1', '1.21.1', '6.3.2', '1.14.13', '1.11.2', '1.10.3', '3.2.1', '2.3.2', '3.4.15', '3.4.19', '3.4.11', '1.14.12', '1.14.14', '3.1.1', '1.14.16', '2.1.3', '6.1.2', '5.1.3', '1.3.98', '6.2.1', '4.1.3', '6.3.1', '4.2.1', '3.6.1', '1.14.18']"
Sertindole,56,12,"['1.14.13', '1.14.15', '3.2.1', '1.3.98', '1.14.12', '1.14.3', '3.4.15', '2.5.1', '1.14.19', '1.14.14', '3.8.1', '1.14.18']"
Spiramycin,198,33,"['3.4.16', '3.1.3', '4.2.2', '1.14.19', '1.14.13', '1.14.15', '1.1.1', '3.2.1', '3.3.2', '2.3.1', '5.2.1', '1.14.11', '1.13.11', '1.1.3', '5.4.99', '3.1.6', '1.14.99', '1.2.1', '1.11.1', '3.1.2', '1.14.14', '3.1.1', '3.4.21', '1.1.99', '1.17.99', '6.2.1', '2.4.1', '1.3.1', '4.2.1', '1.16.3', '1.3.99', '1.17.1', '1.14.18']"
Mianserin,74,9,"['1.14.13', '1.11.2', '3.8.1', '1.14.18', '1.14.12', '1.14.3', '1.14.14', '1.13.12', '1.13.11']"
Teicoplanin,267,29,"['3.1.3', '3.4.13', '3.8.1', '3.5.1', '1.14.3', '6.3.2', '1.14.15', '1.14.13', '1.1.1', '3.2.1', '3.4.24', '3.3.2', '3.4.19', '3.4.15', '2.3.1', '1.1.3', '1.3.8', '1.14.99', '1.3.3', '1.14.14', '2.1.1', '6.2.1', '2.4.1', '1.3.1', '4.2.1', '6.3.1', '1.3.99', '3.4.21', '1.14.18']"
Acetylcysteine,38,40,"['6.3.4', '3.4.16', '2.7.1', '3.1.3', '4.2.3', '4.2.2', '3.4.13', '3.5.1', '5.1.1', '6.3.2', '1.14.13', '1.14.15', '3.1.5', '1.1.1', '3.2.1', '1.8.1', '3.4.15', '3.4.19', '2.3.1', '1.7.3', '5.2.1', '1.13.11', '3.1.6', '1.14.99', '1.2.1', '1.11.1', '3.4.11', '1.14.14', '1.13.12', '3.1.1', '1.5.1', '5.1.3', '2.4.1', '1.3.1', '6.3.1', '4.1.3', '4.2.1', '3.6.1', '1.16.3', '1.14.18']"
Nylidrin,101,32,"['1.6.5', '1.22.1', '2.7.1', '3.1.3', '1.14.19', '3.8.1', '1.14.3', '1.21.1', '1.14.15', '1.14.13', '1.11.2', '3.1.5', '1.1.1', '1.10.3', '3.2.1', '1.13.11', '3.1.6', '1.11.1', '1.14.12', '2.8.2', '1.14.14', '1.14.16', '1.5.1', '5.1.3', '2.4.1', '1.3.1', '4.1.3', '4.2.1', '3.6.1', '1.16.3', '1.17.1', '1.14.18']"
Pizotifen,46,10,"['1.14.13', '1.14.15', '1.14.99', '1.14.18', '1.14.12', '1.14.3', '1.17.1', '1.14.14', '3.8.1', '1.13.11']"
Pentaerythritol tetranitrate,4,15,"['6.3.2', '1.14.99', '3.2.1', '2.7.1', '3.4.11', '5.1.3', '6.2.1', '4.2.1', '4.1.3', '3.4.15', '3.4.19', '1.7.3', '3.6.1', '1.14.14', '3.1.1']"
Rimonabant,54,14,"['1.14.13', '1.14.15', '1.14.99', '2.6.1', '3.2.1', '1.3.98', '1.3.1', '1.14.3', '3.4.15', '1.3.99', '1.14.19', '1.14.14', '3.8.1', '1.14.18']"
Noscapine,58,23,"['1.22.1', '2.7.1', '4.2.2', '3.8.1', '1.14.3', '1.21.1', '1.14.13', '1.11.2', '1.1.1', '1.10.3', '3.2.1', '1.14.12', '1.14.14', '3.1.1', '2.1.1', '5.1.3', '6.2.1', '2.4.1', '4.1.3', '4.2.1', '3.6.1', '1.17.1', '1.14.18']"
Rufinamide,27,24,"['1.22.1', '2.7.1', '3.10.1', '1.14.19', '3.8.1', '3.5.1', '1.21.1', '1.14.13', '1.11.2', '3.2.1', '2.3.2', '3.4.15', '3.4.19', '3.4.11', '1.14.12', '1.14.14', '3.1.1', '1.14.16', '5.1.3', '4.2.1', '6.3.1', '4.1.3', '1.17.1', '1.14.18']"
Lasofoxifene,77,23,"['3.1.3', '1.14.19', '3.8.1', '1.14.3', '1.14.13', '1.14.15', '1.11.2', '3.2.1', '3.1.6', '1.14.99', '1.14.12', '2.8.2', '1.14.14', '1.14.16', '2.1.1', '6.2.1', '2.4.1', '1.3.1', '4.2.1', '3.6.1', '1.3.99', '1.17.1', '1.14.18']"
Alogliptin,61,22,"['1.22.1', '2.7.1', '4.2.2', '1.14.19', '3.8.1', '1.14.3', '1.21.1', '1.14.13', '1.14.15', '1.11.2', '1.10.3', '3.2.1', '3.4.15', '1.14.99', '1.14.14', '1.14.16', '5.1.3', '1.3.1', '4.1.3', '4.2.1', '1.3.99', '1.14.18']"
Tapentadol,63,21,"['1.6.5', '1.97.1', '1.22.1', '3.1.3', '1.14.19', '3.8.1', '1.14.3', '1.21.1', '1.14.13', '1.14.15', '1.11.2', '1.10.3', '3.2.1', '3.1.6', '1.11.1', '2.8.2', '1.14.14', '1.14.16', '4.2.1', '1.3.1', '1.14.18']"
Silodosin,81,33,"['1.22.1', '2.7.1', '3.1.3', '4.2.2', '1.14.19', '3.8.1', '1.14.3', '1.21.1', '1.14.15', '1.14.13', '1.11.2', '3.1.5', '1.1.1', '1.10.3', '3.2.1', '3.4.15', '1.1.3', '3.1.6', '1.2.1', '1.11.1', '1.14.14', '3.1.1', '2.1.1', '5.1.3', '6.2.1', '2.4.1', '1.3.1', '4.1.3', '4.2.1', '3.6.1', '1.16.3', '1.17.1', '1.14.18']"
Prasugrel,71,28,"['1.22.1', '2.7.1', '4.2.2', '3.8.1', '1.14.3', '1.21.1', '1.14.13', '1.14.15', '1.11.2', '1.1.1', '1.10.3', '3.2.1', '3.4.15', '1.14.99', '1.14.12', '1.14.14', '3.1.1', '2.1.1', '1.1.99', '5.1.3', '6.2.1', '2.4.1', '1.3.1', '4.1.3', '4.2.1', '3.6.1', '1.17.1', '1.14.18']"
Eltrombopag,134,30,"['1.22.1', '2.7.1', '3.1.3', '4.2.2', '3.8.1', '1.14.3', '1.21.1', '1.14.13', '1.11.2', '1.14.15', '3.1.5', '1.1.1', '1.10.3', '3.2.1', '2.6.1', '3.4.15', '3.1.6', '1.2.1', '1.11.1', '1.14.12', '2.8.2', '1.14.14', '4.1.1', '5.1.3', '2.4.1', '4.1.3', '4.2.1', '3.6.1', '1.16.3', '1.14.18']"
Tolvaptan,142,32,"['1.22.1', '2.7.1', '3.1.3', '4.2.2', '1.14.19', '3.8.1', '1.14.3', '1.21.1', '1.14.15', '1.14.13', '1.11.2', '3.1.5', '1.1.1', '1.10.3', '3.2.1', '2.6.1', '3.4.15', '3.1.6', '1.14.99', '1.11.1', '1.14.14', '5.1.3', '1.3.98', '2.4.1', '1.3.1', '4.1.3', '4.2.1', '3.6.1', '1.16.3', '1.3.99', '1.17.1', '1.14.18']"
Asenapine,49,15,"['1.14.13', '1.11.2', '2.1.1', '3.2.1', '1.14.18', '2.4.1', '1.14.12', '1.3.98', '1.14.3', '6.2.1', '3.6.1', '1.14.19', '1.14.14', '3.8.1', '1.13.11']"
Lacosamide,51,35,"['6.3.4', '1.22.1', '2.7.1', '4.2.2', '3.4.13', '3.8.1', '3.5.1', '1.14.3', '1.21.1', '6.3.2', '1.14.13', '1.11.2', '1.14.15', '1.1.1', '1.10.3', '3.2.1', '2.3.2', '3.4.19', '3.4.15', '2.3.1', '1.14.99', '3.4.11', '1.14.12', '1.14.14', '3.1.1', '1.14.16', '1.5.1', '5.1.3', '6.2.1', '4.1.3', '6.3.1', '4.2.1', '3.6.1', '3.4.21', '1.14.18']"
Rivaroxaban,44,22,"['1.22.1', '2.7.1', '4.2.2', '1.14.3', '3.8.1', '3.5.1', '1.21.1', '1.14.13', '1.11.2', '1.1.1', '1.10.3', '3.2.1', '3.4.15', '1.14.14', '3.1.1', '1.14.16', '5.1.3', '6.2.1', '4.1.3', '4.2.1', '3.6.1', '1.14.18']"
Nalmefene,64,30,"['1.22.1', '3.1.3', '4.1.99', '1.14.19', '3.8.1', '1.14.3', '1.21.1', '1.14.15', '1.14.13', '1.11.2', '3.1.5', '3.2.1', '3.1.6', '1.14.99', '1.11.1', '1.14.12', '2.8.2', '1.14.14', '1.14.16', '2.1.1', '1.17.99', '6.2.1', '2.4.1', '1.3.1', '4.2.1', '3.6.1', '1.16.3', '1.3.99', '1.17.1', '1.14.18']"
Maribavir,74,40,"['1.22.1', '2.4.2', '2.7.1', '3.1.3', '3.5.4', '1.14.19', '3.8.1', '1.14.3', '1.21.1', '1.14.13', '1.14.15', '1.11.2', '3.1.5', '1.1.1', '1.10.3', '3.2.1', '3.3.2', '5.3.1', '5.4.99', '1.1.3', '3.1.6', '1.2.1', '1.11.1', '2.5.1', '1.14.14', '1.14.16', '3.2.2', '1.1.99', '1.8.99', '5.1.3', '1.3.98', '6.2.1', '2.4.1', '4.2.1', '1.3.1', '4.1.3', '3.6.1', '1.16.3', '1.14.18', '4.3.3']"
Avanafil,66,35,"['1.22.1', '2.7.1', '3.1.3', '4.2.2', '1.14.19', '3.8.1', '3.5.1', '1.14.3', '1.21.1', '1.14.15', '1.14.13', '1.11.2', '3.1.5', '1.1.1', '1.10.3', '3.2.1', '3.4.15', '1.1.3', '3.1.6', '1.14.99', '1.2.1', '1.11.1', '1.14.14', '2.1.1', '5.1.3', '1.3.98', '2.4.1', '6.2.1', '1.3.1', '4.1.3', '4.2.1', '3.6.1', '1.16.3', '1.3.99', '1.14.18']"
Eflornithine,43,37,"['4.2.3', '2.7.1', '3.1.3', '3.10.1', '4.2.2', '3.4.13', '1.14.19', '6.3.2', '1.14.15', '1.14.13', '3.1.5', '1.1.1', '3.4.24', '3.2.1', '3.4.15', '3.4.19', '1.7.3', '5.2.1', '1.14.11', '3.1.6', '1.14.99', '1.2.1', '1.11.1', '3.4.11', '1.14.12', '1.14.14', '3.1.1', '1.4.3', '5.1.3', '2.4.1', '1.3.1', '4.1.3', '4.2.1', '3.6.1', '1.16.3', '1.3.99', '1.14.18']"
Droxidopa,104,45,"['1.6.5', '1.97.1', '1.22.1', '4.1.2', '4.2.3', '2.7.1', '3.1.3', '3.10.1', '4.2.2', '3.4.13', '1.14.19', '1.4.1', '3.8.1', '1.14.3', '1.21.1', '6.3.2', '1.14.13', '1.11.2', '3.1.5', '1.1.1', '1.10.3', '3.2.1', '3.4.15', '3.4.19', '1.13.11', '3.1.6', '1.2.1', '1.11.1', '3.4.11', '1.14.12', '2.8.2', '1.14.14', '1.14.16', '4.1.1', '3.1.1', '1.4.3', '5.1.3', '2.4.1', '1.3.1', '4.1.3', '4.2.1', '3.6.1', '1.16.3', '1.17.1', '1.14.18']"
Tolperisone,43,26,"['1.22.1', '2.7.1', '4.2.2', '1.14.19', '3.8.1', '1.14.3', '1.21.1', '1.14.13', '1.14.15', '1.11.2', '1.1.1', '1.10.3', '3.2.1', '2.6.1', '3.4.15', '1.14.99', '1.14.14', '3.1.1', '1.14.16', '5.1.3', '1.3.1', '4.1.3', '4.2.1', '3.7.1', '1.3.99', '1.14.18']"
Udenafil,81,18,"['1.14.19', '1.14.3', '3.8.1', '1.14.13', '1.14.15', '1.13.99', '3.2.1', '3.4.15', '1.14.99', '1.14.14', '2.1.1', '6.2.1', '2.4.1', '1.3.1', '3.6.1', '1.3.99', '1.17.1', '1.14.18']"
Sitaxentan,36,23,"['2.7.1', '4.2.2', '1.14.19', '3.8.1', '1.14.13', '1.11.2', '1.1.1', '2.6.1', '3.2.1', '3.4.15', '1.14.14', '3.1.1', '2.1.1', '5.1.3', '1.3.98', '2.4.1', '6.2.1', '4.1.3', '4.2.1', '1.3.1', '3.6.1', '1.17.1', '1.14.18']"
Alvimopan,133,40,"['6.3.4', '1.22.1', '3.4.16', '2.7.1', '3.1.3', '4.2.2', '3.4.13', '3.8.1', '3.5.1', '1.14.3', '1.21.1', '6.3.2', '1.14.13', '1.14.15', '1.11.2', '5.1.1', '3.1.5', '1.1.1', '1.10.3', '3.2.1', '3.4.15', '5.2.1', '3.1.6', '1.2.1', '1.11.1', '3.4.11', '2.8.2', '1.14.14', '3.1.1', '1.14.16', '5.1.3', '2.4.1', '4.1.3', '6.3.1', '4.2.1', '3.6.1', '1.3.1', '1.16.3', '1.17.1', '1.14.18']"
Levocetirizine,70,31,"['1.22.1', '2.7.1', '3.1.3', '4.2.2', '1.14.19', '3.8.1', '1.14.3', '1.21.1', '1.14.13', '1.11.2', '3.1.5', '1.1.1', '1.10.3', '3.2.1', '3.4.15', '5.2.1', '3.1.6', '1.2.1', '1.11.1', '1.14.12', '1.14.14', '3.1.1', '5.1.3', '1.3.98', '6.2.1', '2.4.1', '4.1.3', '4.2.1', '3.6.1', '1.16.3', '1.14.18']"
Amisulpride,49,32,"['1.22.1', '2.7.1', '4.2.2', '1.14.19', '3.8.1', '3.5.1', '1.14.3', '1.21.1', '1.14.13', '1.14.15', '1.11.2', '1.1.1', '1.10.3', '3.2.1', '3.3.2', '1.7.1', '3.4.15', '1.14.99', '1.14.12', '1.14.14', '3.1.1', '1.14.16', '2.1.1', '5.1.3', '6.2.1', '2.4.1', '1.3.1', '4.1.3', '4.2.1', '3.6.1', '1.3.99', '1.14.18']"
Simeprevir,146,27,"['6.3.4', '3.4.13', '1.14.19', '3.8.1', '3.5.1', '1.14.3', '6.3.2', '1.14.15', '1.14.13', '2.6.1', '3.2.1', '3.4.19', '3.4.15', '1.14.99', '1.2.1', '3.4.11', '1.14.14', '2.1.1', '1.17.99', '6.2.1', '2.4.1', '1.3.1', '6.3.1', '3.6.1', '1.3.99', '3.4.21', '1.14.18']"
Dapagliflozin,138,38,"['1.22.1', '5.5.1', '2.7.1', '3.1.3', '1.14.19', '3.8.1', '1.14.3', '1.21.1', '1.14.15', '1.14.13', '1.11.2', '1.13.99', '3.1.5', '1.1.1', '1.10.3', '3.2.1', '3.3.2', '5.4.99', '1.1.3', '3.1.6', '1.2.1', '1.11.1', '1.14.12', '2.5.1', '1.14.14', '1.13.12', '2.1.1', '1.1.99', '5.1.3', '1.3.98', '2.4.1', '6.2.1', '4.2.1', '1.3.1', '4.1.3', '3.6.1', '1.16.3', '1.14.18']"
Saxagliptin,60,24,"['2.7.1', '3.1.3', '3.10.1', '4.2.2', '3.5.5', '4.3.1', '1.14.15', '1.14.13', '3.1.5', '1.1.1', '3.2.1', '3.4.15', '3.1.6', '1.11.1', '1.14.14', '4.99.1', '5.1.3', '2.4.1', '4.2.1', '1.3.1', '4.1.3', '3.6.1', '1.16.3', '1.14.18']"
Elacestrant,57,17,"['3.1.3', '1.14.3', '3.8.1', '1.14.13', '1.14.15', '1.11.2', '3.2.1', '3.1.6', '2.8.2', '1.14.14', '1.14.16', '2.1.1', '6.2.1', '2.4.1', '3.6.1', '1.17.1', '1.14.18']"
Bazedoxifene,60,20,"['3.1.3', '1.14.19', '1.14.3', '3.8.1', '1.14.13', '1.14.15', '1.11.2', '2.6.1', '3.2.1', '3.1.6', '1.14.99', '2.8.2', '1.14.14', '2.1.1', '6.2.1', '2.4.1', '1.3.1', '3.6.1', '1.3.99', '1.14.18']"
Ambrisentan,69,30,"['1.22.1', '2.7.1', '3.1.3', '4.2.2', '3.8.1', '1.14.3', '1.21.1', '1.14.13', '1.11.2', '3.1.5', '1.1.1', '1.10.3', '3.2.1', '2.6.1', '1.1.3', '3.1.6', '1.2.1', '1.11.1', '1.14.12', '1.14.14', '3.1.1', '2.1.1', '5.1.3', '6.2.1', '2.4.1', '4.1.3', '4.2.1', '3.6.1', '1.16.3', '1.14.18']"
Doxercalciferol,145,25,"['3.1.3', '4.1.99', '1.14.19', '5.3.3', '1.14.15', '1.14.13', '1.1.1', '3.2.1', '1.14.21', '1.13.11', '1.1.3', '3.1.6', '1.14.99', '1.11.1', '1.3.3', '1.14.12', '1.14.14', '1.1.99', '1.17.99', '2.4.1', '1.3.1', '4.2.1', '1.16.3', '1.3.99', '1.14.18']"
Oxymetholone,102,29,"['2.7.1', '3.1.3', '4.1.99', '4.2.2', '1.14.19', '1.14.15', '1.14.13', '3.1.5', '1.1.1', '3.2.1', '1.1.3', '3.1.6', '1.14.99', '1.11.1', '1.14.12', '1.14.14', '3.1.1', '1.1.99', '5.1.3', '1.17.99', '2.4.1', '1.3.1', '4.1.3', '4.2.1', '3.6.1', '1.16.3', '1.3.99', '1.17.1', '1.14.18']"
Armodafinil,58,31,"['6.3.4', '1.22.1', '2.4.2', '2.7.1', '4.2.2', '6.3.5', '1.4.1', '3.5.1', '3.8.1', '4.3.1', '1.21.1', '1.14.13', '1.11.2', '1.1.1', '1.10.3', '3.2.1', '2.3.2', '3.4.15', '3.4.19', '1.13.11', '1.14.12', '1.14.14', '3.1.1', '1.14.16', '1.4.7', '5.1.3', '4.2.1', '6.3.1', '4.1.3', '1.14.18', '4.3.3']"
Etravirine,44,24,"['1.97.1', '6.3.4', '1.22.1', '3.5.4', '3.5.5', '3.8.1', '1.14.3', '1.21.1', '1.14.13', '1.11.2', '1.1.1', '1.10.3', '3.2.1', '2.6.1', '1.7.1', '1.1.3', '1.14.12', '1.14.14', '2.1.1', '1.8.99', '6.2.1', '2.4.1', '3.6.1', '1.14.18']"
Lonafarnib,73,17,"['1.14.19', '1.14.3', '3.8.1', '1.14.13', '1.14.15', '1.13.99', '1.1.1', '3.2.1', '3.4.15', '1.14.14', '1.2.3', '1.17.99', '1.3.98', '1.3.1', '1.3.99', '1.17.1', '1.14.18']"
Prucalopride,40,29,"['1.22.1', '2.7.1', '4.2.2', '1.14.19', '3.8.1', '3.5.1', '1.14.3', '1.21.1', '1.14.13', '1.14.15', '1.11.2', '1.1.1', '3.2.1', '3.4.15', '1.14.14', '3.1.1', '1.14.16', '2.1.1', '1.5.1', '5.1.3', '1.3.98', '2.4.1', '6.2.1', '1.3.1', '4.1.3', '4.2.1', '3.6.1', '1.17.1', '1.14.18']"
Astaxanthin,146,25,"['5.5.1', '3.1.3', '4.2.2', '1.14.19', '1.14.15', '1.14.13', '1.1.1', '3.2.1', '1.14.21', '1.13.11', '1.1.3', '3.1.6', '1.3.8', '1.14.99', '1.3.3', '2.5.1', '1.14.14', '1.13.12', '1.1.99', '1.17.99', '1.3.1', '4.2.1', '3.7.1', '1.3.99', '1.14.18']"
Pazopanib,49,8,"['1.14.13', '2.6.1', '3.2.1', '1.14.12', '1.14.14', '3.8.1', '1.2.3', '1.14.18']"
Agomelatine,73,37,"['6.3.4', '1.22.1', '2.7.1', '4.2.2', '3.4.13', '1.14.19', '3.8.1', '3.5.1', '1.14.3', '1.21.1', '6.3.2', '1.14.13', '1.11.2', '1.14.15', '1.1.1', '1.10.3', '3.2.1', '3.3.2', '3.4.15', '3.4.19', '2.3.1', '1.14.99', '1.11.1', '3.4.11', '1.14.14', '3.1.1', '1.14.16', '2.1.1', '5.1.3', '6.2.1', '2.4.1', '4.1.3', '6.3.1', '4.2.1', '3.6.1', '1.17.1', '1.14.18']"
Midostaurin,114,11,"['1.14.13', '1.14.15', '3.2.1', '6.2.1', '1.14.12', '1.14.3', '3.6.1', '1.14.14', '3.8.1', '1.14.18', '4.3.3']"
Panobinostat,71,24,"['6.3.4', '4.1.2', '2.7.1', '3.8.1', '1.14.3', '1.14.13', '1.11.2', '1.13.99', '1.1.1', '2.6.1', '3.2.1', '3.4.15', '1.14.99', '1.14.12', '1.14.14', '3.1.1', '1.14.16', '5.1.3', '4.2.1', '1.3.1', '6.3.1', '4.1.3', '1.17.1', '1.14.18']"
Apixaban,101,29,"['2.7.1', '4.2.2', '1.14.19', '3.8.1', '1.14.3', '1.14.13', '1.14.15', '1.11.2', '1.13.99', '1.1.1', '3.2.1', '3.3.2', '3.4.15', '1.3.8', '1.14.99', '1.3.3', '1.14.14', '2.1.1', '5.1.3', '1.17.99', '6.2.1', '2.4.1', '1.3.1', '4.1.3', '4.2.1', '3.6.1', '1.3.99', '1.17.1', '1.14.18']"
Tafenoquine,67,22,"['1.22.1', '1.14.19', '1.14.3', '3.8.1', '1.21.1', '1.14.15', '1.14.13', '1.11.2', '1.10.3', '3.2.1', '2.6.1', '1.14.99', '1.14.14', '1.14.16', '1.4.3', '2.1.1', '6.2.1', '2.4.1', '1.3.1', '3.6.1', '1.3.99', '1.14.18']"
Bosutinib,49,16,"['1.14.13', '1.14.15', '2.1.1', '1.11.2', '3.2.1', '1.3.98', '2.4.1', '6.2.1', '1.3.1', '1.14.3', '3.6.1', '3.5.5', '1.14.19', '1.14.14', '3.8.1', '1.14.18']"
Axitinib,70,12,"['1.14.13', '1.11.2', '3.2.1', '1.3.3', '1.14.18', '1.2.3', '1.14.12', '4.2.2', '1.14.14', '3.8.1', '3.5.1', '1.13.11']"
Isavuconazonium,51,22,"['2.4.2', '3.4.16', '3.1.3', '3.8.1', '1.14.3', '1.14.13', '1.14.15', '3.1.5', '1.1.1', '3.2.1', '2.3.1', '3.1.6', '1.2.1', '1.14.14', '1.2.3', '3.1.1', '3.2.2', '1.4.3', '6.2.1', '3.6.1', '3.4.21', '1.14.18']"
Dalfampridine,16,15,"['1.6.5', '1.21.1', '1.14.13', '1.22.1', '1.11.2', '1.1.1', '1.8.99', '1.14.12', '3.5.4', '1.7.1', '1.17.1', '1.14.14', '1.2.3', '1.14.18', '1.14.16']"
Safinamide,80,28,"['1.22.1', '2.7.1', '3.10.1', '4.2.2', '3.8.1', '3.5.1', '1.14.3', '1.21.1', '1.14.13', '1.11.2', '1.14.15', '1.1.1', '1.10.3', '3.2.1', '2.6.1', '3.4.15', '1.14.12', '1.14.14', '3.1.1', '1.14.16', '2.1.1', '5.1.3', '6.2.1', '2.4.1', '4.2.1', '4.1.3', '3.6.1', '1.14.18']"
Pasireotide,103,25,"['6.3.4', '3.4.13', '1.14.19', '3.8.1', '3.5.1', '1.14.3', '6.3.2', '1.14.13', '1.14.15', '3.4.24', '3.2.1', '3.4.19', '3.4.15', '1.13.11', '1.14.99', '1.3.3', '1.14.14', '2.1.1', '1.4.3', '6.2.1', '2.4.1', '1.3.1', '6.3.1', '3.4.21', '1.14.18']"
Vilazodone,71,16,"['1.14.13', '1.14.15', '1.14.99', '1.13.99', '3.2.1', '1.14.18', '1.14.12', '1.3.1', '1.14.3', '3.4.15', '1.3.99', '1.14.19', '1.17.1', '1.14.14', '3.8.1', '1.13.11']"
Mepyramine,43,17,"['1.21.1', '1.14.13', '1.22.1', '2.1.1', '1.11.2', '1.10.3', '3.2.1', '6.2.1', '2.4.1', '1.14.3', '3.3.2', '3.6.1', '1.14.14', '3.8.1', '1.2.3', '1.14.18', '1.14.16']"
Dabigatran etexilate,101,22,"['3.4.16', '1.14.19', '3.8.1', '1.14.3', '1.14.13', '1.14.15', '1.1.1', '3.2.1', '3.4.15', '2.3.1', '1.14.99', '1.17.1', '1.14.14', '1.2.3', '3.1.1', '1.17.99', '6.2.1', '1.3.1', '3.6.1', '1.3.99', '3.4.21', '1.14.18']"
Artemether,51,14,"['1.14.15', '1.14.13', '1.14.99', '1.1.1', '3.2.1', '6.2.1', '2.4.1', '1.3.1', '3.6.1', '2.3.1', '1.3.99', '1.14.19', '1.14.14', '1.14.18']"
Betahistine,23,14,"['1.21.1', '1.14.13', '1.22.1', '1.4.3', '1.11.2', '1.11.1', '1.3.3', '1.14.12', '1.17.1', '1.14.14', '1.14.3', '1.2.3', '1.14.18', '1.14.16']"
Desvenlafaxine,62,32,"['1.6.5', '1.22.1', '2.7.1', '3.1.3', '4.1.99', '1.14.19', '3.8.1', '1.14.3', '1.21.1', '1.14.15', '1.14.13', '1.11.2', '3.1.5', '1.1.1', '1.10.3', '3.2.1', '3.1.6', '1.14.99', '1.11.1', '1.14.12', '2.8.2', '1.14.14', '1.14.16', '5.1.3', '2.4.1', '1.3.1', '4.1.3', '4.2.1', '3.6.1', '1.16.3', '1.3.99', '1.14.18']"
Dexmethylphenidate,74,36,"['1.22.1', '3.4.16', '2.7.1', '4.2.2', '1.14.19', '3.8.1', '3.5.1', '1.14.3', '1.21.1', '6.3.2', '1.14.13', '1.14.15', '1.11.2', '1.1.1', '1.10.3', '3.2.1', '3.4.15', '3.4.19', '2.3.1', '1.13.11', '1.14.99', '3.4.11', '1.14.12', '1.14.14', '3.1.1', '1.14.16', '1.5.1', '5.1.3', '6.2.1', '1.3.1', '4.1.3', '4.2.1', '3.6.1', '1.3.99', '3.4.21', '1.14.18']"
Fesoterodine,84,36,"['1.22.1', '2.7.1', '3.1.3', '4.2.2', '3.8.1', '1.14.3', '1.21.1', '1.14.15', '1.14.13', '1.11.2', '3.1.5', '1.1.1', '1.10.3', '3.2.1', '5.4.99', '1.1.3', '3.1.6', '1.3.8', '1.11.1', '1.2.1', '1.14.12', '3.1.2', '1.14.14', '3.1.1', '1.14.16', '1.4.3', '2.1.1', '5.1.3', '6.2.1', '2.4.1', '1.3.1', '4.1.3', '4.2.1', '3.6.1', '1.16.3', '1.14.18']"
Isometheptene,39,15,"['5.3.3', '1.14.15', '1.14.13', '1.14.99', '1.5.1', '1.1.1', '1.17.99', '1.14.18', '1.3.1', '4.2.1', '1.3.99', '1.14.19', '1.17.1', '1.14.14', '1.13.11']"
Lumefantrine,63,16,"['1.14.13', '1.14.15', '1.14.99', '1.1.1', '3.2.1', '3.1.3', '1.3.98', '1.14.12', '1.3.1', '1.14.3', '1.3.99', '1.14.19', '1.14.14', '3.8.1', '1.14.18', '3.1.6']"
Methyltestosterone,120,30,"['3.1.3', '4.1.99', '4.2.2', '1.14.19', '5.3.3', '1.14.15', '1.14.13', '3.1.5', '1.1.1', '3.2.1', '1.13.11', '1.1.3', '3.1.6', '1.3.8', '1.14.99', '1.11.1', '1.3.3', '1.14.12', '2.5.1', '1.14.14', '3.1.1', '1.1.99', '1.17.99', '2.4.1', '1.3.1', '4.2.1', '1.16.3', '1.3.99', '1.17.1', '1.14.18']"
Nilvadipine,98,31,"['1.22.1', '1.2.7', '3.4.16', '2.7.1', '4.2.2', '3.8.1', '1.14.3', '1.21.1', '6.3.2', '1.14.13', '1.11.2', '1.14.15', '1.1.1', '1.10.3', '3.2.1', '1.7.1', '3.4.15', '2.3.1', '1.14.99', '1.2.99', '1.14.12', '1.14.14', '3.1.1', '5.1.3', '6.2.1', '4.1.3', '4.2.1', '3.6.1', '3.4.21', '1.14.18', '1.12.99']"
Calcium carbonate,0,0,[]
Lornoxicam,47,36,"['1.22.1', '2.7.1', '3.1.3', '4.2.2', '3.8.1', '3.5.1', '1.14.3', '1.21.1', '1.14.13', '1.11.2', '3.1.5', '1.1.1', '1.10.3', '3.2.1', '2.3.2', '3.3.2', '3.4.19', '3.4.15', '3.4.22', '3.1.6', '1.2.1', '1.11.1', '3.4.11', '1.14.14', '1.2.3', '3.1.1', '1.8.99', '5.1.3', '2.4.1', '4.1.3', '6.3.1', '4.2.1', '3.6.1', '1.16.3', '3.4.21', '1.14.18']"
Gestodene,116,30,"['3.1.3', '4.1.99', '4.2.2', '1.14.19', '5.3.3', '1.14.15', '1.14.13', '3.1.5', '1.1.1', '3.2.1', '1.13.11', '1.1.3', '3.1.6', '1.3.8', '1.14.99', '1.11.1', '1.3.3', '1.14.12', '2.5.1', '1.14.14', '3.1.1', '1.1.99', '1.17.99', '2.4.1', '1.3.1', '4.2.1', '1.16.3', '1.3.99', '1.17.1', '1.14.18']"
Aceclofenac,107,44,"['1.97.1', '1.22.1', '3.4.16', '2.7.1', '3.1.3', '4.2.3', '4.2.2', '1.14.19', '3.8.1', '3.5.1', '1.14.3', '1.21.1', '6.3.2', '1.14.13', '1.11.2', '3.1.5', '1.1.1', '1.10.3', '3.2.1', '3.4.15', '3.4.19', '2.3.1', '5.2.1', '1.13.11', '3.1.6', '1.2.1', '1.11.1', '1.14.12', '1.14.14', '3.1.1', '1.14.16', '3.4.21', '1.8.99', '5.1.3', '1.3.98', '6.2.1', '2.4.1', '1.3.1', '4.1.3', '4.2.1', '3.6.1', '1.16.3', '1.17.1', '1.14.18']"
Ambroxol,60,37,"['1.6.5', '1.97.1', '1.22.1', '2.7.1', '3.1.3', '3.5.4', '1.14.19', '3.8.1', '1.14.3', '1.21.1', '1.14.15', '1.14.13', '1.11.2', '3.1.5', '1.1.1', '3.2.1', '1.7.1', '1.1.3', '3.1.6', '1.14.99', '1.11.1', '1.14.12', '2.5.1', '1.14.14', '1.14.16', '1.5.1', '1.1.99', '1.8.99', '5.1.3', '2.4.1', '1.3.1', '4.1.3', '4.2.1', '3.6.1', '1.16.3', '1.3.99', '1.14.18']"
Drotaverine,58,18,"['1.22.1', '1.14.3', '3.8.1', '1.21.1', '1.14.13', '1.11.2', '1.14.15', '1.10.3', '3.2.1', '1.14.12', '1.14.14', '1.14.16', '2.1.1', '6.2.1', '2.4.1', '3.6.1', '1.17.1', '1.14.18']"
Beta carotene,131,19,"['5.5.1', '1.14.19', '5.3.3', '1.14.15', '1.14.13', '1.1.1', '1.14.21', '1.13.11', '1.3.8', '1.14.99', '1.3.3', '2.5.1', '1.14.14', '1.13.12', '1.17.99', '1.3.1', '4.2.1', '1.3.99', '1.14.18']"
Betaine,18,28,"['6.3.4', '2.7.1', '3.5.1', '6.3.2', '1.14.13', '1.1.1', '3.2.1', '3.4.15', '3.4.19', '5.2.1', '1.14.11', '1.13.11', '1.14.99', '1.5.99', '1.2.1', '3.4.11', '1.14.14', '1.2.3', '3.1.1', '1.5.1', '1.1.99', '6.1.1', '5.1.3', '1.3.1', '6.3.1', '4.1.3', '3.6.1', '4.2.1']"
Tetryzoline,59,17,"['1.22.1', '1.14.19', '3.8.1', '1.21.1', '1.14.13', '1.14.15', '1.11.2', '1.10.3', '3.2.1', '1.13.11', '1.14.12', '1.14.14', '1.14.16', '1.3.1', '1.3.99', '1.17.1', '1.14.18']"
Benzyl alcohol,60,35,"['1.6.5', '1.22.1', '4.2.3', '2.7.1', '3.1.3', '1.14.19', '3.8.1', '1.14.3', '1.21.1', '1.14.13', '1.11.2', '1.14.15', '3.1.5', '1.1.1', '1.10.3', '3.2.1', '1.13.11', '1.1.3', '3.1.6', '1.14.99', '1.11.1', '1.2.1', '1.14.12', '1.14.14', '3.1.1', '1.14.16', '1.4.3', '5.1.3', '2.4.1', '1.3.1', '4.1.3', '4.2.1', '3.6.1', '1.16.3', '1.14.18']"
Capsaicin,101,48,"['1.6.5', '6.3.4', '1.22.1', '2.7.1', '3.1.3', '4.1.99', '4.2.2', '3.4.13', '1.14.19', '3.8.1', '3.5.1', '1.14.3', '1.21.1', '6.3.2', '1.14.13', '1.14.15', '1.11.2', '1.1.1', '1.10.3', '3.2.1', '1.14.21', '3.3.2', '3.4.15', '3.4.19', '1.13.11', '3.1.6', '1.3.8', '1.14.99', '1.11.1', '1.3.3', '3.4.11', '2.8.2', '1.14.14', '3.1.1', '1.14.16', '2.1.1', '5.1.3', '1.17.99', '6.2.1', '2.4.1', '1.3.1', '6.3.1', '4.1.3', '4.2.1', '3.6.1', '1.3.99', '1.17.1', '1.14.18']"
Carglumic acid,61,46,"['6.3.4', '4.2.3', '2.7.1', '3.1.3', '3.10.1', '4.2.2', '3.5.1', '6.3.2', '1.14.15', '1.14.13', '3.1.5', '1.1.1', '3.4.24', '3.2.1', '2.3.2', '3.4.15', '3.4.19', '1.7.3', '5.2.1', '1.14.11', '3.1.6', '1.3.8', '1.6.99', '1.14.99', '3.5.2', '1.2.1', '1.3.3', '3.4.11', '1.11.1', '1.14.14', '3.1.1', '1.5.1', '2.1.3', '3.5.3', '5.1.3', '1.17.99', '2.4.1', '1.3.1', '6.3.1', '4.1.3', '4.2.1', '3.6.1', '1.16.3', '1.3.99', '1.17.1', '1.14.18']"
Chenodeoxycholic acid,134,32,"['2.7.1', '3.1.3', '4.2.2', '1.14.19', '1.14.15', '1.14.13', '3.1.5', '1.1.1', '3.2.1', '3.4.15', '5.2.1', '1.1.3', '3.1.6', '1.3.8', '1.14.99', '1.2.1', '1.3.3', '1.11.1', '1.14.14', '3.1.1', '1.1.99', '5.1.3', '1.17.99', '2.4.1', '1.3.1', '4.1.3', '4.2.1', '3.6.1', '1.16.3', '1.3.99', '1.17.1', '1.14.18']"
Prussian blue,0,0,[]
Lanthanum carbonate,0,0,[]
Methenamine,1,1,['1.14.13']
Methylnaltrexone,71,39,"['1.22.1', '2.7.1', '3.1.3', '4.1.99', '4.2.2', '1.14.19', '3.8.1', '1.14.3', '1.21.1', '1.14.15', '1.14.13', '1.11.2', '3.1.5', '1.1.1', '3.2.1', '3.4.15', '3.1.6', '1.3.8', '1.14.99', '1.11.1', '1.3.3', '2.8.2', '1.14.14', '3.1.1', '1.14.16', '2.1.1', '1.1.99', '5.1.3', '1.17.99', '6.2.1', '2.4.1', '1.3.1', '4.2.1', '4.1.3', '3.6.1', '1.16.3', '1.3.99', '1.17.1', '1.14.18']"
Niclosamide,120,34,"['1.6.5', '1.97.1', '1.22.1', '1.2.7', '2.7.1', '3.1.3', '4.2.2', '1.14.19', '3.8.1', '1.14.3', '1.21.1', '1.14.13', '1.11.2', '1.10.3', '3.2.1', '1.7.1', '3.4.15', '3.1.6', '1.6.99', '1.14.99', '1.2.99', '1.11.1', '1.14.12', '2.8.2', '1.14.14', '3.1.1', '1.14.16', '1.8.99', '5.1.3', '1.3.98', '4.1.3', '4.2.1', '1.14.18', '1.12.99']"
Polidocanol,93,19,"['3.1.3', '1.14.19', '1.14.15', '1.14.13', '1.1.1', '3.2.1', '1.1.3', '3.1.6', '1.14.99', '1.2.1', '1.11.1', '1.14.14', '6.2.1', '2.4.1', '1.3.1', '4.2.1', '1.16.3', '1.3.99', '1.14.18']"
Pyrvinium,62,9,"['1.14.13', '2.6.1', '1.14.18', '1.14.12', '1.14.3', '1.14.14', '3.8.1', '1.13.11', '1.14.16']"
Raltegravir,44,23,"['1.22.1', '2.7.1', '3.1.3', '4.2.2', '3.8.1', '3.5.1', '1.14.3', '1.21.1', '1.14.13', '1.11.2', '1.14.15', '1.10.3', '3.2.1', '2.6.1', '3.4.15', '3.1.6', '2.8.2', '1.14.14', '1.14.16', '5.1.3', '4.1.3', '4.2.1', '1.14.18']"
Phenylbutyric acid,86,45,"['1.6.5', '1.22.1', '4.2.3', '2.7.1', '3.1.3', '4.2.2', '1.14.19', '3.8.1', '1.14.3', '1.21.1', '6.3.2', '1.14.13', '1.14.15', '1.11.2', '3.1.5', '1.1.1', '1.10.3', '3.2.1', '3.4.15', '3.4.19', '5.2.1', '1.13.11', '3.1.6', '1.3.8', '1.6.99', '1.14.99', '1.2.1', '1.3.3', '1.11.1', '3.4.11', '1.14.12', '1.14.14', '3.1.1', '1.14.16', '5.1.3', '1.17.99', '2.4.1', '1.3.1', '4.1.3', '4.2.1', '3.6.1', '1.16.3', '1.3.99', '1.17.1', '1.14.18']"
Tiopronin,30,36,"['6.3.4', '3.4.16', '2.7.1', '3.1.3', '4.2.3', '4.2.2', '3.4.13', '3.5.1', '5.1.1', '6.3.2', '1.14.13', '1.14.15', '3.1.5', '1.1.1', '2.6.1', '3.2.1', '1.8.1', '3.4.15', '3.4.19', '1.7.3', '5.2.1', '1.13.11', '3.1.6', '1.2.1', '1.11.1', '3.4.11', '1.14.14', '3.1.1', '5.1.3', '2.4.1', '1.3.1', '6.3.1', '4.1.3', '4.2.1', '3.6.1', '1.16.3']"
Triethylenetetramine,7,4,"['3.10.1', '1.14.13', '1.14.14', '1.4.3']"
Flavone,128,23,"['1.6.5', '1.22.1', '2.7.1', '4.2.2', '1.14.19', '3.8.1', '1.14.3', '1.21.1', '1.14.13', '1.11.2', '1.10.3', '3.2.1', '1.13.11', '1.14.99', '1.11.1', '1.14.12', '1.14.14', '3.1.1', '1.14.16', '5.1.3', '4.2.1', '4.1.3', '1.14.18']"
Sulthiame,34,23,"['1.22.1', '2.7.1', '4.2.2', '3.8.1', '1.21.1', '1.14.13', '1.14.15', '1.11.2', '1.10.3', '3.2.1', '3.4.15', '3.4.19', '1.14.99', '3.4.11', '1.14.14', '3.1.1', '1.14.16', '5.1.3', '1.3.1', '4.1.3', '4.2.1', '1.3.99', '1.14.18']"
Triclosan,102,28,"['1.6.5', '1.97.1', '1.22.1', '2.7.1', '3.1.3', '1.14.19', '3.8.1', '1.14.3', '1.21.1', '1.14.13', '1.11.2', '1.10.3', '3.2.1', '3.1.6', '1.11.1', '1.14.12', '2.8.2', '1.14.14', '1.14.16', '2.1.1', '5.1.3', '1.3.98', '2.4.1', '6.2.1', '4.1.3', '4.2.1', '3.6.1', '1.14.18']"
Thiamphenicol,61,41,"['6.3.4', '1.22.1', '4.2.3', '2.7.1', '3.1.3', '4.2.2', '3.4.13', '3.8.1', '3.5.1', '1.21.1', '6.3.2', '1.14.13', '1.14.15', '1.11.2', '3.1.5', '1.1.1', '1.10.3', '3.2.1', '3.3.2', '3.4.15', '3.4.19', '1.1.3', '3.1.6', '1.2.1', '1.11.1', '3.4.11', '1.14.12', '1.14.14', '1.14.16', '3.1.1', '1.5.1', '5.1.3', '2.4.1', '1.3.1', '6.3.1', '4.1.3', '4.2.1', '3.6.1', '1.16.3', '1.17.1', '1.14.18']"
Pipazethate,64,23,"['2.7.1', '4.2.2', '1.14.19', '3.8.1', '1.14.3', '1.14.13', '1.14.15', '1.11.2', '3.2.1', '3.4.15', '1.14.99', '1.14.12', '1.14.14', '1.2.3', '3.1.1', '5.1.3', '6.2.1', '1.3.1', '4.1.3', '4.2.1', '3.6.1', '1.3.99', '1.14.18']"
Salicylamide,63,33,"['1.6.5', '1.97.1', '1.22.1', '2.7.1', '3.10.1', '3.1.3', '4.2.2', '1.14.19', '3.8.1', '3.5.1', '1.14.3', '1.21.1', '6.3.2', '1.14.13', '1.11.2', '1.10.3', '3.2.1', '2.3.2', '3.4.15', '3.4.19', '3.1.6', '1.11.1', '3.4.11', '1.14.12', '2.8.2', '1.14.14', '3.1.1', '1.14.16', '5.1.3', '4.2.1', '6.3.1', '4.1.3', '1.14.18']"
Chloropyramine,34,8,"['1.14.13', '1.14.18', '1.3.98', '1.14.3', '1.14.19', '1.14.14', '3.8.1', '1.2.3']"
Dimetindene,59,14,"['1.14.13', '1.14.15', '1.11.2', '1.14.99', '3.2.1', '1.3.3', '1.14.18', '1.14.12', '1.14.3', '1.17.1', '1.14.14', '3.8.1', '1.2.3', '1.13.11']"
Isothipendyl,51,11,"['1.14.13', '1.11.2', '1.14.15', '3.2.1', '1.14.18', '1.14.12', '1.14.3', '1.14.14', '3.8.1', '1.2.3', '1.13.11']"
Cinitapride,88,39,"['1.22.1', '1.2.7', '2.7.1', '4.2.2', '1.14.19', '3.8.1', '3.5.1', '1.14.3', '1.21.1', '1.14.13', '1.14.15', '1.11.2', '1.1.1', '1.10.3', '3.2.1', '1.14.21', '1.7.1', '3.4.15', '1.13.11', '1.14.99', '1.2.99', '1.3.3', '1.14.12', '1.14.14', '3.1.1', '1.14.16', '2.1.1', '1.5.1', '5.1.3', '1.17.99', '6.2.1', '2.4.1', '1.3.1', '4.1.3', '4.2.1', '3.6.1', '1.3.99', '1.14.18', '1.12.99']"
Triflusal,63,39,"['1.6.5', '1.22.1', '2.7.1', '3.1.3', '4.2.2', '1.14.19', '3.8.1', '3.5.1', '1.14.3', '1.21.1', '1.14.13', '1.11.2', '1.14.15', '3.1.5', '1.1.1', '1.10.3', '3.2.1', '3.4.15', '5.2.1', '3.1.6', '1.14.99', '1.2.1', '1.11.1', '1.14.12', '3.1.2', '1.14.14', '3.1.1', '1.14.16', '4.1.1', '2.1.1', '5.1.3', '6.2.1', '2.4.1', '1.3.1', '4.1.3', '4.2.1', '3.6.1', '1.16.3', '1.14.18']"
Lurasidone,86,13,"['1.14.13', '1.14.15', '1.14.99', '1.1.1', '3.2.1', '1.2.1', '1.3.1', '1.14.3', '1.3.99', '1.14.19', '1.14.14', '3.8.1', '1.14.18']"
Ticagrelor,74,23,"['3.1.3', '3.8.1', '1.14.3', '1.14.15', '1.14.13', '1.11.2', '3.1.5', '1.1.1', '3.2.1', '3.3.2', '1.1.3', '3.1.6', '1.2.1', '1.11.1', '1.14.14', '1.1.99', '6.2.1', '2.4.1', '4.2.1', '1.3.1', '3.6.1', '1.16.3', '1.14.18']"
Hyaluronic acid,385,38,"['6.3.4', '2.4.2', '2.7.1', '3.1.3', '4.2.2', '3.4.13', '3.5.1', '6.3.2', '1.14.15', '1.14.13', '3.1.5', '1.1.1', '3.2.1', '3.3.2', '5.3.1', '3.4.15', '2.3.1', '5.2.1', '5.4.99', '1.1.3', '3.1.6', '1.14.99', '1.2.1', '1.11.1', '3.4.11', '1.14.14', '3.1.1', '1.1.99', '5.1.3', '6.2.1', '2.4.1', '4.2.1', '1.3.1', '4.1.3', '3.6.1', '6.3.1', '1.16.3', '1.14.18']"
Ivacaftor,83,22,"['1.22.1', '2.7.1', '3.1.3', '4.2.2', '3.8.1', '1.14.3', '1.21.1', '1.14.13', '1.11.2', '1.14.15', '1.10.3', '3.2.1', '3.4.15', '3.1.6', '1.14.99', '1.14.12', '2.8.2', '1.14.14', '5.1.3', '4.1.3', '4.2.1', '1.14.18']"
Azilsartan medoxomil,105,14,"['1.14.13', '2.1.1', '1.1.1', '3.2.1', '2.6.1', '6.2.1', '2.4.1', '1.14.3', '3.6.1', '4.2.2', '1.14.14', '3.8.1', '1.14.18', '3.1.1']"
Spinosad,0,0,[]
Deferiprone,23,32,"['1.6.5', '1.22.1', '2.7.1', '3.1.3', '4.2.2', '1.14.19', '3.8.1', '1.14.3', '1.21.1', '6.3.2', '1.14.13', '1.11.2', '1.14.15', '2.6.1', '3.2.1', '3.4.15', '3.4.19', '1.1.3', '3.1.6', '1.14.99', '1.11.1', '3.4.11', '1.14.12', '2.8.2', '1.14.14', '3.1.1', '1.14.16', '5.1.3', '4.1.3', '4.2.1', '1.17.1', '1.14.18']"
Lomitapide,72,18,"['6.3.4', '3.4.13', '1.14.19', '1.14.3', '3.8.1', '3.5.1', '6.3.2', '1.14.13', '1.14.15', '3.2.1', '1.14.99', '1.2.1', '3.4.11', '1.14.14', '1.3.1', '6.3.1', '1.3.99', '1.14.18']"
Vismodegib,67,12,"['1.21.1', '1.14.13', '1.11.2', '3.2.1', '1.14.18', '1.3.98', '1.3.1', '4.2.2', '1.14.19', '1.14.14', '3.8.1', '1.2.3']"
Tauroursodeoxycholic acid,150,34,"['6.3.4', '2.7.1', '3.1.3', '3.4.13', '1.14.19', '3.5.1', '6.3.2', '1.14.15', '1.14.13', '3.1.5', '1.1.1', '3.2.1', '3.4.15', '1.1.3', '3.1.6', '1.3.8', '1.14.99', '1.11.1', '1.3.3', '3.4.11', '1.14.14', '1.1.99', '5.1.3', '1.17.99', '2.4.1', '1.3.1', '4.1.3', '4.2.1', '3.6.1', '6.3.1', '1.16.3', '1.3.99', '1.17.1', '1.14.18']"
Acetylcarnitine,41,40,"['6.3.4', '3.4.16', '2.7.1', '4.2.2', '3.5.1', '6.3.2', '1.14.13', '1.14.15', '1.11.2', '1.1.1', '3.2.1', '3.4.15', '3.4.19', '2.3.1', '5.2.1', '1.14.11', '1.13.11', '1.14.99', '1.17.1', '1.5.99', '1.2.1', '3.4.11', '1.14.14', '1.2.3', '3.1.1', '4.1.1', '1.5.1', '1.1.99', '6.1.1', '5.1.3', '1.17.99', '6.2.1', '1.3.1', '6.3.1', '4.1.3', '3.6.1', '3.7.1', '4.2.1', '3.4.21', '1.14.18']"
Pitavastatin,128,35,"['1.22.1', '2.7.1', '3.1.3', '4.2.2', '3.8.1', '1.14.3', '1.21.1', '1.14.13', '1.14.15', '1.11.2', '3.1.5', '1.1.1', '1.10.3', '3.2.1', '5.2.1', '1.1.3', '3.1.6', '1.14.99', '1.2.1', '1.11.1', '1.14.12', '3.1.2', '1.14.14', '3.1.1', '1.1.99', '5.1.3', '1.17.99', '2.4.1', '4.2.1', '1.3.1', '4.1.3', '3.6.1', '1.16.3', '1.17.1', '1.14.18']"
Rilpivirine,33,11,"['4.3.1', '1.14.13', '4.99.1', '1.8.99', '2.6.1', '4.2.1', '3.5.5', '1.14.14', '3.8.1', '1.2.3', '1.14.18']"
Crizotinib,39,20,"['1.22.1', '1.14.19', '1.14.3', '3.8.1', '1.21.1', '1.14.13', '1.14.15', '1.11.2', '1.1.1', '1.10.3', '3.2.1', '1.14.14', '1.2.3', '1.14.16', '2.1.1', '1.3.98', '2.4.1', '6.2.1', '3.6.1', '1.14.18']"
Ulipristal,159,29,"['4.1.2', '3.1.3', '4.1.99', '4.2.2', '1.14.19', '3.8.1', '1.14.3', '5.3.3', '1.14.13', '1.14.15', '1.11.2', '3.1.5', '1.1.1', '3.2.1', '1.13.11', '1.1.3', '3.1.6', '1.3.8', '1.14.99', '1.3.3', '2.5.1', '1.14.14', '1.1.99', '1.17.99', '1.3.1', '4.2.1', '1.3.99', '1.17.1', '1.14.18']"
Fingolimod,82,33,"['1.22.1', '2.7.1', '3.1.3', '3.10.1', '1.14.19', '3.8.1', '1.14.3', '1.21.1', '1.14.13', '1.14.15', '1.11.2', '3.1.5', '1.1.1', '1.10.3', '3.2.1', '3.3.2', '1.1.3', '3.1.6', '1.14.99', '1.2.1', '1.11.1', '1.14.14', '1.14.16', '5.1.3', '2.4.1', '1.3.1', '4.1.3', '4.2.1', '3.6.1', '1.16.3', '1.3.99', '1.17.1', '1.14.18']"
Gabapentin enacarbil,80,38,"['3.4.16', '2.7.1', '3.1.3', '4.2.2', '1.14.19', '6.3.2', '1.14.15', '1.14.13', '3.1.5', '1.1.1', '3.2.1', '3.4.15', '3.4.19', '2.3.1', '5.2.1', '5.4.99', '3.1.6', '1.3.8', '1.14.99', '1.17.1', '1.2.1', '1.11.1', '3.4.11', '1.14.12', '1.14.14', '3.1.1', '5.1.3', '1.17.99', '6.2.1', '2.4.1', '1.3.1', '4.1.3', '4.2.1', '3.6.1', '1.16.3', '1.3.99', '3.4.21', '1.14.18']"
Boceprevir,90,24,"['6.3.4', '2.7.1', '3.4.13', '1.14.19', '3.5.1', '6.3.2', '1.14.15', '1.14.13', '1.1.1', '3.2.1', '3.4.15', '1.14.99', '3.4.11', '1.14.14', '1.13.12', '1.4.3', '1.1.99', '5.1.3', '4.2.1', '1.3.1', '4.1.3', '6.3.1', '1.3.99', '1.14.18']"
Fidaxomicin,240,32,"['3.4.16', '3.1.3', '4.2.2', '1.14.19', '3.8.1', '1.14.15', '1.14.13', '1.1.1', '3.2.1', '1.14.21', '3.3.2', '2.3.1', '5.4.99', '1.1.3', '3.1.6', '1.3.8', '1.14.99', '1.2.1', '1.3.3', '1.11.1', '1.14.14', '3.1.1', '3.4.21', '1.1.99', '1.17.99', '6.2.1', '2.4.1', '1.3.1', '4.2.1', '1.16.3', '1.17.1', '1.14.18']"
Cabozantinib,74,27,"['2.7.1', '4.2.2', '3.8.1', '3.5.1', '1.14.3', '1.14.13', '1.14.15', '1.11.2', '3.2.1', '2.3.2', '3.3.2', '3.4.19', '3.4.22', '3.4.11', '1.14.14', '1.2.3', '3.1.1', '2.1.1', '5.1.3', '6.2.1', '2.4.1', '4.1.3', '6.3.1', '4.2.1', '3.6.1', '3.4.21', '1.14.18']"
Ruxolitinib,38,16,"['4.3.1', '1.14.13', '1.14.15', '1.11.2', '4.99.1', '1.14.18', '4.2.1', '1.3.1', '1.3.99', '3.5.5', '1.14.19', '1.17.1', '1.14.14', '3.8.1', '1.13.11', '1.14.16']"
Teriflunomide,45,42,"['1.6.5', '1.22.1', '2.7.1', '3.1.3', '4.2.2', '3.5.5', '1.14.19', '3.8.1', '3.5.1', '1.14.3', '1.21.1', '4.3.1', '1.14.13', '1.11.2', '1.14.15', '3.1.5', '1.1.1', '1.10.3', '3.2.1', '2.3.2', '3.3.2', '3.4.19', '3.4.15', '3.4.22', '3.1.6', '1.11.1', '3.4.11', '1.14.12', '1.14.14', '3.1.1', '1.14.16', '4.99.1', '1.8.99', '5.1.3', '2.4.1', '4.2.1', '6.3.1', '4.1.3', '3.6.1', '1.16.3', '3.4.21', '1.14.18']"
Vemurafenib,58,13,"['1.14.13', '1.14.15', '3.2.1', '1.14.18', '1.3.98', '1.14.3', '1.13.12', '3.4.15', '1.14.19', '1.14.14', '3.8.1', '1.2.3', '1.13.11']"
Linagliptin,62,16,"['1.14.13', '1.14.15', '1.14.99', '1.11.2', '3.8.1', '2.6.1', '3.2.1', '1.14.12', '1.3.1', '1.14.3', '3.4.15', '1.3.99', '1.14.19', '1.14.14', '1.13.12', '1.14.18']"
Perampanel,82,10,"['1.14.13', '1.11.2', '3.2.1', '1.14.18', '1.14.12', '1.14.3', '4.2.2', '1.14.14', '3.8.1', '1.2.3']"
Icosapent ethyl,212,26,"['3.4.16', '1.14.19', '5.3.3', '6.3.2', '1.14.15', '1.14.13', '1.1.1', '1.10.3', '3.2.1', '2.3.1', '5.2.1', '1.14.11', '1.13.11', '1.3.8', '1.6.99', '1.14.99', '1.3.3', '1.14.14', '3.1.1', '1.17.99', '6.2.1', '1.3.1', '4.2.1', '1.3.99', '3.4.21', '1.14.18']"
Linaclotide,150,35,"['6.3.4', '3.4.16', '3.1.3', '3.4.13', '1.14.19', '3.8.1', '3.5.1', '1.14.3', '1.6.4', '6.3.2', '1.14.13', '1.14.15', '1.1.1', '3.4.24', '1.8.1', '3.2.1', '3.4.19', '3.4.15', '1.1.3', '1.8.4', '3.1.6', '1.3.8', '1.14.99', '1.11.1', '1.3.3', '3.4.11', '1.2.1', '1.14.14', '3.4.21', '1.17.99', '1.3.1', '6.3.1', '1.3.99', '1.17.1', '1.14.18']"
Mirabegron,69,36,"['1.22.1', '2.7.1', '3.1.3', '4.2.2', '3.8.1', '3.5.1', '1.14.3', '1.21.1', '1.14.13', '1.11.2', '3.1.5', '1.1.1', '1.10.3', '3.2.1', '2.3.2', '3.3.2', '3.4.19', '3.4.15', '3.4.22', '3.1.6', '1.11.1', '3.4.11', '1.14.14', '3.1.1', '1.14.16', '3.4.21', '5.1.3', '2.4.1', '1.3.1', '6.3.1', '4.1.3', '4.2.1', '3.6.1', '1.16.3', '1.17.1', '1.14.18']"
Tofacitinib,41,22,"['2.7.1', '3.5.5', '3.8.1', '1.14.3', '4.3.1', '1.14.13', '1.14.15', '1.11.2', '1.1.1', '3.2.1', '3.4.15', '1.13.11', '1.14.14', '1.14.16', '4.99.1', '5.1.3', '1.17.99', '4.2.1', '1.3.1', '4.1.3', '1.17.1', '1.14.18']"
Regorafenib,87,25,"['1.22.1', '2.7.1', '4.2.2', '1.14.19', '3.8.1', '3.5.1', '1.14.3', '1.21.1', '1.14.13', '1.11.2', '1.10.3', '3.2.1', '3.4.15', '1.3.3', '1.14.14', '1.2.3', '2.1.1', '5.1.3', '1.3.98', '2.4.1', '6.2.1', '4.1.3', '4.2.1', '3.6.1', '1.14.18']"
Enzalutamide,43,10,"['1.14.13', '1.11.2', '1.14.15', '1.2.1', '3.2.1', '1.14.3', '1.14.14', '3.8.1', '3.5.1', '1.14.18']"
Ponatinib,29,7,"['1.14.13', '2.6.1', '3.2.1', '1.14.3', '1.14.14', '3.8.1', '1.14.18']"
Bedaquiline,83,16,"['1.97.1', '1.14.15', '1.14.13', '2.1.1', '3.1.5', '3.2.1', '3.1.3', '1.14.18', '2.4.1', '1.14.3', '6.2.1', '3.6.1', '1.14.14', '3.8.1', '1.2.3', '3.1.6']"
Fluticasone furoate,104,34,"['3.1.3', '4.2.2', '1.14.19', '1.14.3', '3.5.1', '6.3.2', '1.14.13', '1.14.15', '1.11.2', '3.1.5', '1.1.1', '3.2.1', '2.3.1', '1.1.3', '3.1.6', '1.3.8', '1.14.99', '1.2.1', '1.3.3', '1.11.1', '3.1.2', '1.14.14', '3.1.1', '1.1.99', '1.17.99', '6.2.1', '2.4.1', '2.8.3', '1.3.1', '4.2.1', '2.7.2', '1.16.3', '1.3.99', '1.14.18']"
Canagliflozin,92,29,"['2.7.1', '3.1.3', '3.8.1', '1.14.3', '1.14.15', '1.14.13', '1.11.2', '3.1.5', '1.1.1', '2.6.1', '3.2.1', '3.3.2', '5.4.99', '1.1.3', '3.1.6', '1.2.1', '1.11.1', '1.14.14', '1.13.12', '1.1.99', '5.1.3', '6.2.1', '2.4.1', '4.2.1', '1.3.1', '4.1.3', '3.6.1', '1.16.3', '1.14.18']"
Dimethyl fumarate,12,20,"['3.4.16', '2.7.1', '4.2.2', '3.5.1', '6.3.2', '1.14.13', '1.1.1', '3.2.1', '3.4.15', '3.4.19', '2.3.1', '1.6.99', '1.14.99', '3.4.11', '3.1.1', '5.1.3', '1.3.1', '4.1.3', '4.2.1', '3.4.21']"
Glycerol phenylbutyrate,164,24,"['3.4.16', '4.2.2', '1.14.19', '3.8.1', '1.14.3', '6.3.2', '1.14.15', '1.14.13', '1.1.1', '3.2.1', '2.3.1', '1.3.8', '1.14.99', '1.17.1', '1.3.3', '1.14.12', '1.14.14', '3.1.1', '1.17.99', '6.2.1', '1.3.1', '1.3.99', '3.4.21', '1.14.18']"
Pomalidomide,81,38,"['6.3.4', '1.22.1', '2.7.1', '3.5.4', '4.2.2', '3.4.13', '1.14.19', '3.8.1', '3.5.1', '1.21.1', '6.3.2', '1.14.13', '1.14.15', '1.11.2', '1.1.1', '3.2.1', '1.7.1', '3.4.15', '3.4.19', '1.3.8', '1.14.99', '3.5.2', '1.3.3', '3.4.11', '1.14.12', '1.14.14', '3.1.1', '1.14.16', '1.8.99', '5.1.3', '1.17.99', '1.3.1', '6.3.1', '4.1.3', '4.2.1', '1.3.99', '1.17.1', '1.14.18']"
Trametinib,135,25,"['1.22.1', '4.2.2', '3.8.1', '3.5.1', '1.14.3', '1.21.1', '1.14.13', '1.14.15', '1.11.2', '2.6.1', '3.2.1', '2.3.2', '3.3.2', '1.7.1', '3.4.19', '3.4.22', '1.14.99', '1.2.1', '1.11.1', '3.4.11', '1.14.14', '3.1.1', '6.3.1', '3.4.21', '1.14.18']"
Dabrafenib,38,10,"['1.14.13', '1.14.15', '1.1.1', '3.2.1', '1.6.6', '3.5.4', '1.7.1', '1.14.14', '3.8.1', '1.14.18']"
Afatinib,48,36,"['2.7.1', '4.2.2', '1.14.19', '3.8.1', '3.5.1', '1.14.3', '1.14.13', '1.14.15', '1.11.2', '1.1.1', '3.2.1', '2.3.2', '3.3.2', '3.4.19', '3.4.15', '3.4.22', '1.3.8', '1.14.99', '1.3.3', '3.4.11', '1.14.14', '3.1.1', '2.1.1', '5.1.3', '1.17.99', '1.3.98', '2.4.1', '6.2.1', '1.3.1', '4.2.1', '6.3.1', '4.1.3', '3.6.1', '1.3.99', '3.4.21', '1.14.18']"
Levomilnacipran,45,22,"['1.22.1', '2.7.1', '3.8.1', '1.14.3', '1.21.1', '1.14.15', '1.14.13', '1.11.2', '1.1.1', '1.10.3', '3.2.1', '3.4.15', '3.4.19', '1.14.12', '1.14.14', '3.1.1', '1.14.16', '1.4.3', '5.1.3', '4.1.3', '4.2.1', '1.14.18']"
Dolutegravir,62,29,"['1.22.1', '2.7.1', '3.1.3', '4.2.2', '1.14.19', '3.8.1', '3.5.1', '1.14.3', '1.21.1', '1.14.13', '1.14.15', '1.11.2', '1.10.3', '3.2.1', '3.4.15', '3.1.6', '1.14.12', '2.8.2', '1.14.14', '3.1.1', '1.14.16', '4.1.1', '5.1.3', '6.2.1', '1.3.1', '4.1.3', '4.2.1', '3.6.1', '1.14.18']"
Riociguat,55,23,"['6.3.4', '2.7.1', '3.1.3', '3.5.4', '4.2.2', '1.14.3', '3.8.1', '1.14.13', '1.11.2', '1.1.1', '3.2.1', '1.7.1', '3.4.15', '1.14.12', '1.14.14', '1.2.3', '3.1.1', '5.1.3', '6.2.1', '4.1.3', '4.2.1', '3.6.1', '1.14.18']"
Macitentan,34,20,"['1.97.1', '2.7.1', '4.2.2', '1.14.3', '3.8.1', '1.14.13', '1.14.15', '1.11.2', '3.2.1', '3.4.15', '1.14.14', '3.1.1', '2.1.1', '5.1.3', '6.2.1', '2.4.1', '4.1.3', '4.2.1', '3.6.1', '1.14.18']"
Sofosbuvir,109,39,"['1.22.1', '2.4.2', '3.4.16', '2.7.1', '3.1.3', '3.1.8', '4.2.2', '3.8.1', '1.14.3', '1.21.1', '6.3.2', '1.14.15', '1.14.13', '1.11.2', '3.1.5', '1.1.1', '1.10.3', '3.2.1', '3.4.15', '2.3.1', '1.1.3', '3.1.6', '1.11.1', '1.14.14', '3.1.1', '3.2.2', '2.1.1', '1.1.99', '5.1.3', '6.2.1', '2.4.1', '4.2.1', '1.3.1', '4.1.3', '2.7.4', '3.6.1', '1.16.3', '3.4.21', '1.14.18']"
Chlorcyclizine,49,9,"['1.14.13', '1.14.18', '1.3.98', '1.14.12', '1.14.3', '1.14.19', '1.14.14', '3.8.1', '1.13.11']"
Isoxsuprine,96,34,"['1.6.5', '1.22.1', '2.7.1', '3.1.3', '1.14.19', '3.8.1', '1.14.3', '1.21.1', '1.14.13', '1.11.2', '1.14.15', '3.1.5', '1.1.1', '1.10.3', '3.2.1', '1.13.11', '3.1.6', '1.11.1', '1.14.12', '2.8.2', '1.14.14', '1.14.16', '2.1.1', '1.5.1', '5.1.3', '6.2.1', '2.4.1', '1.3.1', '4.1.3', '4.2.1', '3.6.1', '1.16.3', '1.17.1', '1.14.18']"
Iopanoic acid,56,39,"['1.6.5', '1.22.1', '2.7.1', '3.1.3', '3.5.4', '4.2.2', '1.14.19', '3.8.1', '1.14.3', '1.21.1', '6.3.2', '1.14.13', '1.14.15', '1.11.2', '3.1.5', '1.1.1', '3.2.1', '1.7.1', '3.4.15', '3.4.19', '5.2.1', '3.1.6', '1.2.1', '1.11.1', '3.4.11', '1.14.12', '1.14.14', '3.1.1', '1.14.16', '1.8.99', '5.1.3', '2.4.1', '1.3.1', '4.1.3', '4.2.1', '3.6.1', '1.16.3', '1.17.1', '1.14.18']"
Iopamidol,50,42,"['1.22.1', '4.2.3', '2.7.1', '3.1.3', '4.2.2', '3.8.1', '3.5.1', '1.21.1', '1.14.15', '1.14.13', '3.1.5', '1.1.1', '2.6.1', '3.2.1', '2.3.2', '3.3.2', '3.4.19', '3.4.15', '3.4.22', '1.1.3', '3.1.6', '1.2.1', '1.11.1', '3.4.11', '2.5.1', '1.14.14', '3.1.1', '3.4.21', '1.5.1', '1.1.99', '1.8.99', '5.1.3', '1.17.99', '2.4.1', '4.2.1', '6.3.1', '1.3.1', '4.1.3', '3.6.1', '1.16.3', '1.17.1', '1.14.18']"
Inositol nicotinate,10,10,"['1.14.13', '1.1.1', '3.2.1', '6.2.1', '1.14.3', '4.2.2', '1.14.14', '3.8.1', '1.14.18', '3.1.1']"
Hexetidine,32,9,"['1.14.15', '1.14.13', '1.14.99', '3.2.1', '1.3.1', '1.3.99', '1.14.19', '1.14.14', '1.14.18']"
Fursultiamine,61,38,"['6.3.4', '2.7.1', '3.1.3', '3.5.4', '4.2.2', '1.14.19', '3.8.1', '1.6.4', '1.14.15', '1.14.13', '3.1.5', '1.1.1', '2.6.1', '3.2.1', '1.8.1', '1.7.1', '3.4.15', '1.13.11', '1.1.3', '1.8.4', '3.1.6', '1.14.99', '1.11.1', '1.2.1', '1.14.14', '1.2.3', '3.1.1', '5.1.3', '1.8.98', '6.2.1', '2.4.1', '1.3.1', '4.1.3', '4.2.1', '3.6.1', '1.16.3', '1.3.99', '1.14.18']"
Fluocortolone,111,30,"['2.7.1', '3.1.3', '4.2.2', '1.14.19', '1.14.13', '1.14.15', '3.1.5', '1.1.1', '3.2.1', '5.3.1', '1.1.3', '3.1.6', '1.3.8', '1.14.99', '1.2.1', '1.3.3', '1.11.1', '1.14.14', '3.1.1', '1.1.99', '5.1.3', '1.17.99', '2.4.1', '1.3.1', '4.2.1', '4.1.3', '3.6.1', '1.16.3', '1.3.99', '1.14.18']"
Flubendazole,62,21,"['1.22.1', '2.7.1', '4.2.2', '3.8.1', '1.21.1', '1.14.13', '1.11.2', '1.1.1', '1.10.3', '3.2.1', '3.4.15', '1.14.12', '1.14.14', '1.13.12', '3.1.1', '5.1.3', '6.2.1', '4.1.3', '4.2.1', '3.6.1', '1.14.18']"
Floctafenine,103,36,"['1.22.1', '2.7.1', '3.1.3', '4.2.2', '3.8.1', '1.14.3', '1.21.1', '1.14.13', '1.14.15', '1.11.2', '3.1.5', '1.1.1', '1.10.3', '3.2.1', '3.3.2', '3.4.15', '5.4.99', '1.1.3', '3.1.6', '1.2.1', '1.11.1', '1.14.12', '2.5.1', '1.14.14', '1.2.3', '3.1.1', '1.1.99', '5.1.3', '6.2.1', '2.4.1', '4.2.1', '1.3.1', '4.1.3', '3.6.1', '1.16.3', '1.14.18']"
Etofibrate,73,33,"['1.22.1', '3.4.16', '2.7.1', '4.2.2', '1.14.19', '3.8.1', '1.14.3', '1.21.1', '6.3.2', '1.14.13', '1.11.2', '1.14.15', '1.1.1', '1.10.3', '3.2.1', '3.4.15', '2.3.1', '1.14.12', '1.14.14', '1.2.3', '3.1.1', '1.14.16', '2.1.1', '5.1.3', '1.3.98', '2.4.1', '6.2.1', '1.3.1', '4.1.3', '4.2.1', '3.6.1', '3.4.21', '1.14.18']"
Etofenamate,109,31,"['1.22.1', '2.7.1', '3.1.3', '4.2.2', '3.8.1', '1.14.3', '1.21.1', '1.14.13', '1.14.15', '1.11.2', '3.1.5', '1.1.1', '1.10.3', '3.2.1', '3.4.15', '1.1.3', '3.1.6', '1.2.1', '1.11.1', '1.14.12', '1.14.14', '1.14.16', '3.1.1', '5.1.3', '6.2.1', '2.4.1', '4.1.3', '4.2.1', '3.6.1', '1.16.3', '1.14.18']"
Etilefrine,69,32,"['1.6.5', '1.97.1', '1.22.1', '4.2.3', '2.7.1', '3.1.3', '1.14.19', '3.8.1', '1.14.3', '1.21.1', '1.14.13', '1.11.2', '1.14.15', '3.1.5', '1.1.1', '1.10.3', '3.2.1', '3.1.6', '1.11.1', '1.14.12', '2.8.2', '1.14.14', '1.14.16', '5.1.3', '2.4.1', '1.3.1', '4.1.3', '4.2.1', '3.6.1', '1.16.3', '1.17.1', '1.14.18']"
Etifoxine,43,15,"['1.14.13', '1.11.2', '1.14.15', '1.13.11', '1.1.1', '3.2.1', '1.3.98', '6.2.1', '1.14.12', '3.6.1', '1.14.19', '1.14.14', '3.8.1', '1.14.18', '1.14.16']"
Ethoheptazine,60,33,"['1.22.1', '3.4.16', '2.7.1', '4.2.2', '1.14.19', '3.8.1', '1.14.3', '1.21.1', '6.3.2', '1.14.13', '1.14.15', '1.11.2', '1.1.1', '1.10.3', '3.2.1', '3.4.15', '3.4.19', '2.3.1', '1.14.11', '1.14.99', '1.14.12', '1.14.14', '3.1.1', '1.14.16', '5.1.3', '6.2.1', '1.3.1', '4.1.3', '4.2.1', '3.6.1', '1.3.99', '3.4.21', '1.14.18']"
Eperisone,47,23,"['1.22.1', '4.2.2', '1.14.19', '3.8.1', '1.14.3', '1.21.1', '1.14.13', '1.14.15', '1.11.2', '1.1.1', '1.10.3', '3.2.1', '2.6.1', '3.4.15', '1.14.99', '1.14.14', '3.1.1', '1.14.16', '1.3.1', '3.7.1', '1.3.99', '1.17.1', '1.14.18']"
Diosmin,204,39,"['1.22.1', '2.7.1', '3.1.3', '4.2.2', '1.14.19', '3.8.1', '1.14.3', '1.21.1', '1.14.15', '1.14.13', '1.11.2', '3.1.5', '1.1.1', '1.10.3', '3.2.1', '1.14.21', '3.3.2', '2.3.1', '5.4.99', '1.1.3', '3.1.6', '1.14.99', '1.11.1', '1.14.12', '2.8.2', '1.14.14', '3.1.1', '2.1.1', '1.1.99', '5.1.3', '5.4.1', '2.4.1', '6.2.1', '4.2.1', '1.3.1', '4.1.3', '3.6.1', '1.16.3', '1.14.18']"
Cloperastine,50,16,"['1.14.13', '1.14.15', '1.14.99', '3.2.1', '1.3.98', '6.2.1', '1.14.12', '1.3.1', '1.14.3', '3.6.1', '1.3.99', '1.14.19', '1.14.14', '3.8.1', '1.14.18', '1.14.16']"
Clobutinol,44,25,"['1.22.1', '3.1.3', '1.14.19', '3.8.1', '1.14.3', '1.21.1', '1.14.15', '1.14.13', '1.11.2', '3.1.5', '1.10.3', '3.2.1', '3.1.6', '1.11.1', '1.14.12', '1.14.14', '1.14.16', '1.3.98', '2.4.1', '1.3.1', '4.2.1', '3.6.1', '1.16.3', '1.17.1', '1.14.18']"
Carbazochrome,45,31,"['2.7.1', '3.1.3', '3.10.1', '4.2.2', '1.14.15', '1.14.13', '3.1.5', '1.1.1', '3.2.1', '2.3.2', '3.4.15', '3.4.19', '1.1.3', '3.1.6', '1.14.99', '1.11.1', '3.4.11', '1.14.12', '1.14.14', '3.1.1', '1.1.99', '5.1.3', '2.4.1', '1.3.1', '4.2.1', '6.3.1', '4.1.3', '3.7.1', '3.6.1', '1.16.3', '1.14.18']"
Canrenoic acid,163,35,"['2.7.1', '3.1.3', '4.1.99', '4.2.2', '1.14.19', '1.14.15', '1.14.13', '3.1.5', '1.1.1', '3.2.1', '3.4.15', '5.2.1', '1.1.3', '3.1.6', '1.3.8', '1.14.99', '1.2.1', '1.3.3', '1.11.1', '1.14.14', '3.1.1', '1.1.99', '5.1.3', '1.17.99', '2.4.1', '1.3.1', '4.2.1', '4.1.3', '3.7.1', '3.6.1', '2.7.2', '1.3.99', '1.16.3', '1.17.1', '1.14.18']"
Brotizolam,40,10,"['1.14.13', '1.11.2', '2.6.1', '1.14.18', '1.3.98', '1.14.12', '1.14.19', '1.14.14', '3.8.1', '1.13.11']"
Bromopride,41,33,"['1.97.1', '1.22.1', '2.7.1', '3.5.4', '4.2.2', '1.14.19', '3.8.1', '3.5.1', '1.14.3', '1.21.1', '1.14.13', '1.11.2', '1.14.15', '1.1.1', '1.10.3', '3.2.1', '3.3.2', '1.7.1', '3.4.15', '3.4.19', '1.14.12', '1.14.14', '3.1.1', '1.14.16', '2.1.1', '1.8.99', '5.1.3', '6.2.1', '2.4.1', '4.1.3', '4.2.1', '3.6.1', '1.14.18']"
Bromhexine,34,18,"['1.97.1', '1.22.1', '1.14.19', '1.14.3', '3.8.1', '1.21.1', '1.14.13', '1.14.15', '1.11.2', '1.1.1', '1.7.1', '1.14.99', '1.14.14', '1.14.16', '1.8.99', '1.3.1', '1.3.99', '1.14.18']"
Bisacodyl,73,31,"['1.22.1', '2.7.1', '4.2.2', '1.14.19', '3.8.1', '1.14.3', '1.21.1', '1.14.13', '1.11.2', '1.14.15', '1.1.1', '1.10.3', '3.2.1', '1.14.99', '1.11.1', '1.2.1', '1.3.3', '1.14.12', '3.1.2', '1.14.14', '1.2.3', '3.1.1', '2.1.1', '5.1.3', '6.2.1', '2.4.1', '4.1.3', '4.2.1', '3.6.1', '1.17.1', '1.14.18']"
Aliskiren,112,37,"['6.3.4', '2.7.1', '3.1.3', '4.2.2', '1.14.19', '3.4.13', '3.8.1', '3.5.1', '1.14.3', '6.3.2', '1.14.13', '1.14.15', '1.11.2', '3.1.5', '1.1.1', '3.2.1', '3.4.15', '1.1.3', '3.1.6', '1.11.1', '3.4.11', '1.14.14', '1.13.12', '3.1.1', '2.1.1', '1.1.99', '5.1.3', '6.2.1', '2.4.1', '1.3.1', '4.1.3', '4.2.1', '3.6.1', '6.3.1', '1.16.3', '1.17.1', '1.14.18']"
Ledipasvir,61,12,"['1.14.15', '1.14.13', '1.14.99', '3.2.1', '6.2.1', '1.3.1', '1.14.3', '1.14.19', '1.14.14', '3.8.1', '1.14.18', '3.1.1']"
Vorapaxar,111,26,"['3.4.16', '2.7.1', '4.2.2', '1.14.19', '3.8.1', '1.14.3', '1.14.13', '1.14.15', '1.11.2', '1.1.1', '3.2.1', '3.4.15', '2.3.1', '1.14.99', '1.14.14', '1.2.3', '3.1.1', '5.1.3', '6.2.1', '1.3.1', '4.1.3', '4.2.1', '3.6.1', '1.3.99', '3.4.21', '1.14.18']"
Miltefosine,138,25,"['3.1.3', '3.1.8', '3.6.2', '1.14.19', '2.7.7', '1.14.15', '1.14.13', '3.2.1', '1.8.1', '3.4.24', '3.4.15', '2.3.1', '1.14.99', '2.8.2', '1.14.14', '3.1.4', '3.1.1', '3.6.5', '1.8.99', '6.2.1', '1.3.1', '3.6.4', '3.6.1', '1.3.99', '1.14.18']"
Suvorexant,47,11,"['1.14.13', '1.14.15', '1.14.99', '2.6.1', '3.2.1', '1.3.98', '1.14.3', '1.14.19', '1.14.14', '3.8.1', '1.14.18']"
Empagliflozin,101,32,"['2.7.1', '3.1.3', '1.14.19', '3.8.1', '1.14.3', '1.14.15', '1.14.13', '1.11.2', '3.1.5', '1.1.1', '3.2.1', '3.3.2', '5.4.99', '1.1.3', '3.1.6', '1.2.1', '1.11.1', '2.5.1', '1.14.14', '1.13.12', '2.1.1', '1.1.99', '5.1.3', '1.3.98', '2.4.1', '6.2.1', '4.2.1', '1.3.1', '4.1.3', '3.6.1', '1.16.3', '1.14.18']"
Eliglustat,105,43,"['6.3.4', '1.22.1', '2.7.1', '3.1.3', '4.2.2', '3.4.13', '1.14.19', '3.8.1', '3.5.1', '1.14.3', '1.21.1', '6.3.2', '1.14.13', '1.14.15', '1.11.2', '3.1.5', '1.1.1', '1.10.3', '3.2.1', '3.4.15', '3.1.6', '1.3.8', '1.14.99', '1.11.1', '1.3.3', '3.4.11', '1.14.14', '3.1.1', '2.1.1', '1.5.1', '5.1.3', '1.17.99', '6.2.1', '2.4.1', '1.3.1', '6.3.1', '4.1.3', '4.2.1', '3.6.1', '1.16.3', '1.3.99', '1.17.1', '1.14.18']"
Tedizolid phosphate,44,22,"['1.22.1', '2.7.1', '3.1.3', '4.2.2', '1.14.3', '3.8.1', '1.21.1', '1.14.13', '1.11.2', '1.10.3', '3.2.1', '3.4.15', '1.14.14', '1.2.3', '3.1.4', '3.1.1', '5.1.3', '6.2.1', '4.1.3', '4.2.1', '3.6.1', '1.14.18']"
Netupitant,30,9,"['1.14.13', '2.6.1', '1.2.1', '3.2.1', '3.1.3', '1.14.3', '1.14.14', '3.8.1', '1.14.18']"
Naloxegol,49,24,"['3.1.3', '4.1.99', '1.14.19', '3.8.1', '1.14.3', '1.14.15', '1.14.13', '1.11.2', '3.1.5', '3.2.1', '3.1.6', '1.14.99', '1.11.1', '1.14.14', '2.1.1', '6.2.1', '2.4.1', '1.3.1', '4.2.1', '3.6.1', '1.16.3', '1.3.99', '1.17.1', '1.14.18']"
Ibrutinib,64,21,"['6.3.4', '3.5.4', '1.14.19', '1.14.3', '3.8.1', '1.14.13', '1.14.15', '1.1.1', '3.2.1', '3.4.15', '1.14.99', '1.2.1', '1.14.14', '2.1.1', '6.2.1', '2.4.1', '1.3.1', '4.2.1', '3.6.1', '1.3.99', '1.14.18']"
Idelalisib,76,18,"['1.22.1', '2.7.1', '3.8.1', '1.21.1', '1.14.13', '1.14.15', '1.11.2', '1.1.1', '1.10.3', '3.2.1', '3.4.15', '1.14.12', '1.14.14', '5.1.3', '4.1.3', '4.2.1', '1.17.1', '1.14.18']"
Acipimox,25,33,"['4.2.3', '2.7.1', '3.1.3', '4.2.2', '3.5.1', '6.3.2', '1.14.13', '1.14.15', '1.13.99', '3.1.5', '1.1.1', '2.6.1', '3.2.1', '3.4.15', '3.4.19', '1.7.3', '1.1.3', '3.1.6', '1.14.99', '1.2.1', '1.11.1', '3.4.11', '1.14.12', '1.14.14', '1.2.3', '3.1.1', '5.1.3', '2.4.1', '4.1.3', '4.2.1', '3.6.1', '1.16.3', '1.17.1']"
Cannabidiol,88,30,"['1.6.5', '1.97.1', '1.22.1', '5.5.1', '3.1.3', '1.14.19', '3.8.1', '1.14.3', '1.21.1', '5.3.3', '1.14.13', '1.14.15', '1.11.2', '1.1.1', '3.2.1', '1.14.11', '1.13.11', '3.1.6', '1.14.99', '1.11.1', '2.8.2', '1.14.14', '1.14.16', '1.17.99', '1.3.1', '4.2.1', '3.7.1', '1.3.99', '1.17.1', '1.14.18']"
Ceritinib,56,15,"['1.14.13', '1.14.15', '2.1.1', '2.6.1', '3.2.1', '1.3.98', '2.4.1', '6.2.1', '1.14.3', '3.4.15', '3.6.1', '1.14.19', '1.14.14', '3.8.1', '1.14.18']"
Ciprofibrate,50,34,"['1.6.5', '1.22.1', '2.7.1', '3.1.3', '4.2.2', '1.14.19', '3.8.1', '1.14.3', '1.21.1', '1.14.15', '1.14.13', '1.11.2', '3.1.5', '1.1.1', '1.10.3', '3.2.1', '5.2.1', '3.1.6', '1.2.1', '1.11.1', '1.14.12', '1.14.14', '3.1.1', '1.14.16', '2.1.1', '5.1.3', '6.2.1', '2.4.1', '1.3.1', '4.1.3', '4.2.1', '3.6.1', '1.16.3', '1.14.18']"
Cobicistat,43,19,"['6.3.4', '3.4.13', '1.14.19', '1.14.3', '3.8.1', '3.5.1', '6.3.2', '1.14.13', '1.14.15', '3.2.1', '1.14.99', '3.4.11', '1.14.14', '6.2.1', '1.3.1', '6.3.1', '3.6.1', '1.3.99', '1.14.18']"
Vortioxetine,54,9,"['1.14.13', '1.11.2', '2.6.1', '1.14.12', '1.14.3', '1.14.14', '3.8.1', '1.14.18', '1.14.16']"
Trimetazidine,31,15,"['1.21.1', '1.14.13', '1.22.1', '2.1.1', '1.11.2', '3.2.1', '6.2.1', '2.4.1', '1.14.3', '3.3.2', '3.6.1', '1.14.14', '3.8.1', '1.14.18', '1.14.16']"
Tibolone,109,29,"['3.1.3', '4.1.99', '4.2.2', '1.14.19', '5.3.3', '1.14.15', '1.14.13', '3.1.5', '1.1.1', '3.2.1', '1.14.21', '1.13.11', '3.1.6', '1.3.8', '1.14.99', '1.11.1', '1.3.3', '1.14.12', '1.14.14', '3.1.1', '1.1.99', '1.17.99', '2.4.1', '1.3.1', '4.2.1', '1.16.3', '1.3.99', '1.17.1', '1.14.18']"
Tasimelteon,49,35,"['6.3.4', '1.22.1', '2.7.1', '4.2.2', '3.4.13', '3.8.1', '3.5.1', '1.14.3', '1.21.1', '6.3.2', '1.14.13', '1.14.15', '1.11.2', '1.1.1', '3.2.1', '3.4.15', '3.4.19', '1.3.3', '3.4.11', '1.14.14', '3.1.1', '1.14.16', '2.1.1', '5.1.3', '1.17.99', '6.2.1', '2.4.1', '1.3.1', '6.3.1', '4.1.3', '4.2.1', '3.6.1', '1.3.99', '1.17.1', '1.14.18']"
Sodium oxybate,0,0,[]
Palbociclib,49,23,"['2.7.1', '4.2.2', '1.14.19', '3.8.1', '1.14.3', '1.14.13', '1.14.15', '1.11.2', '1.13.99', '1.1.1', '2.6.1', '3.2.1', '3.4.15', '1.14.99', '1.14.14', '1.2.3', '5.1.3', '1.3.1', '4.1.3', '4.2.1', '3.7.1', '1.3.99', '1.14.18']"
Olaparib,100,12,"['1.14.13', '1.14.15', '1.11.2', '3.8.1', '1.1.1', '3.2.1', '1.14.12', '1.14.3', '3.4.15', '1.14.14', '1.13.12', '1.14.18']"
Edoxaban,77,27,"['6.3.4', '3.4.13', '1.14.19', '3.8.1', '3.5.1', '1.14.3', '6.3.2', '1.14.13', '1.14.15', '3.2.1', '2.3.2', '3.3.2', '3.4.19', '3.4.15', '3.4.22', '1.14.99', '3.4.11', '1.14.14', '1.2.3', '3.1.1', '3.4.21', '1.3.98', '1.3.1', '6.3.1', '1.3.99', '1.17.1', '1.14.18']"
Umeclidinium,48,17,"['3.1.3', '1.14.3', '3.8.1', '1.14.15', '1.14.13', '3.1.5', '3.2.1', '3.1.6', '1.11.1', '1.14.12', '1.14.14', '6.2.1', '2.4.1', '4.2.1', '1.16.3', '3.6.1', '1.14.18']"
Lenvatinib,73,26,"['1.22.1', '2.7.1', '4.2.2', '1.14.19', '3.8.1', '1.14.3', '1.21.1', '1.14.13', '1.14.15', '1.11.2', '1.10.3', '3.2.1', '3.3.2', '3.4.15', '1.14.12', '1.14.14', '1.2.3', '2.1.1', '5.1.3', '1.3.98', '2.4.1', '6.2.1', '4.1.3', '4.2.1', '3.6.1', '1.14.18']"
Nintedanib,102,21,"['3.1.3', '4.2.2', '1.14.3', '3.5.1', '3.8.1', '1.14.13', '1.1.1', '3.2.1', '2.3.2', '3.3.2', '3.4.19', '3.4.15', '3.4.22', '3.4.11', '1.14.14', '3.1.1', '6.2.1', '6.3.1', '3.6.1', '3.4.21', '1.14.18']"
Olodaterol,78,41,"['1.22.1', '2.7.1', '3.1.3', '4.2.2', '3.8.1', '3.5.1', '1.14.3', '1.21.1', '1.14.13', '1.11.2', '1.14.15', '3.1.5', '1.1.1', '1.10.3', '3.2.1', '2.3.2', '3.3.2', '3.4.19', '3.4.15', '3.4.22', '3.1.6', '1.11.1', '3.4.11', '1.14.12', '2.8.2', '1.14.14', '3.1.1', '1.14.16', '3.4.21', '2.1.1', '5.1.3', '6.2.1', '2.4.1', '1.3.1', '6.3.1', '4.1.3', '4.2.1', '3.6.1', '1.16.3', '1.17.1', '1.14.18']"
Idebenone,153,34,"['1.6.5', '2.7.1', '3.1.3', '4.2.2', '1.14.19', '5.3.3', '1.14.15', '1.14.13', '3.1.5', '1.1.1', '3.2.1', '3.4.15', '1.13.11', '1.1.3', '3.1.6', '1.14.99', '1.2.1', '1.11.1', '2.5.1', '1.14.14', '3.1.1', '1.1.99', '5.1.3', '1.17.99', '6.2.1', '2.4.1', '4.2.1', '1.3.1', '4.1.3', '3.6.1', '2.7.2', '1.16.3', '1.3.99', '1.14.18']"
Vilanterol,94,35,"['1.22.1', '2.7.1', '3.1.3', '1.14.19', '3.8.1', '1.14.3', '1.21.1', '1.14.15', '1.14.13', '1.11.2', '3.1.5', '1.1.1', '1.10.3', '3.2.1', '1.1.3', '3.1.6', '1.14.99', '1.11.1', '1.2.1', '2.8.2', '1.14.14', '1.14.16', '1.4.3', '5.1.3', '1.3.98', '6.2.1', '2.4.1', '1.3.1', '4.1.3', '4.2.1', '3.6.1', '1.16.3', '1.3.99', '1.17.1', '1.14.18']"
Ivabradine,57,15,"['1.14.13', '1.14.15', '2.1.1', '1.11.2', '1.1.1', '3.2.1', '6.2.1', '2.4.1', '1.14.3', '3.4.15', '3.6.1', '1.17.1', '1.14.14', '3.8.1', '1.14.18']"
Benzydamine,55,17,"['1.14.13', '1.14.15', '1.14.99', '2.1.1', '1.11.2', '3.2.1', '6.2.1', '2.4.1', '1.14.12', '1.3.1', '1.14.3', '3.6.1', '1.14.19', '1.14.14', '3.8.1', '1.14.18', '1.14.16']"
Tetracaine,46,30,"['1.22.1', '2.7.1', '4.2.2', '1.14.19', '3.8.1', '1.14.3', '1.21.1', '6.3.2', '1.14.13', '1.14.15', '1.11.2', '1.1.1', '1.10.3', '3.2.1', '3.4.15', '3.4.19', '1.14.99', '3.4.11', '1.14.12', '1.14.14', '3.1.1', '1.14.16', '5.1.3', '6.2.1', '1.3.1', '4.1.3', '4.2.1', '3.6.1', '1.3.99', '1.14.18']"
Eugenol,53,31,"['1.6.5', '1.22.1', '2.7.1', '3.1.3', '1.14.19', '3.8.1', '1.14.3', '1.21.1', '1.14.13', '1.11.2', '1.1.1', '1.10.3', '3.2.1', '1.14.21', '3.3.2', '1.1.3', '3.1.6', '1.11.1', '1.14.12', '2.8.2', '1.14.14', '1.14.16', '2.1.1', '5.1.3', '6.2.1', '2.4.1', '4.1.3', '4.2.1', '3.6.1', '1.17.1', '1.14.18']"
Amylocaine,55,26,"['1.22.1', '2.7.1', '4.2.2', '1.14.19', '3.8.1', '1.14.3', '1.21.1', '1.14.13', '1.14.15', '1.11.2', '1.1.1', '1.10.3', '3.2.1', '3.4.15', '3.4.19', '1.14.12', '1.14.14', '3.1.1', '1.14.16', '2.1.1', '5.1.3', '6.2.1', '4.1.3', '4.2.1', '3.6.1', '1.14.18']"
Trimebutine,73,24,"['1.22.1', '2.7.1', '4.2.2', '3.8.1', '1.14.3', '1.21.1', '1.14.13', '1.14.15', '1.11.2', '1.1.1', '1.10.3', '3.2.1', '3.3.2', '1.14.12', '1.14.14', '3.1.1', '2.1.1', '5.1.3', '6.2.1', '2.4.1', '4.1.3', '4.2.1', '3.6.1', '1.14.18']"
Pinaverium,58,18,"['1.97.1', '1.14.19', '3.8.1', '1.14.3', '1.14.13', '1.14.15', '1.11.2', '3.2.1', '1.14.99', '1.14.14', '1.13.12', '2.1.1', '6.2.1', '2.4.1', '1.3.1', '3.6.1', '1.3.99', '1.14.18']"
Xanthinol,42,32,"['2.7.1', '3.1.3', '4.2.2', '3.8.1', '1.14.15', '1.14.13', '3.1.5', '1.1.1', '3.2.1', '3.4.15', '3.4.19', '1.1.3', '3.1.6', '1.2.1', '1.11.1', '3.4.11', '2.5.1', '1.14.14', '1.13.12', '3.1.1', '1.1.99', '5.1.3', '2.4.1', '1.3.1', '4.1.3', '4.2.1', '3.6.1', '1.17.5', '1.16.3', '1.17.1', '1.14.18', '4.3.3']"
Difluocortolone,107,30,"['2.7.1', '3.1.3', '4.2.2', '1.14.19', '1.14.13', '1.14.15', '3.1.5', '1.1.1', '3.2.1', '5.3.1', '1.1.3', '3.1.6', '1.3.8', '1.14.99', '1.2.1', '1.3.3', '1.11.1', '1.14.14', '3.1.1', '1.1.99', '5.1.3', '1.17.99', '2.4.1', '1.3.1', '4.2.1', '4.1.3', '3.6.1', '1.16.3', '1.3.99', '1.14.18']"
Benzoyl peroxide,63,25,"['1.6.5', '1.22.1', '2.7.1', '4.2.2', '1.14.19', '3.8.1', '1.14.3', '1.21.1', '1.14.13', '1.11.2', '1.1.1', '1.10.3', '3.2.1', '3.4.15', '1.13.11', '1.11.1', '1.14.12', '1.14.14', '3.1.1', '5.1.3', '6.2.1', '4.1.3', '4.2.1', '3.6.1', '1.14.18']"
Quinagolide,55,22,"['1.22.1', '2.7.1', '3.1.3', '4.2.2', '3.8.1', '1.14.3', '1.21.1', '1.14.13', '1.14.15', '1.11.2', '3.2.1', '3.4.15', '3.1.6', '2.8.2', '1.14.14', '1.14.16', '5.1.3', '1.3.1', '4.1.3', '4.2.1', '1.17.1', '1.14.18']"
Elvitegravir,86,35,"['1.22.1', '2.7.1', '3.1.3', '4.2.2', '1.14.19', '3.8.1', '1.14.3', '1.21.1', '1.14.15', '1.14.13', '1.11.2', '3.1.5', '1.1.1', '1.10.3', '3.2.1', '1.1.3', '3.1.6', '1.2.1', '1.11.1', '1.14.12', '1.14.14', '1.13.12', '3.1.1', '4.1.1', '2.1.1', '5.1.3', '1.3.98', '2.4.1', '6.2.1', '1.3.1', '4.1.3', '4.2.1', '3.6.1', '1.16.3', '1.14.18']"
Daclatasvir,28,15,"['1.14.13', '1.14.15', '1.14.99', '3.2.1', '1.2.1', '6.2.1', '1.3.1', '1.14.3', '3.6.1', '1.3.99', '1.14.19', '1.14.14', '3.8.1', '1.14.18', '3.1.1']"
Coenzyme M,7,13,"['6.3.2', '3.2.1', '1.8.1', '3.1.3', '2.7.1', '5.1.3', '4.1.3', '4.2.1', '3.4.15', '3.4.19', '1.13.12', '1.13.11', '3.1.1']"
Diiodohydroxyquinoline,43,24,"['1.6.5', '1.22.1', '2.7.1', '3.1.3', '1.14.19', '3.8.1', '1.14.3', '1.21.1', '1.14.13', '1.11.2', '1.10.3', '3.2.1', '3.1.6', '1.11.1', '1.14.12', '2.8.2', '1.14.14', '1.2.3', '1.14.16', '5.1.3', '4.1.3', '4.2.1', '1.17.1', '1.14.18']"
Calcium carbimide,0,0,[]
Stiripentol,53,34,"['1.6.5', '1.22.1', '2.7.1', '3.1.3', '1.14.19', '3.8.1', '1.14.3', '1.21.1', '1.14.15', '1.14.13', '1.11.2', '3.1.5', '1.1.1', '1.10.3', '3.2.1', '1.1.3', '3.1.6', '1.14.99', '1.11.1', '1.14.12', '1.14.14', '1.13.12', '1.14.16', '2.1.1', '1.1.99', '5.1.3', '6.2.1', '2.4.1', '1.3.1', '4.1.3', '4.2.1', '3.6.1', '1.16.3', '1.14.18']"
Eslicarbazepine acetate,129,31,"['1.22.1', '3.4.16', '2.7.1', '4.2.2', '1.14.19', '3.8.1', '3.5.1', '1.14.3', '1.21.1', '6.3.2', '1.14.13', '1.11.2', '1.14.15', '1.1.1', '1.10.3', '3.2.1', '3.4.15', '2.3.1', '1.13.11', '1.14.99', '1.17.1', '1.14.12', '1.14.14', '3.1.1', '5.1.3', '6.2.1', '4.1.3', '4.2.1', '3.6.1', '3.4.21', '1.14.18']"
Dienogest,148,38,"['2.7.1', '3.1.3', '4.1.99', '4.2.2', '3.5.5', '1.14.19', '5.3.3', '4.3.1', '1.14.15', '1.14.13', '3.1.5', '1.1.1', '3.2.1', '3.4.15', '1.13.11', '1.1.3', '3.1.6', '1.3.8', '1.14.99', '1.11.1', '1.3.3', '2.5.1', '1.14.14', '3.1.1', '4.99.1', '1.1.99', '5.1.3', '1.17.99', '2.4.1', '1.3.1', '4.2.1', '4.1.3', '3.7.1', '3.6.1', '1.16.3', '1.3.99', '1.17.1', '1.14.18']"
Medrogestone,123,19,"['4.2.2', '1.14.19', '1.14.15', '1.14.13', '1.1.1', '3.2.1', '1.1.3', '1.3.8', '1.14.99', '1.3.3', '1.14.14', '1.1.99', '1.17.99', '1.3.1', '4.2.1', '3.7.1', '1.3.99', '1.17.1', '1.14.18']"
Potassium citrate,0,0,[]
Brexpiprazole,57,16,"['1.14.13', '1.14.15', '2.1.1', '1.14.99', '3.2.1', '6.2.1', '2.4.1', '1.3.1', '1.14.3', '3.4.15', '3.6.1', '1.3.99', '1.14.19', '1.14.14', '3.8.1', '1.14.18']"
Sonidegib,40,19,"['2.7.1', '4.2.2', '1.14.3', '3.8.1', '1.14.13', '1.11.2', '1.14.15', '2.6.1', '3.2.1', '1.14.14', '1.2.3', '2.1.1', '5.1.3', '6.2.1', '2.4.1', '4.1.3', '4.2.1', '3.6.1', '1.14.18']"
Uridine triacetate,48,31,"['1.22.1', '2.4.2', '3.4.16', '2.7.1', '4.2.2', '3.8.1', '3.5.1', '1.14.3', '1.21.1', '6.3.2', '1.14.13', '1.11.2', '1.14.15', '1.1.1', '3.2.1', '3.4.15', '3.4.19', '2.3.1', '1.14.99', '1.14.14', '3.1.1', '1.14.16', '3.2.2', '5.1.3', '6.2.1', '1.3.1', '4.1.3', '4.2.1', '3.6.1', '3.4.21', '1.14.18']"
Iron sucrose,0,0,[]
Sodium citrate,0,0,[]
Etizolam,40,11,"['1.14.13', '1.11.2', '1.14.15', '2.6.1', '1.3.98', '1.14.12', '1.14.19', '1.17.1', '1.14.14', '3.8.1', '1.14.18']"
Dosulepin,70,10,"['1.14.13', '1.14.15', '1.14.99', '1.14.18', '1.14.12', '1.14.3', '2.5.1', '1.14.14', '3.8.1', '1.13.11']"
Dasabuvir,112,13,"['1.14.13', '1.14.15', '2.1.1', '3.2.1', '6.2.1', '2.4.1', '1.14.3', '3.3.2', '3.6.1', '4.2.2', '1.14.14', '3.8.1', '1.14.18']"
Viloxazine,42,19,"['1.22.1', '1.14.19', '1.14.3', '3.8.1', '1.21.1', '1.14.13', '1.11.2', '1.14.15', '1.10.3', '3.2.1', '1.11.1', '1.14.12', '1.14.14', '1.14.16', '2.1.1', '6.2.1', '2.4.1', '3.6.1', '1.14.18']"
Pholcodine,53,30,"['1.22.1', '3.1.3', '4.1.99', '1.14.19', '3.8.1', '1.14.3', '1.21.1', '1.14.15', '1.14.13', '1.11.2', '3.1.5', '1.1.1', '3.2.1', '1.1.3', '3.1.6', '1.14.99', '1.11.1', '1.14.12', '1.14.14', '2.1.1', '1.1.99', '6.2.1', '2.4.1', '4.2.1', '1.3.1', '3.6.1', '1.16.3', '1.3.99', '1.17.1', '1.14.18']"
Piracetam,26,37,"['6.3.4', '2.4.2', '2.7.1', '3.10.1', '4.2.2', '3.5.5', '1.14.19', '6.3.5', '1.4.1', '3.5.1', '4.3.1', '6.3.2', '1.14.15', '1.14.13', '1.1.1', '3.2.1', '2.3.2', '3.4.15', '3.4.19', '1.3.8', '1.6.99', '1.14.99', '1.3.3', '3.4.11', '1.14.14', '3.1.1', '1.4.7', '5.1.3', '1.17.99', '4.2.1', '6.3.1', '1.3.1', '4.1.3', '1.3.99', '1.17.1', '1.14.18', '4.3.3']"
Loxoprofen,93,46,"['1.6.5', '1.22.1', '2.7.1', '3.1.3', '4.2.2', '1.14.19', '3.8.1', '1.14.3', '1.21.1', '6.3.2', '1.14.13', '1.14.15', '1.11.2', '3.1.5', '1.1.1', '1.10.3', '3.2.1', '1.7.3', '3.4.15', '3.4.19', '5.2.1', '3.1.6', '1.3.8', '1.6.99', '1.14.99', '1.2.1', '1.3.3', '1.11.1', '1.14.12', '2.5.1', '1.14.14', '3.1.1', '1.14.16', '1.4.3', '1.1.99', '5.1.3', '1.17.99', '2.4.1', '1.3.1', '4.1.3', '4.2.1', '3.6.1', '1.16.3', '1.3.99', '1.17.1', '1.14.18']"
Dexibuprofen,50,32,"['1.6.5', '1.22.1', '2.7.1', '3.1.3', '4.2.2', '1.14.19', '3.8.1', '1.14.3', '1.21.1', '1.14.15', '1.14.13', '1.11.2', '1.1.1', '1.10.3', '3.2.1', '2.6.1', '5.2.1', '3.1.6', '1.2.1', '1.11.1', '1.14.12', '1.14.14', '3.1.1', '1.14.16', '5.1.3', '2.4.1', '1.3.1', '4.1.3', '4.2.1', '1.16.3', '1.17.1', '1.14.18']"
Dexketoprofen,141,33,"['1.6.5', '1.22.1', '2.7.1', '3.1.3', '4.2.2', '1.14.19', '3.8.1', '1.14.3', '1.21.1', '1.14.13', '1.11.2', '1.14.15', '1.1.1', '1.10.3', '3.2.1', '2.6.1', '5.2.1', '1.13.11', '3.1.6', '1.2.1', '1.11.1', '1.14.12', '1.14.14', '1.13.12', '3.1.1', '1.14.16', '5.1.3', '2.4.1', '4.1.3', '4.2.1', '1.3.1', '1.16.3', '1.14.18']"
Tolfenamic acid,125,41,"['1.6.5', '1.97.1', '1.22.1', '2.7.1', '3.1.3', '4.2.2', '1.14.19', '3.8.1', '3.5.1', '1.14.3', '1.21.1', '1.14.13', '1.11.2', '1.14.15', '3.1.5', '1.1.1', '1.10.3', '3.2.1', '2.6.1', '3.4.15', '5.2.1', '1.13.11', '1.1.3', '3.1.6', '1.14.99', '1.2.1', '1.11.1', '1.14.12', '1.14.14', '3.1.1', '1.14.16', '4.1.1', '1.8.99', '5.1.3', '1.3.98', '2.4.1', '4.1.3', '4.2.1', '3.6.1', '1.16.3', '1.14.18']"
Clonixin,82,41,"['1.97.1', '1.22.1', '2.7.1', '3.1.3', '4.2.2', '1.14.19', '3.8.1', '3.5.1', '1.14.3', '1.21.1', '1.14.13', '1.11.2', '1.14.15', '3.1.5', '1.1.1', '1.10.3', '3.2.1', '2.6.1', '3.4.15', '5.2.1', '1.1.3', '3.1.6', '1.14.99', '1.2.1', '1.11.1', '1.14.12', '1.14.14', '1.2.3', '3.1.1', '1.14.16', '4.1.1', '1.8.99', '5.1.3', '1.3.98', '2.4.1', '4.1.3', '4.2.1', '3.6.1', '1.16.3', '1.17.1', '1.14.18']"
Nicorandil,29,28,"['1.22.1', '2.7.1', '4.2.2', '1.14.19', '3.8.1', '3.5.1', '1.21.1', '6.3.2', '1.14.13', '1.11.2', '3.2.1', '3.4.15', '3.4.19', '1.7.3', '1.14.99', '3.4.11', '1.14.12', '1.14.14', '1.2.3', '3.1.1', '1.14.16', '5.1.3', '6.2.1', '4.1.3', '4.2.1', '3.6.1', '1.17.1', '1.14.18']"
Polaprezinc,27,24,"['2.7.1', '3.10.1', '4.2.2', '6.3.2', '1.14.13', '1.14.15', '1.13.99', '1.1.1', '3.2.1', '3.4.15', '3.4.19', '3.4.11', '1.14.14', '3.1.1', '1.4.3', '5.1.3', '1.17.99', '6.2.1', '1.3.1', '4.1.3', '4.2.1', '3.6.1', '1.17.1', '1.14.18']"
Melperone,55,26,"['1.22.1', '4.2.2', '1.14.19', '3.8.1', '1.14.3', '1.21.1', '1.14.13', '1.14.15', '1.11.2', '1.1.1', '1.10.3', '3.2.1', '3.4.15', '1.3.8', '1.14.99', '1.3.3', '1.14.12', '1.14.14', '3.1.1', '1.14.16', '1.17.99', '1.3.1', '3.7.1', '1.3.99', '1.17.1', '1.14.18']"
Zotepine,63,17,"['1.21.1', '1.14.13', '1.22.1', '1.11.2', '1.13.11', '1.10.3', '3.2.1', '1.3.98', '6.2.1', '1.14.12', '1.14.3', '3.6.1', '1.14.19', '1.14.14', '3.8.1', '1.14.18', '1.14.16']"
Barnidipine,141,20,"['3.4.16', '4.2.2', '1.14.3', '3.8.1', '1.14.13', '1.14.15', '1.11.2', '1.1.1', '3.2.1', '1.7.1', '3.4.15', '2.3.1', '1.14.99', '1.14.12', '1.14.14', '3.1.1', '6.2.1', '3.6.1', '3.4.21', '1.14.18']"
Lacidipine,61,25,"['4.1.2', '3.4.16', '2.7.1', '4.2.2', '3.8.1', '3.5.1', '1.14.3', '6.3.2', '1.14.13', '1.11.2', '1.14.15', '1.1.1', '3.2.1', '2.3.1', '1.14.99', '1.14.14', '3.1.1', '5.1.3', '6.2.1', '4.2.1', '1.3.1', '4.1.3', '3.6.1', '3.4.21', '1.14.18']"
Levamlodipine,62,31,"['1.22.1', '3.4.16', '2.7.1', '3.10.1', '4.2.2', '1.14.19', '3.8.1', '3.5.1', '1.14.3', '1.21.1', '6.3.2', '1.14.13', '1.11.2', '1.14.15', '1.1.1', '1.10.3', '3.2.1', '3.4.15', '2.3.1', '1.14.14', '3.1.1', '1.14.16', '1.4.3', '5.1.3', '1.3.98', '6.2.1', '4.1.3', '4.2.1', '3.6.1', '3.4.21', '1.14.18']"
Manidipine,41,14,"['1.14.13', '1.14.99', '1.1.1', '3.4.16', '3.2.1', '6.2.1', '1.14.3', '3.6.1', '2.3.1', '3.4.21', '1.14.14', '3.8.1', '1.14.18', '3.1.1']"
Methylene blue,0,0,[]
Moxonidine,12,12,"['1.14.13', '1.14.15', '2.1.1', '1.8.99', '3.2.1', '2.6.1', '6.2.1', '2.4.1', '3.6.1', '1.14.14', '3.8.1', '1.1.3']"
Tegafur,18,25,"['2.4.2', '2.7.1', '4.2.2', '1.14.19', '3.8.1', '6.3.2', '1.14.15', '1.14.13', '3.2.1', '3.4.15', '3.4.19', '1.14.99', '3.4.11', '1.14.14', '3.1.1', '3.2.2', '5.1.3', '6.2.1', '1.3.1', '4.1.3', '4.2.1', '3.6.1', '1.3.99', '1.17.1', '1.14.18']"
Gimeracil,31,31,"['1.6.5', '1.97.1', '1.22.1', '2.7.1', '3.1.3', '4.2.2', '1.14.19', '3.8.1', '1.14.3', '1.21.1', '6.3.2', '1.14.13', '1.11.2', '3.2.1', '3.4.15', '3.4.19', '3.1.6', '1.6.99', '1.11.1', '3.4.11', '1.14.12', '2.8.2', '1.14.14', '3.1.1', '1.14.16', '5.1.3', '1.3.98', '4.1.3', '4.2.1', '1.17.1', '1.14.18']"
Imidafenacin,53,18,"['2.7.1', '1.14.3', '3.8.1', '3.5.1', '1.14.13', '1.14.15', '1.11.2', '1.1.1', '2.6.1', '3.2.1', '3.4.15', '1.14.12', '1.14.14', '1.2.3', '5.1.3', '4.2.1', '4.1.3', '1.14.18']"
Strontium ranelate,0,0,[]
Picosulfuric acid,62,23,"['1.22.1', '2.7.1', '4.2.2', '3.8.1', '1.14.3', '1.21.1', '1.14.13', '1.11.2', '1.10.3', '3.2.1', '3.1.6', '1.3.3', '1.14.14', '1.2.3', '3.1.1', '2.1.1', '5.1.3', '6.2.1', '2.4.1', '4.1.3', '4.2.1', '3.6.1', '1.14.18']"
Ubidecarenone,503,24,"['1.6.5', '5.5.1', '1.17.8', '1.14.19', '5.3.3', '1.14.13', '1.14.15', '1.1.1', '3.2.1', '5.4.99', '1.13.11', '1.1.3', '1.3.8', '1.6.99', '1.14.99', '1.2.1', '1.11.1', '1.14.14', '1.17.99', '1.3.1', '4.2.1', '3.7.1', '1.7.99', '1.14.18']"
Cimetropium,69,36,"['1.22.1', '3.4.16', '2.7.1', '3.1.3', '4.2.2', '3.8.1', '1.14.3', '1.21.1', '6.3.2', '1.14.15', '1.14.13', '1.11.2', '3.1.5', '1.1.1', '1.10.3', '3.2.1', '3.3.2', '3.4.15', '2.3.1', '1.1.3', '3.1.6', '1.2.1', '1.11.1', '1.14.12', '1.14.14', '3.1.1', '1.14.16', '5.1.3', '6.2.1', '2.4.1', '4.1.3', '4.2.1', '3.6.1', '1.16.3', '3.4.21', '1.14.18']"
Eluxadoline,124,28,"['1.22.1', '3.1.3', '4.2.2', '3.8.1', '1.14.3', '1.21.1', '1.14.13', '1.11.2', '1.14.15', '3.1.5', '1.1.1', '1.10.3', '3.2.1', '2.6.1', '3.4.15', '3.1.6', '1.2.1', '1.11.1', '1.14.14', '4.1.1', '2.1.1', '6.2.1', '2.4.1', '4.2.1', '3.6.1', '1.16.3', '1.17.1', '1.14.18']"
Doxofylline,16,21,"['2.7.1', '4.2.2', '3.8.1', '6.3.2', '1.14.13', '3.2.1', '3.4.15', '3.4.19', '2.3.1', '3.4.11', '1.14.14', '1.13.12', '3.1.1', '5.1.3', '6.2.1', '2.4.1', '4.1.3', '4.2.1', '3.6.1', '1.17.5', '1.17.1']"
Artesunate,116,35,"['3.4.16', '2.7.1', '3.1.3', '4.2.2', '1.14.19', '6.3.2', '1.14.15', '1.14.13', '3.1.5', '1.1.1', '3.2.1', '3.4.15', '2.3.1', '5.2.1', '3.1.6', '1.3.8', '1.14.99', '1.17.1', '1.2.1', '1.3.3', '1.11.1', '1.14.14', '3.1.1', '5.1.3', '1.17.99', '6.2.1', '2.4.1', '1.3.1', '4.1.3', '4.2.1', '3.6.1', '1.16.3', '1.3.99', '3.4.21', '1.14.18']"
Bismuth subcitrate potassium,0,0,[]
Activated charcoal,0,0,[]
Fimasartan,56,12,"['1.14.13', '1.14.15', '1.14.99', '2.6.1', '3.2.1', '1.3.1', '1.14.3', '1.3.99', '1.14.19', '1.14.14', '3.8.1', '1.14.18']"
Lumacaftor,102,38,"['2.7.1', '3.1.3', '4.2.2', '3.8.1', '3.5.1', '1.14.3', '1.14.13', '1.14.15', '1.11.2', '3.1.5', '1.1.1', '2.6.1', '3.2.1', '2.3.2', '3.3.2', '3.4.19', '3.4.15', '3.4.22', '3.1.6', '1.2.1', '1.11.1', '3.4.11', '1.14.12', '1.14.14', '1.2.3', '3.1.1', '4.1.1', '2.1.1', '5.1.3', '6.2.1', '2.4.1', '4.1.3', '6.3.1', '4.2.1', '3.6.1', '1.16.3', '3.4.21', '1.14.18']"
Molsidomine,8,17,"['6.3.2', '1.14.13', '1.14.15', '3.2.1', '2.7.1', '3.4.11', '5.1.3', '6.2.1', '4.1.3', '4.2.1', '3.4.15', '3.4.19', '4.2.2', '3.6.1', '1.17.1', '1.14.14', '3.1.1']"
Morniflumate,50,21,"['1.22.1', '2.7.1', '4.2.2', '1.14.3', '3.8.1', '1.21.1', '1.14.13', '1.11.2', '1.1.1', '1.10.3', '3.2.1', '3.4.15', '1.14.14', '1.2.3', '3.1.1', '5.1.3', '6.2.1', '4.1.3', '4.2.1', '3.6.1', '1.14.18']"
Tianeptine,138,38,"['1.22.1', '2.7.1', '3.1.3', '4.2.2', '1.14.19', '3.8.1', '1.14.3', '1.21.1', '1.14.15', '1.14.13', '1.11.2', '3.1.5', '1.1.1', '1.10.3', '3.2.1', '3.4.15', '5.2.1', '1.14.11', '3.1.6', '1.3.8', '1.14.99', '1.2.1', '1.3.3', '1.11.1', '1.14.14', '3.1.1', '5.1.3', '1.17.99', '1.3.98', '2.4.1', '1.3.1', '4.1.3', '4.2.1', '3.6.1', '1.16.3', '1.3.99', '1.17.1', '1.14.18']"
Ramosetron,68,22,"['1.22.1', '3.8.1', '1.14.3', '1.21.1', '1.14.13', '1.14.15', '1.11.2', '1.13.99', '1.1.1', '1.10.3', '3.2.1', '3.4.15', '1.13.11', '1.14.99', '3.4.11', '1.14.12', '1.14.14', '1.14.16', '1.3.1', '3.7.1', '1.17.1', '1.14.18']"
Rolapitant,80,34,"['6.3.4', '1.22.1', '2.7.1', '4.2.2', '3.4.13', '1.14.19', '3.8.1', '3.5.1', '1.14.3', '1.21.1', '6.3.2', '1.14.13', '1.14.15', '1.11.2', '1.1.1', '1.10.3', '3.2.1', '3.4.15', '1.3.8', '1.14.99', '1.3.3', '3.4.11', '1.14.14', '5.1.3', '1.17.99', '6.2.1', '1.3.1', '6.3.1', '4.1.3', '4.2.1', '3.6.1', '1.3.99', '1.17.1', '1.14.18']"
Sacubitril,155,50,"['6.3.4', '1.22.1', '3.4.16', '2.7.1', '3.1.3', '4.2.2', '3.4.13', '1.14.19', '3.8.1', '3.5.1', '1.14.3', '1.21.1', '6.3.2', '1.14.13', '1.14.15', '1.11.2', '3.1.5', '1.1.1', '1.10.3', '3.2.1', '3.4.15', '3.4.19', '2.3.1', '5.2.1', '3.1.6', '1.3.8', '1.14.99', '1.2.1', '1.3.3', '3.4.11', '1.11.1', '1.14.12', '1.14.14', '3.1.1', '1.14.16', '3.4.21', '1.5.1', '5.1.3', '1.17.99', '6.2.1', '2.4.1', '1.3.1', '6.3.1', '4.1.3', '4.2.1', '3.6.1', '1.16.3', '1.3.99', '1.17.1', '1.14.18']"
Ombitasvir,37,15,"['1.14.13', '1.14.15', '1.14.99', '3.2.1', '3.5.1', '6.2.1', '1.3.1', '1.14.3', '1.14.19', '3.4.21', '1.14.14', '3.8.1', '3.4.22', '1.14.18', '3.1.1']"
Paritaprevir,79,27,"['6.3.4', '3.4.13', '1.14.19', '3.8.1', '3.5.1', '1.14.3', '6.3.2', '1.14.13', '1.14.15', '2.6.1', '3.4.24', '3.2.1', '3.4.19', '3.4.15', '1.14.99', '3.4.11', '1.14.14', '2.1.1', '1.17.99', '6.2.1', '2.4.1', '1.3.1', '6.3.1', '3.6.1', '1.3.99', '3.4.21', '1.14.18']"
Silibinin,168,41,"['1.6.5', '1.97.1', '1.22.1', '2.7.1', '3.1.3', '4.2.2', '1.14.19', '3.8.1', '1.14.3', '1.21.1', '1.14.15', '1.14.13', '1.11.2', '3.1.5', '1.1.1', '1.10.3', '3.2.1', '1.14.21', '1.1.3', '3.1.6', '1.2.1', '1.11.1', '2.8.2', '1.14.14', '1.13.12', '1.14.16', '3.1.1', '2.1.1', '1.1.99', '5.1.3', '1.17.99', '6.2.1', '2.4.1', '4.2.1', '1.3.1', '4.1.3', '3.7.1', '3.6.1', '1.16.3', '1.17.1', '1.14.18']"
Tenofovir alafenamide,60,30,"['6.3.4', '1.22.1', '3.4.16', '2.7.1', '3.5.4', '3.1.8', '4.2.2', '3.8.1', '1.14.3', '1.21.1', '6.3.2', '1.14.13', '1.11.2', '1.14.15', '1.1.1', '1.10.3', '3.2.1', '3.4.15', '2.3.1', '1.14.14', '3.1.1', '2.1.1', '5.1.3', '6.2.1', '2.4.1', '4.1.3', '4.2.1', '3.6.1', '3.4.21', '1.14.18']"
Butylscopolamine,79,40,"['1.22.1', '3.4.16', '2.7.1', '3.1.3', '4.2.2', '1.14.19', '3.8.1', '1.14.3', '1.21.1', '6.3.2', '1.14.15', '1.14.13', '1.11.2', '3.1.5', '1.1.1', '1.10.3', '3.2.1', '3.3.2', '3.4.15', '2.3.1', '1.1.3', '3.1.6', '1.14.99', '1.2.1', '1.11.1', '1.14.12', '1.14.14', '3.1.1', '1.14.16', '5.1.3', '6.2.1', '2.4.1', '1.3.1', '4.1.3', '4.2.1', '3.6.1', '1.16.3', '1.3.99', '3.4.21', '1.14.18']"
Carindacillin,135,37,"['6.3.4', '2.7.1', '3.1.3', '4.2.2', '3.4.13', '3.8.1', '3.5.1', '1.14.3', '6.3.2', '1.14.13', '1.14.15', '1.11.2', '3.1.5', '1.1.1', '3.2.1', '2.3.2', '3.4.19', '3.4.15', '3.1.6', '1.2.1', '1.11.1', '3.4.11', '3.1.2', '1.14.14', '3.1.1', '3.4.21', '2.1.1', '5.1.3', '6.2.1', '2.4.1', '4.1.3', '4.2.1', '6.3.1', '3.6.1', '1.16.3', '1.17.1', '1.14.18']"
Sulbactam,34,29,"['2.7.1', '3.1.3', '4.2.2', '3.4.13', '6.3.2', '1.14.15', '1.14.13', '3.1.5', '1.1.1', '3.2.1', '3.4.15', '3.4.19', '3.1.6', '1.2.1', '1.11.1', '3.4.11', '1.14.12', '1.14.14', '3.1.1', '5.1.3', '1.17.99', '2.4.1', '1.3.1', '4.1.3', '4.2.1', '3.6.1', '1.16.3', '1.17.1', '1.14.18']"
Osimertinib,49,26,"['3.8.1', '3.5.1', '1.14.3', '1.14.13', '3.2.1', '2.3.2', '3.3.2', '3.4.19', '3.4.15', '3.4.22', '1.14.99', '1.2.1', '3.4.11', '1.14.12', '1.14.14', '3.1.1', '2.1.1', '6.2.1', '2.4.1', '1.3.1', '6.3.1', '4.2.1', '3.6.1', '1.3.99', '3.4.21', '1.14.18']"
Iopodic acid,45,35,"['1.22.1', '2.7.1', '3.1.3', '4.2.2', '1.14.19', '3.8.1', '1.14.3', '1.21.1', '6.3.2', '1.14.13', '1.14.15', '1.11.2', '3.1.5', '1.1.1', '3.2.1', '3.4.15', '3.4.19', '5.2.1', '3.1.6', '1.2.1', '1.11.1', '1.14.12', '1.14.14', '3.1.1', '1.14.16', '5.1.3', '1.17.99', '2.4.1', '1.3.1', '4.1.3', '4.2.1', '3.6.1', '1.16.3', '1.17.1', '1.14.18']"
Tipiracil,25,23,"['1.97.1', '2.7.1', '4.2.2', '1.14.19', '3.8.1', '6.3.2', '1.14.15', '1.14.13', '3.2.1', '3.4.15', '3.4.19', '1.14.99', '2.8.1', '3.4.11', '1.14.14', '3.1.1', '5.1.3', '1.3.98', '1.3.1', '4.1.3', '4.2.1', '1.3.99', '1.14.18']"
Pramocaine,45,20,"['1.22.1', '1.14.19', '1.14.3', '3.8.1', '1.21.1', '1.14.13', '1.14.15', '1.11.2', '1.10.3', '3.2.1', '1.14.99', '1.14.14', '1.14.16', '2.1.1', '6.2.1', '2.4.1', '1.3.1', '3.6.1', '1.3.99', '1.14.18']"
Dexpanthenol,69,41,"['6.3.4', '4.2.3', '2.7.1', '3.1.3', '4.2.2', '1.14.19', '3.4.13', '3.5.1', '6.3.2', '1.14.15', '1.14.13', '3.1.5', '1.1.1', '3.2.1', '3.3.2', '3.4.15', '3.4.19', '1.7.3', '1.1.3', '3.1.6', '1.2.1', '1.11.1', '3.4.11', '1.14.12', '2.5.1', '1.1.5', '1.14.14', '1.13.12', '3.1.1', '1.1.99', '5.1.3', '1.17.99', '2.4.1', '1.3.1', '6.3.1', '4.1.3', '4.2.1', '3.6.1', '1.16.3', '1.17.1', '1.14.18']"
Tannic acid,740,12,"['4.1.1', '1.14.13', '2.1.1', '1.1.1', '3.2.1', '3.1.3', '2.4.1', '1.14.3', '2.3.1', '1.14.14', '3.8.1', '3.1.1']"
Norgestrel,121,29,"['3.1.3', '4.1.99', '4.2.2', '1.14.19', '5.3.3', '1.14.15', '1.14.13', '3.1.5', '1.1.1', '3.2.1', '1.13.11', '1.1.3', '3.1.6', '1.3.8', '1.14.99', '1.11.1', '1.3.3', '2.5.1', '1.14.14', '3.1.1', '1.1.99', '1.17.99', '2.4.1', '1.3.1', '4.2.1', '1.16.3', '1.3.99', '1.17.1', '1.14.18']"
Sodium acetate,0,0,[]
Selenomethionine Se-75,31,34,"['4.2.3', '2.7.1', '3.1.3', '3.10.1', '4.2.2', '3.4.13', '1.4.1', '6.3.2', '1.14.15', '1.14.13', '3.1.5', '1.1.1', '3.2.1', '3.4.15', '3.4.19', '1.7.3', '5.2.1', '3.1.6', '1.2.1', '1.11.1', '3.4.11', '2.5.1', '1.14.14', '3.1.1', '4.1.1', '1.4.3', '5.1.3', '2.4.1', '1.3.1', '4.1.3', '4.2.1', '3.6.1', '1.16.3', '1.14.18']"
Isosorbide,18,28,"['4.2.3', '2.7.1', '3.1.3', '1.14.15', '1.14.13', '3.1.5', '1.1.1', '3.2.1', '1.7.3', '5.4.99', '1.1.3', '3.1.6', '1.11.1', '1.14.12', '2.5.1', '1.1.5', '1.14.14', '3.1.1', '1.1.99', '5.1.3', '6.2.1', '2.4.1', '1.3.1', '4.2.1', '4.1.3', '3.6.1', '1.16.3', '1.14.18']"
Iocetamic acid,51,37,"['1.22.1', '2.7.1', '3.1.3', '3.5.4', '4.2.2', '1.14.19', '3.8.1', '1.14.3', '1.21.1', '6.3.2', '1.14.13', '1.14.15', '1.11.2', '3.1.5', '1.1.1', '3.2.1', '1.7.1', '3.4.15', '3.4.19', '5.2.1', '3.1.6', '1.14.99', '1.2.1', '1.11.1', '1.14.12', '1.14.14', '3.1.1', '1.14.16', '1.8.99', '5.1.3', '2.4.1', '1.3.1', '4.1.3', '4.2.1', '3.6.1', '1.16.3', '1.14.18']"
Xylose,123,49,"['5.5.1', '4.1.2', '4.2.3', '2.7.1', '3.1.3', '4.2.2', '1.4.99', '6.3.2', '1.14.15', '1.14.13', '1.13.99', '3.1.5', '1.1.1', '3.2.1', '3.3.2', '5.3.1', '1.7.3', '3.4.15', '3.4.19', '1.14.11', '5.4.99', '1.1.3', '3.1.6', '1.5.99', '1.2.1', '1.11.1', '3.4.11', '1.4.9', '2.5.1', '1.1.5', '1.14.14', '1.2.3', '3.1.1', '4.99.1', '1.4.3', '1.5.1', '1.1.99', '6.1.1', '5.1.3', '1.17.99', '2.4.1', '1.3.1', '1.5.3', '4.2.1', '4.1.3', '3.6.1', '1.16.3', '1.17.1', '1.14.18']"
L-tartaric acid,47,39,"['5.5.1', '4.1.2', '4.2.3', '2.7.1', '3.1.3', '4.2.2', '3.5.1', '6.3.2', '1.14.15', '1.14.13', '1.13.99', '3.1.5', '1.1.1', '3.2.1', '3.3.2', '3.4.15', '3.4.19', '1.7.3', '5.2.1', '1.1.3', '3.1.6', '1.2.1', '1.11.1', '3.4.11', '1.14.12', '2.5.1', '1.1.5', '1.14.14', '3.1.1', '1.1.99', '5.1.3', '1.17.99', '2.4.1', '1.3.1', '4.2.1', '4.1.3', '3.6.1', '1.16.3', '1.17.1']"
Sodium carbonate,0,0,[]
Glycerin,39,28,"['4.2.3', '2.7.1', '3.1.3', '1.14.15', '1.14.13', '3.1.5', '1.1.1', '3.2.1', '3.3.2', '1.7.3', '1.1.3', '3.1.6', '1.2.1', '1.11.1', '2.5.1', '1.1.5', '1.14.14', '3.1.1', '4.99.1', '1.1.99', '5.1.3', '2.4.1', '1.3.1', '4.2.1', '4.1.3', '3.6.1', '1.16.3', '1.14.18']"
Magnesium carbonate,0,0,[]
Acrivastine,74,33,"['1.22.1', '4.1.2', '3.1.3', '4.2.2', '1.14.19', '3.8.1', '1.14.3', '1.21.1', '1.14.13', '1.14.15', '1.11.2', '3.1.5', '1.1.1', '1.10.3', '3.2.1', '2.6.1', '3.4.15', '5.2.1', '3.1.6', '1.14.99', '1.2.1', '1.11.1', '1.14.12', '1.14.14', '1.2.3', '3.1.1', '2.4.1', '4.2.1', '1.3.1', '3.6.1', '1.16.3', '1.3.99', '1.14.18']"
Avobenzone,87,26,"['1.22.1', '4.2.2', '1.14.19', '3.8.1', '1.14.3', '1.21.1', '1.14.13', '1.14.15', '1.11.2', '1.1.1', '1.10.3', '3.2.1', '3.3.2', '1.11.1', '1.14.12', '1.14.14', '3.1.1', '2.1.1', '1.17.99', '6.2.1', '2.4.1', '1.3.1', '3.7.1', '3.6.1', '1.17.1', '1.14.18']"
Octinoxate,86,33,"['1.22.1', '4.1.2', '3.4.16', '2.7.1', '4.2.2', '1.14.19', '3.8.1', '1.14.3', '1.21.1', '6.3.2', '1.14.13', '1.14.15', '1.11.2', '1.1.1', '1.10.3', '3.2.1', '2.3.1', '1.14.99', '1.11.1', '1.14.12', '1.14.14', '3.1.1', '1.14.16', '2.1.1', '5.1.3', '6.2.1', '2.4.1', '4.2.1', '1.3.1', '4.1.3', '1.3.99', '3.4.21', '1.14.18']"
Ferric ammonium citrate,0,0,[]
Urea C-13,9,15,"['6.3.2', '1.14.13', '3.5.3', '2.7.1', '3.4.11', '3.2.1', '5.1.3', '2.3.2', '6.3.1', '4.2.1', '4.1.3', '3.4.15', '3.4.19', '1.14.14', '3.5.1']"
Simethicone,0,0,[]
Urea C-14,9,15,"['6.3.2', '1.14.13', '3.5.3', '2.7.1', '3.4.11', '3.2.1', '5.1.3', '2.3.2', '6.3.1', '4.2.1', '4.1.3', '3.4.15', '3.4.19', '1.14.14', '3.5.1']"
Sodium ferric gluconate complex,0,0,[]
Octocrylene,88,20,"['3.4.16', '4.2.2', '1.14.19', '1.14.3', '3.8.1', '1.14.13', '1.14.15', '1.11.2', '1.1.1', '3.2.1', '2.3.1', '1.14.99', '1.14.12', '1.14.14', '3.1.1', '6.2.1', '1.3.1', '1.3.99', '3.4.21', '1.14.18']"
Methyl salicylate,64,30,"['1.6.5', '1.97.1', '1.22.1', '2.7.1', '3.1.3', '4.2.2', '1.14.19', '3.8.1', '1.14.3', '1.21.1', '6.3.2', '1.14.13', '1.11.2', '1.1.1', '1.10.3', '3.2.1', '3.4.19', '3.1.6', '1.11.1', '1.14.12', '2.8.2', '1.14.14', '3.1.1', '1.14.16', '5.1.3', '6.2.1', '4.1.3', '4.2.1', '3.6.1', '1.14.18']"
Dexchlorpheniramine maleate,0,0,[]
Sodium glycerophosphate,0,0,[]
Ixazomib,56,31,"['6.3.4', '1.22.1', '2.7.1', '4.2.2', '3.4.13', '1.14.19', '3.8.1', '3.5.1', '1.14.3', '1.21.1', '6.3.2', '1.14.13', '1.14.15', '1.11.2', '1.1.1', '1.10.3', '3.2.1', '3.4.15', '3.4.19', '3.4.11', '1.14.12', '1.14.14', '3.1.1', '1.14.16', '5.1.3', '1.3.98', '1.3.1', '6.3.1', '4.1.3', '4.2.1', '1.14.18']"
Octisalate,100,34,"['1.6.5', '1.97.1', '1.22.1', '2.7.1', '3.1.3', '4.2.2', '1.14.19', '3.8.1', '1.14.3', '1.21.1', '1.14.13', '1.14.15', '1.11.2', '1.1.1', '1.10.3', '3.2.1', '3.4.15', '3.4.19', '3.1.6', '1.14.99', '1.11.1', '1.14.12', '2.8.2', '1.14.14', '3.1.1', '1.14.16', '5.1.3', '6.2.1', '1.3.1', '4.1.3', '4.2.1', '3.6.1', '1.3.99', '1.14.18']"
Homosalate,104,32,"['1.6.5', '1.97.1', '1.22.1', '2.7.1', '3.1.3', '4.2.2', '1.14.19', '3.8.1', '1.14.3', '1.21.1', '1.14.13', '1.14.15', '1.11.2', '1.1.1', '1.10.3', '3.2.1', '1.13.11', '3.1.6', '1.11.1', '1.14.12', '2.8.2', '1.14.14', '1.13.12', '3.1.1', '1.14.16', '5.1.3', '6.2.1', '1.3.1', '4.1.3', '4.2.1', '3.6.1', '1.14.18']"
Phenyl salicylate,135,33,"['1.6.5', '1.97.1', '1.22.1', '2.7.1', '3.1.3', '4.2.2', '1.14.19', '3.8.1', '1.14.3', '1.21.1', '1.14.13', '1.11.2', '1.1.1', '1.10.3', '3.2.1', '1.13.11', '3.1.6', '1.6.99', '1.11.1', '1.14.12', '2.8.2', '3.1.2', '1.14.14', '3.1.1', '1.14.16', '2.1.1', '5.1.3', '6.2.1', '2.4.1', '4.1.3', '4.2.1', '3.6.1', '1.14.18']"
Cetylpyridinium,101,10,"['1.14.13', '1.14.15', '1.14.99', '1.3.1', '1.3.99', '1.14.19', '1.14.14', '1.14.3', '1.14.18', '1.14.16']"
Trolamine salicylate,0,0,[]
Docusate,152,20,"['3.4.16', '1.14.19', '6.3.2', '1.14.15', '1.14.13', '1.1.1', '3.2.1', '3.4.15', '2.3.1', '1.14.99', '1.17.1', '1.14.14', '3.1.1', '1.17.99', '6.2.1', '1.3.1', '3.6.1', '1.3.99', '3.4.21', '1.14.18']"
Calcium citrate,0,0,[]
Potassium bicarbonate,0,0,[]
Allantoin,23,23,"['6.3.4', '2.7.1', '3.10.1', '4.2.2', '3.4.13', '3.5.1', '6.3.2', '1.14.13', '1.1.1', '3.2.1', '2.3.2', '3.4.15', '3.4.19', '3.5.2', '3.4.11', '1.14.14', '2.1.3', '3.5.3', '5.1.3', '4.1.3', '6.3.1', '4.2.1', '6.3.3']"
Potassium bitartrate,0,0,[]
Magnesium citrate,0,0,[]
Chloroxylenol,34,27,"['1.6.5', '1.97.1', '1.22.1', '2.7.1', '3.1.3', '1.14.19', '3.8.1', '1.14.3', '1.21.1', '1.14.13', '1.11.2', '1.14.15', '2.6.1', '3.2.1', '1.1.3', '3.1.6', '1.14.99', '1.11.1', '1.14.12', '2.8.2', '1.14.14', '1.14.16', '5.1.3', '1.3.98', '4.1.3', '4.2.1', '1.14.18']"
Benzethonium,39,13,"['1.14.13', '1.14.15', '2.1.1', '1.11.2', '3.8.1', '3.2.1', '6.2.1', '2.4.1', '1.14.3', '1.14.14', '1.13.12', '1.14.18', '1.14.16']"
Calcium gluconate,0,0,[]
Carbamide peroxide,0,0,[]
Manganese gluconate,0,0,[]
Selenomethionine,31,34,"['4.2.3', '2.7.1', '3.1.3', '3.10.1', '4.2.2', '3.4.13', '1.4.1', '6.3.2', '1.14.15', '1.14.13', '3.1.5', '1.1.1', '3.2.1', '3.4.15', '3.4.19', '1.7.3', '5.2.1', '3.1.6', '1.2.1', '1.11.1', '3.4.11', '2.5.1', '1.14.14', '3.1.1', '4.1.1', '1.4.3', '5.1.3', '2.4.1', '1.3.1', '4.1.3', '4.2.1', '3.6.1', '1.16.3', '1.14.18']"
Oxyquinoline,66,25,"['1.6.5', '1.97.1', '1.22.1', '2.7.1', '3.1.3', '1.14.19', '3.8.1', '1.14.3', '1.21.1', '1.14.13', '1.11.2', '1.10.3', '3.2.1', '3.1.6', '1.11.1', '1.14.12', '2.8.2', '1.14.14', '1.2.3', '1.14.16', '5.1.3', '4.1.3', '4.2.1', '1.17.1', '1.14.18']"
Zinc citrate,0,0,[]
Pyrantel,15,8,"['1.14.13', '1.14.15', '1.11.2', '1.3.1', '1.14.14', '1.14.3', '1.14.18', '1.14.16']"
Phenyltoloxamine,89,19,"['1.22.1', '3.8.1', '1.14.3', '1.21.1', '1.14.13', '1.11.2', '1.10.3', '3.2.1', '1.13.11', '1.11.1', '1.14.12', '1.14.14', '1.13.12', '1.14.16', '2.1.1', '6.2.1', '2.4.1', '3.6.1', '1.14.18']"
Calcium threonate,0,0,[]
Zinc picolinate,0,0,[]
Zeaxanthin,136,23,"['5.5.1', '3.1.3', '1.14.19', '5.3.3', '1.14.15', '1.14.13', '1.1.1', '3.2.1', '1.14.21', '1.13.11', '1.1.3', '3.1.6', '1.3.8', '1.14.99', '1.3.3', '2.5.1', '1.14.14', '1.13.12', '1.17.99', '1.3.1', '4.2.1', '1.3.99', '1.14.18']"
Pentoxyverine,57,32,"['1.22.1', '3.4.16', '2.7.1', '4.2.2', '1.14.19', '3.8.1', '1.14.3', '1.21.1', '6.3.2', '1.14.13', '1.14.15', '1.11.2', '1.1.1', '1.10.3', '3.2.1', '3.4.15', '2.3.1', '1.14.11', '1.14.99', '1.14.12', '1.14.14', '3.1.1', '1.14.16', '5.1.3', '6.2.1', '1.3.1', '4.1.3', '4.2.1', '3.6.1', '1.3.99', '3.4.21', '1.14.18']"
Magnesium glycinate,0,0,[]
Pantethine,73,40,"['6.3.4', '2.7.1', '3.1.3', '4.2.2', '3.4.13', '3.5.1', '1.6.4', '6.3.2', '1.14.15', '1.14.13', '3.1.5', '1.1.1', '3.2.1', '1.8.1', '3.3.2', '3.4.15', '3.4.19', '1.1.3', '1.8.4', '3.1.6', '1.11.1', '1.2.1', '3.4.11', '2.5.1', '1.14.14', '1.13.12', '3.1.1', '1.1.99', '5.1.3', '1.8.98', '1.17.99', '2.4.1', '1.3.1', '6.3.1', '4.1.3', '4.2.1', '3.6.1', '1.16.3', '1.17.1', '1.14.18']"
Cobamamide,144,31,"['3.1.3', '3.5.4', '3.4.13', '1.14.19', '3.8.1', '3.5.1', '1.14.3', '6.3.2', '1.14.15', '1.14.13', '1.1.1', '2.6.1', '3.2.1', '5.4.99', '1.1.3', '3.1.6', '1.3.8', '1.14.99', '1.3.3', '1.14.14', '3.1.4', '3.2.2', '1.17.99', '6.2.1', '1.3.1', '4.2.1', '6.3.1', '1.3.99', '1.17.1', '1.14.18', '4.3.3']"
L-threonic acid,88,39,"['5.5.1', '4.1.2', '4.2.3', '2.7.1', '3.1.3', '4.2.2', '6.3.2', '1.14.15', '1.14.13', '1.13.99', '3.1.5', '1.1.1', '3.2.1', '3.3.2', '3.4.15', '3.4.19', '1.7.3', '5.2.1', '1.1.3', '3.1.6', '1.2.1', '1.11.1', '3.4.11', '2.5.1', '1.1.5', '1.14.14', '3.1.1', '4.99.1', '1.1.99', '5.1.3', '1.17.99', '2.4.1', '1.3.1', '4.2.1', '4.1.3', '3.6.1', '1.16.3', '1.17.1', '1.14.18']"
Xylitol,75,31,"['5.5.1', '4.2.3', '2.7.1', '3.1.3', '1.14.15', '1.14.13', '1.13.99', '3.1.5', '1.1.1', '3.2.1', '3.3.2', '1.7.3', '5.4.99', '1.1.3', '3.1.6', '1.2.1', '1.11.1', '2.5.1', '1.1.5', '1.14.14', '3.1.1', '4.99.1', '1.1.99', '5.1.3', '2.4.1', '1.3.1', '4.2.1', '4.1.3', '3.6.1', '1.16.3', '1.14.18']"
Ferrous cysteine glycinate,0,0,[]
Panthenol,69,41,"['6.3.4', '4.2.3', '2.7.1', '3.1.3', '4.2.2', '1.14.19', '3.4.13', '3.5.1', '6.3.2', '1.14.15', '1.14.13', '3.1.5', '1.1.1', '3.2.1', '3.3.2', '3.4.15', '3.4.19', '1.7.3', '1.1.3', '3.1.6', '1.2.1', '1.11.1', '3.4.11', '1.14.12', '2.5.1', '1.1.5', '1.14.14', '1.13.12', '3.1.1', '1.1.99', '5.1.3', '1.17.99', '2.4.1', '1.3.1', '6.3.1', '4.1.3', '4.2.1', '3.6.1', '1.16.3', '1.17.1', '1.14.18']"
Alcloxa,0,0,[]
Ferrous bisglycinate,0,0,[]
Arbutin,143,43,"['1.6.5', '1.22.1', '5.5.1', '4.2.3', '2.7.1', '3.1.3', '4.2.2', '1.14.19', '3.8.1', '1.14.3', '1.21.1', '1.14.13', '1.14.15', '1.11.2', '1.13.99', '3.1.5', '1.1.1', '1.10.3', '3.2.1', '3.3.2', '2.3.1', '5.4.99', '1.1.3', '3.1.6', '1.6.99', '1.2.1', '1.11.1', '1.14.12', '2.8.2', '2.5.1', '1.14.14', '1.14.16', '2.1.1', '1.1.99', '5.1.3', '6.2.1', '2.4.1', '1.3.1', '4.2.1', '4.1.3', '3.6.1', '1.16.3', '1.14.18']"
Octacosanol,203,14,"['1.14.15', '1.14.13', '1.14.99', '1.1.1', '1.2.1', '3.2.1', '3.1.3', '1.3.1', '1.3.99', '1.14.19', '1.14.14', '1.14.18', '1.1.3', '3.1.6']"
Lycopene,142,20,"['5.5.1', '1.17.8', '1.14.19', '5.3.3', '1.14.15', '1.14.13', '1.1.1', '1.14.21', '1.13.11', '1.3.8', '1.14.99', '1.3.3', '2.5.1', '1.14.14', '1.13.12', '1.17.99', '1.3.1', '4.2.1', '1.3.99', '1.14.18']"
Thonzylamine,32,17,"['1.21.1', '1.14.13', '1.22.1', '2.1.1', '1.11.2', '1.10.3', '3.2.1', '6.2.1', '2.4.1', '1.14.3', '3.3.2', '3.6.1', '1.14.14', '3.8.1', '1.2.3', '1.14.18', '1.14.16']"
Copper gluconate,0,0,[]
Zinc gluconate,0,0,[]
Hexylresorcinol,93,30,"['1.6.5', '1.97.1', '1.22.1', '2.7.1', '3.1.3', '1.14.19', '3.8.1', '1.14.3', '1.21.1', '1.14.13', '1.14.15', '1.11.2', '1.1.1', '1.10.3', '3.2.1', '3.1.6', '1.14.99', '1.11.1', '1.14.12', '2.8.2', '1.14.14', '1.13.12', '1.14.16', '5.1.3', '1.3.1', '4.1.3', '4.2.1', '1.3.99', '1.17.1', '1.14.18']"
Chromium picolinate,0,0,[]
Levomefolic acid,113,47,"['1.22.1', '2.7.1', '3.1.3', '3.5.4', '4.2.2', '1.14.19', '3.8.1', '3.5.1', '1.14.3', '1.21.1', '1.14.13', '1.14.15', '1.11.2', '3.1.5', '1.1.1', '1.10.3', '3.2.1', '3.4.15', '1.7.1', '5.2.1', '1.14.11', '3.1.6', '1.3.8', '1.14.99', '1.2.1', '1.3.3', '1.11.1', '1.14.12', '1.6.6', '1.14.14', '3.1.1', '1.14.16', '1.5.1', '5.1.3', '1.17.99', '2.4.1', '1.3.1', '4.1.3', '4.2.1', '3.5.99', '3.6.1', '1.16.3', '1.3.99', '6.3.1', '1.7.99', '1.17.1', '1.14.18']"
Calcium glycerophosphate,0,0,[]
Dihydroergocornine,100,36,"['6.3.4', '2.7.1', '3.1.3', '4.2.2', '3.4.13', '1.14.19', '3.8.1', '3.5.1', '1.14.3', '6.3.2', '1.14.13', '1.14.15', '3.1.5', '3.2.1', '2.3.2', '3.4.19', '3.4.15', '1.13.11', '3.1.6', '1.14.99', '1.17.1', '1.11.1', '3.4.11', '1.14.14', '5.1.3', '6.2.1', '2.4.1', '1.3.1', '4.1.3', '4.2.1', '3.6.1', '6.3.1', '1.16.3', '1.3.99', '3.4.21', '1.14.18']"
Dihydro-alpha-ergocryptine,111,36,"['6.3.4', '2.7.1', '3.1.3', '4.2.2', '3.4.13', '1.14.19', '3.8.1', '3.5.1', '1.14.3', '6.3.2', '1.14.13', '1.14.15', '3.1.5', '3.2.1', '2.3.2', '3.4.19', '3.4.15', '1.13.11', '3.1.6', '1.14.99', '1.17.1', '1.11.1', '3.4.11', '1.14.14', '5.1.3', '6.2.1', '2.4.1', '1.3.1', '4.1.3', '4.2.1', '3.6.1', '6.3.1', '1.16.3', '1.3.99', '3.4.21', '1.14.18']"
Epicriptine,110,36,"['6.3.4', '2.7.1', '3.1.3', '4.2.2', '3.4.13', '1.14.19', '3.8.1', '3.5.1', '1.14.3', '6.3.2', '1.14.13', '1.14.15', '3.1.5', '3.2.1', '2.3.2', '3.4.19', '3.4.15', '1.13.11', '3.1.6', '1.14.99', '1.17.1', '1.11.1', '3.4.11', '1.14.14', '5.1.3', '6.2.1', '2.4.1', '1.3.1', '4.1.3', '4.2.1', '3.6.1', '6.3.1', '1.16.3', '1.3.99', '3.4.21', '1.14.18']"
DL-Methylephedrine,59,30,"['1.6.5', '1.22.1', '2.7.1', '3.1.3', '1.14.19', '3.8.1', '1.14.3', '1.21.1', '1.14.13', '1.11.2', '1.14.15', '3.1.5', '1.1.1', '1.10.3', '3.2.1', '1.13.11', '3.1.6', '1.11.1', '1.14.12', '1.14.14', '1.14.16', '5.1.3', '2.4.1', '1.3.1', '4.1.3', '4.2.1', '3.6.1', '1.16.3', '1.17.1', '1.14.18']"
Bismuth subcarbonate,0,0,[]
Borneol,53,27,"['5.5.1', '2.7.1', '3.1.3', '1.14.19', '1.14.15', '1.14.13', '3.1.5', '1.1.1', '3.2.1', '1.1.3', '3.1.6', '1.14.99', '1.11.1', '1.14.12', '2.5.1', '1.14.14', '1.13.12', '1.1.99', '5.1.3', '2.4.1', '1.3.1', '4.1.3', '4.2.1', '3.6.1', '1.16.3', '1.3.99', '1.14.18']"
Methscopolamine,64,37,"['1.22.1', '3.4.16', '2.7.1', '3.1.3', '4.2.2', '3.8.1', '1.14.3', '1.21.1', '6.3.2', '1.14.15', '1.14.13', '1.11.2', '3.1.5', '1.1.1', '1.10.3', '3.2.1', '3.3.2', '3.4.15', '2.3.1', '1.1.3', '3.1.6', '1.2.1', '1.11.1', '1.14.12', '1.14.14', '3.1.1', '1.14.16', '5.1.3', '6.2.1', '2.4.1', '1.3.1', '4.1.3', '4.2.1', '3.6.1', '1.16.3', '3.4.21', '1.14.18']"
"1,2-Docosahexanoyl-sn-glycero-3-phosphoserine",411,31,"['3.4.16', '3.1.3', '3.4.13', '1.14.19', '5.3.3', '1.14.15', '1.14.13', '1.1.1', '1.10.3', '3.2.1', '2.3.1', '5.2.1', '1.13.11', '3.1.6', '1.3.8', '1.14.99', '1.17.1', '1.2.1', '1.3.3', '3.4.11', '1.14.14', '3.1.4', '3.1.1', '4.1.1', '1.17.99', '6.2.1', '1.3.1', '3.6.1', '1.3.99', '3.4.21', '1.14.18']"
Ubiquinol,376,27,"['1.6.5', '5.5.1', '3.1.3', '1.7.5', '1.17.8', '1.14.19', '3.8.1', '5.3.3', '1.14.13', '1.14.15', '3.2.1', '1.14.21', '1.12.5', '5.4.99', '3.1.6', '1.3.8', '1.6.99', '1.14.99', '1.3.3', '1.14.14', '2.1.1', '1.17.99', '2.4.1', '1.3.1', '4.2.1', '1.7.99', '1.14.18']"
Guaiacol,66,29,"['1.6.5', '1.97.1', '1.22.1', '2.7.1', '3.1.3', '1.14.19', '3.8.1', '1.14.3', '1.21.1', '1.14.13', '1.11.2', '1.10.3', '3.2.1', '1.14.21', '3.3.2', '3.1.6', '1.11.1', '1.14.12', '2.8.2', '1.14.14', '3.1.1', '1.14.16', '2.1.1', '5.1.3', '2.4.1', '4.1.3', '4.2.1', '3.6.1', '1.14.18']"
Selexipag,91,14,"['1.14.13', '1.14.15', '1.14.99', '3.2.1', '6.2.1', '1.3.1', '1.14.3', '3.4.15', '3.6.1', '1.3.99', '1.14.19', '1.14.14', '3.8.1', '1.14.18']"
Alectinib,42,11,"['1.14.13', '1.14.15', '3.8.1', '3.2.1', '6.2.1', '1.14.3', '3.6.1', '1.17.1', '1.14.14', '1.13.12', '1.14.18']"
Pidotimod,56,44,"['6.3.4', '4.2.3', '2.7.1', '3.1.3', '4.2.2', '3.4.13', '1.14.19', '3.5.1', '1.8.3', '6.3.2', '1.14.15', '1.14.13', '3.1.5', '1.1.1', '3.2.1', '2.3.2', '3.4.19', '3.4.15', '5.2.1', '3.1.6', '1.3.8', '1.6.99', '1.14.99', '1.2.1', '1.3.3', '3.4.11', '1.11.1', '2.5.1', '1.14.14', '3.1.1', '3.4.21', '1.5.1', '5.1.3', '1.17.99', '2.4.1', '1.3.1', '6.3.1', '4.1.3', '4.2.1', '3.6.1', '1.16.3', '1.3.99', '1.17.1', '1.14.18']"
Sennosides,165,29,"['2.4.2', '3.1.3', '4.2.2', '3.8.1', '1.14.3', '1.14.15', '1.14.13', '3.1.5', '1.1.1', '3.2.1', '3.3.2', '2.3.1', '5.4.99', '1.1.3', '3.1.6', '1.2.1', '1.11.1', '2.8.2', '1.14.14', '1.13.12', '4.1.1', '2.1.1', '1.1.99', '6.2.1', '2.4.1', '4.2.1', '1.3.1', '1.16.3', '1.14.18']"
Afoxolaner,94,21,"['6.3.4', '2.7.1', '3.4.13', '1.14.19', '3.8.1', '3.5.1', '6.3.2', '1.14.13', '1.14.15', '3.2.1', '3.4.15', '3.4.11', '1.14.14', '5.1.3', '1.3.98', '6.2.1', '4.1.3', '4.2.1', '6.3.1', '3.6.1', '1.14.18']"
Amprolium,0,0,[]
Avilamycin,191,24,"['4.1.2', '3.4.16', '3.1.3', '1.14.19', '3.8.1', '1.14.15', '1.14.13', '1.1.1', '2.6.1', '3.2.1', '2.3.1', '5.4.99', '1.1.3', '3.1.6', '1.3.8', '1.14.99', '1.14.14', '3.1.1', '2.1.1', '6.2.1', '2.4.1', '1.3.1', '3.4.21', '1.14.18']"
Chlorobutanol,7,9,"['1.14.13', '1.14.15', '4.2.3', '3.1.3', '1.14.12', '4.2.1', '1.14.14', '3.1.1', '3.1.6']"
Florfenicol,48,38,"['6.3.4', '1.22.1', '4.2.3', '2.7.1', '3.1.3', '4.2.2', '3.4.13', '1.14.19', '3.8.1', '3.5.1', '1.21.1', '6.3.2', '1.14.13', '1.11.2', '3.1.5', '1.1.1', '1.10.3', '3.2.1', '3.4.15', '3.4.19', '3.1.6', '1.11.1', '3.4.11', '1.14.12', '1.14.14', '3.1.1', '1.14.16', '1.5.1', '5.1.3', '2.4.1', '1.3.1', '6.3.1', '4.1.3', '4.2.1', '3.6.1', '1.16.3', '1.17.1', '1.14.18']"
Monensin,159,25,"['2.4.2', '3.1.3', '4.2.2', '1.14.19', '1.14.15', '1.14.13', '3.1.5', '1.1.1', '3.2.1', '3.3.2', '5.2.1', '1.1.3', '3.1.6', '1.14.99', '1.2.1', '1.11.1', '1.14.14', '1.1.99', '6.2.1', '2.4.1', '1.3.1', '4.2.1', '1.16.3', '1.3.99', '1.14.18']"
Moxidectin,152,30,"['3.4.16', '3.1.3', '4.2.2', '1.14.19', '5.3.3', '1.14.15', '1.14.13', '3.1.5', '1.1.1', '3.2.1', '1.14.21', '2.3.1', '1.1.3', '3.1.6', '1.14.99', '1.11.1', '1.3.3', '1.14.12', '1.14.14', '3.1.1', '1.1.99', '1.17.99', '6.2.1', '2.4.1', '1.3.1', '4.2.1', '1.16.3', '1.3.99', '3.4.21', '1.14.18']"
Narasin,204,25,"['5.3.99', '3.1.3', '4.1.99', '4.2.2', '1.14.19', '1.14.15', '1.14.13', '1.1.1', '3.2.1', '5.2.1', '1.1.3', '3.1.6', '1.14.99', '1.2.1', '1.11.1', '1.14.12', '1.14.14', '1.1.99', '6.2.1', '2.4.1', '4.2.1', '1.3.1', '1.16.3', '1.3.99', '1.14.18']"
Nicarbazin,0,0,[]
Norgestomet,147,28,"['3.4.16', '4.2.2', '1.14.19', '3.5.1', '5.3.3', '6.3.2', '1.14.15', '1.14.13', '1.1.1', '3.2.1', '2.3.1', '1.13.11', '1.1.3', '1.3.8', '1.14.99', '1.17.1', '1.3.3', '2.5.1', '1.14.14', '3.1.1', '1.1.99', '1.17.99', '6.2.1', '1.3.1', '4.2.1', '1.3.99', '3.4.21', '1.14.18']"
Squalene,123,16,"['5.3.3', '1.14.15', '1.14.13', '1.14.99', '5.5.1', '1.1.1', '1.17.99', '1.14.18', '1.17.8', '1.3.1', '4.2.1', '1.3.99', '1.14.19', '1.14.14', '1.13.11', '1.3.8']"
Sulfachlorpyridazine,48,20,"['1.22.1', '2.7.1', '3.5.4', '4.2.2', '3.8.1', '1.21.1', '1.14.13', '1.11.2', '1.1.1', '1.10.3', '3.2.1', '1.7.1', '3.4.15', '1.14.12', '1.14.14', '1.8.99', '5.1.3', '4.1.3', '4.2.1', '1.14.18']"
Sulfaquinoxaline,65,15,"['1.14.13', '1.11.2', '1.14.99', '1.1.1', '1.8.99', '3.2.1', '1.14.18', '1.14.12', '1.7.1', '3.4.15', '4.2.2', '1.14.14', '3.8.1', '1.2.3', '1.13.11']"
Tiamulin,102,33,"['3.4.16', '3.13.1', '3.1.3', '4.2.2', '1.14.19', '6.3.2', '1.14.15', '1.14.13', '3.3.1', '3.1.5', '1.1.1', '3.2.1', '2.3.1', '1.1.3', '3.1.6', '1.3.8', '1.14.99', '1.17.1', '1.11.1', '1.3.3', '1.14.14', '3.1.1', '1.1.99', '1.17.99', '6.2.1', '2.4.1', '1.3.1', '4.2.1', '1.16.3', '3.6.1', '1.3.99', '3.4.21', '1.14.18']"
Tilmicosin,184,30,"['3.4.16', '3.1.3', '4.2.2', '1.14.19', '1.14.15', '1.14.13', '1.1.1', '3.2.1', '2.3.1', '5.4.99', '1.1.3', '3.1.6', '1.3.8', '1.14.99', '1.17.1', '1.11.1', '1.3.3', '3.1.2', '1.14.14', '3.1.1', '1.1.99', '1.17.99', '6.2.1', '2.4.1', '1.3.1', '4.2.1', '1.16.3', '1.3.99', '3.4.21', '1.14.18']"
Milbemycin oxime,0,0,[]
Tylvalosin,262,28,"['3.4.16', '3.1.3', '1.14.19', '3.5.1', '1.14.15', '1.14.13', '1.1.1', '3.2.1', '2.3.1', '1.14.11', '5.4.99', '1.1.3', '3.1.6', '1.3.8', '1.14.99', '1.2.1', '1.3.3', '1.14.14', '3.1.1', '3.4.21', '1.17.99', '6.2.1', '2.4.1', '1.3.1', '4.2.1', '1.3.99', '1.17.1', '1.14.18']"
Lesinurad,75,26,"['1.22.1', '3.1.3', '4.2.2', '3.8.1', '1.21.1', '1.14.13', '1.14.15', '1.11.2', '3.1.5', '1.1.1', '1.10.3', '3.2.1', '3.4.15', '5.2.1', '1.13.11', '3.1.6', '1.2.1', '1.11.1', '1.14.12', '1.14.14', '3.1.1', '2.4.1', '4.2.1', '3.6.1', '1.16.3', '1.14.18']"
Aminacrine,58,15,"['1.21.1', '1.14.13', '1.22.1', '1.14.99', '1.11.2', '1.13.11', '1.1.1', '1.10.3', '1.8.99', '1.14.12', '3.5.4', '1.7.1', '1.14.14', '3.8.1', '1.14.18']"
Elbasvir,67,15,"['1.14.13', '1.14.15', '2.1.1', '1.14.99', '3.2.1', '6.2.1', '2.4.1', '1.3.1', '1.14.3', '3.6.1', '1.14.19', '1.14.14', '3.8.1', '1.14.18', '3.1.1']"
Grazoprevir,173,30,"['6.3.4', '3.4.13', '1.14.19', '3.8.1', '3.5.1', '1.14.3', '6.3.2', '1.14.15', '1.14.13', '3.4.24', '3.2.1', '3.4.19', '3.4.15', '1.14.11', '1.14.99', '1.17.1', '1.2.1', '3.4.11', '1.14.14', '1.13.12', '2.1.1', '1.17.99', '6.2.1', '2.4.1', '1.3.1', '6.3.1', '3.6.1', '1.3.99', '3.4.21', '1.14.18']"
Venetoclax,63,16,"['1.14.15', '1.14.13', '2.1.1', '1.14.99', '3.2.1', '1.17.99', '1.14.18', '2.4.1', '6.2.1', '1.3.1', '1.14.3', '3.6.1', '1.14.19', '1.14.14', '3.8.1', '1.2.3']"
Thiocolchicoside,142,44,"['6.3.4', '1.22.1', '2.7.1', '3.1.3', '4.2.2', '3.4.13', '3.8.1', '3.5.1', '1.14.3', '1.21.1', '6.3.2', '1.14.13', '1.14.15', '1.11.2', '3.1.5', '1.1.1', '1.10.3', '3.2.1', '3.3.2', '3.4.15', '2.3.1', '5.4.99', '1.1.3', '3.1.6', '1.14.99', '1.2.1', '1.11.1', '3.4.11', '2.5.1', '1.14.14', '3.1.1', '2.1.1', '1.1.99', '5.1.3', '6.2.1', '2.4.1', '4.2.1', '1.3.1', '4.1.3', '3.6.1', '6.3.1', '1.16.3', '1.17.1', '1.14.18']"
Cetalkonium,106,10,"['1.14.13', '1.14.15', '1.14.99', '1.3.1', '1.14.3', '1.3.99', '1.14.19', '1.14.14', '3.8.1', '1.14.18']"
Pipradrol,63,30,"['1.22.1', '2.7.1', '3.1.3', '1.14.19', '3.8.1', '1.14.3', '1.21.1', '1.14.15', '1.14.13', '1.11.2', '3.1.5', '1.10.3', '3.2.1', '1.13.11', '3.1.6', '1.14.99', '1.11.1', '1.14.12', '1.14.14', '1.14.16', '1.5.1', '5.1.3', '2.4.1', '1.3.1', '4.1.3', '4.2.1', '3.6.1', '1.16.3', '1.3.99', '1.14.18']"
Asunaprevir,91,27,"['6.3.4', '3.4.13', '1.14.19', '3.8.1', '3.5.1', '1.14.3', '6.3.2', '1.14.15', '1.14.13', '3.4.24', '3.2.1', '3.4.19', '3.4.15', '1.14.11', '1.14.99', '1.2.1', '3.4.11', '1.14.14', '1.13.12', '2.1.1', '1.17.99', '6.2.1', '2.4.1', '6.3.1', '3.6.1', '3.4.21', '1.14.18']"
Etafedrine,51,29,"['1.6.5', '1.22.1', '2.7.1', '3.1.3', '1.14.19', '3.8.1', '1.14.3', '1.21.1', '1.14.13', '1.11.2', '1.14.15', '3.1.5', '1.1.1', '1.10.3', '3.2.1', '3.1.6', '1.11.1', '1.14.12', '1.14.14', '1.14.16', '5.1.3', '2.4.1', '1.3.1', '4.1.3', '4.2.1', '3.6.1', '1.16.3', '1.17.1', '1.14.18']"
Bilastine,64,21,"['3.1.3', '1.14.3', '3.8.1', '1.14.15', '1.14.13', '3.1.5', '1.1.1', '3.2.1', '5.2.1', '3.1.6', '1.14.99', '1.2.1', '1.11.1', '1.14.14', '6.2.1', '2.4.1', '4.2.1', '3.6.1', '1.16.3', '1.17.1', '1.14.18']"
Domiphen,88,21,"['1.22.1', '1.14.19', '1.14.3', '3.8.1', '1.21.1', '1.14.13', '1.14.15', '1.11.2', '1.10.3', '3.2.1', '1.14.99', '1.14.12', '1.14.14', '1.14.16', '2.1.1', '6.2.1', '2.4.1', '1.3.1', '3.6.1', '1.3.99', '1.14.18']"
Levoleucovorin,127,49,"['6.3.4', '1.22.1', '2.7.1', '3.1.3', '3.5.4', '4.2.2', '1.14.19', '3.8.1', '3.5.1', '1.14.3', '1.21.1', '1.14.13', '1.14.15', '1.11.2', '3.1.5', '1.1.1', '1.10.3', '3.2.1', '3.4.15', '1.7.1', '5.2.1', '1.14.11', '3.1.6', '1.3.8', '1.14.99', '1.2.1', '1.3.3', '1.11.1', '1.14.12', '1.6.6', '1.14.14', '3.1.1', '1.14.16', '1.5.1', '5.1.3', '1.17.99', '2.4.1', '1.3.1', '4.1.3', '4.2.1', '3.5.99', '3.6.1', '2.1.2', '1.3.99', '1.16.3', '6.3.1', '1.17.1', '6.3.3', '1.14.18']"
Normethadone,52,16,"['1.14.13', '1.14.15', '1.11.2', '1.1.1', '3.2.1', '1.3.3', '1.17.99', '1.14.12', '1.3.1', '1.14.3', '1.3.99', '1.17.1', '1.14.14', '3.8.1', '1.14.18', '1.14.16']"
Oxilofrine,54,32,"['1.6.5', '1.22.1', '4.2.3', '2.7.1', '3.1.3', '1.14.19', '3.8.1', '1.14.3', '1.21.1', '1.14.13', '1.11.2', '1.14.15', '3.1.5', '1.1.1', '1.10.3', '3.2.1', '3.1.6', '1.11.1', '1.14.12', '2.8.2', '1.14.14', '1.14.16', '1.5.1', '5.1.3', '2.4.1', '1.3.1', '4.1.3', '4.2.1', '3.6.1', '1.16.3', '1.17.1', '1.14.18']"
Velpatasvir,64,14,"['1.14.13', '1.14.15', '2.1.1', '1.14.99', '3.2.1', '6.2.1', '2.4.1', '1.3.1', '1.14.3', '1.14.19', '1.14.14', '3.8.1', '1.14.18', '3.1.1']"
Rupatadine,52,13,"['1.14.13', '1.14.15', '1.14.99', '2.6.1', '1.3.3', '1.14.18', '1.3.98', '1.14.12', '1.14.3', '1.14.19', '1.14.14', '3.8.1', '1.2.3']"
Dehydrocholic acid,183,26,"['3.1.3', '4.2.2', '1.14.19', '1.14.15', '1.14.13', '3.1.5', '1.1.1', '3.2.1', '5.2.1', '3.1.6', '1.3.8', '1.14.99', '1.2.1', '1.3.3', '1.11.1', '1.14.14', '3.1.1', '1.1.99', '1.17.99', '2.4.1', '1.3.1', '4.2.1', '1.16.3', '1.3.99', '1.17.1', '1.14.18']"
Laropiprant,81,27,"['3.1.3', '1.14.19', '3.8.1', '1.14.3', '1.14.15', '1.14.13', '1.11.2', '1.13.99', '3.1.5', '1.1.1', '3.2.1', '3.4.15', '5.2.1', '3.1.6', '1.2.1', '1.11.1', '1.14.12', '1.14.14', '3.1.1', '1.17.99', '1.3.98', '2.4.1', '4.2.1', '3.6.1', '1.16.3', '1.17.1', '1.14.18']"
Opicapone,67,32,"['1.6.5', '1.22.1', '1.2.7', '2.7.1', '3.1.3', '4.2.2', '1.14.19', '3.8.1', '1.14.3', '1.21.1', '1.14.13', '1.11.2', '2.6.1', '3.2.1', '1.7.1', '3.4.15', '1.1.3', '3.1.6', '1.14.99', '1.2.99', '1.11.1', '1.14.12', '2.8.2', '1.14.14', '1.14.16', '5.1.3', '1.3.98', '1.3.1', '4.1.3', '4.2.1', '1.14.18', '1.12.99']"
Isavuconazole,34,12,"['1.14.13', '1.11.2', '1.14.15', '3.1.5', '3.2.1', '3.1.3', '1.14.3', '3.6.1', '1.14.14', '3.8.1', '1.14.18', '3.1.6']"
Delamanid,53,14,"['1.14.13', '1.14.15', '2.1.1', '1.14.99', '3.2.1', '6.2.1', '2.4.1', '1.14.3', '1.7.1', '3.4.15', '3.6.1', '1.14.14', '3.8.1', '1.14.18']"
Artenimol,63,26,"['2.7.1', '3.1.3', '1.14.19', '1.14.15', '1.14.13', '3.1.5', '1.1.1', '3.2.1', '2.3.1', '1.1.3', '3.1.6', '1.14.99', '1.11.1', '1.14.12', '1.14.14', '1.1.99', '5.1.3', '6.2.1', '2.4.1', '1.3.1', '4.1.3', '4.2.1', '3.6.1', '1.16.3', '1.3.99', '1.14.18']"
Amifampridine,29,17,"['1.6.5', '1.21.1', '1.14.13', '1.22.1', '1.11.2', '1.1.1', '1.8.99', '1.14.12', '3.5.4', '1.7.1', '1.14.19', '1.17.1', '1.14.14', '3.8.1', '1.2.3', '1.14.18', '1.14.16']"
Pitolisant,43,17,"['1.14.19', '1.14.3', '3.8.1', '1.14.13', '1.14.15', '3.2.1', '1.14.99', '1.14.12', '1.14.14', '1.14.16', '1.3.98', '6.2.1', '1.3.1', '3.6.1', '1.3.99', '1.17.1', '1.14.18']"
Tafamidis,83,31,"['1.22.1', '2.7.1', '3.1.3', '4.2.2', '1.14.19', '3.8.1', '3.5.1', '1.21.1', '1.14.13', '1.11.2', '3.1.5', '1.1.1', '1.10.3', '3.2.1', '3.4.15', '3.1.6', '1.14.99', '1.2.1', '1.11.1', '1.14.12', '1.14.14', '3.1.1', '4.1.1', '5.1.3', '1.3.98', '2.4.1', '4.1.3', '4.2.1', '3.6.1', '1.16.3', '1.14.18']"
Tucatinib,40,13,"['1.14.13', '1.11.2', '2.1.1', '1.14.15', '2.6.1', '3.2.1', '6.2.1', '2.4.1', '1.14.3', '3.6.1', '1.14.14', '3.8.1', '1.14.18']"
Rebamipide,140,38,"['1.22.1', '2.7.1', '3.1.3', '4.2.2', '1.14.19', '3.8.1', '3.5.1', '1.14.3', '1.21.1', '1.14.13', '1.11.2', '3.1.5', '1.1.1', '1.10.3', '3.2.1', '3.4.15', '5.2.1', '1.13.11', '3.1.6', '1.14.99', '1.2.1', '1.11.1', '1.14.12', '1.14.14', '3.1.1', '1.14.16', '1.5.1', '5.1.3', '1.3.98', '2.4.1', '1.3.1', '4.1.3', '4.2.1', '3.6.1', '1.16.3', '6.3.1', '1.17.1', '1.14.18']"
Curcumin,79,40,"['1.6.5', '1.22.1', '4.1.2', '2.7.1', '3.1.3', '4.2.2', '1.14.19', '3.8.1', '1.14.3', '1.21.1', '1.14.13', '1.14.15', '1.11.2', '1.1.1', '1.10.3', '3.2.1', '1.14.21', '3.3.2', '1.1.3', '3.1.6', '1.14.99', '1.11.1', '2.8.2', '1.1.5', '1.14.14', '3.1.1', '1.14.16', '2.1.1', '1.1.99', '5.1.3', '1.17.99', '6.2.1', '2.4.1', '4.2.1', '1.3.1', '4.1.3', '3.7.1', '3.6.1', '1.17.1', '1.14.18']"
Mosapride,48,27,"['1.22.1', '2.7.1', '4.2.2', '1.14.19', '3.8.1', '3.5.1', '1.14.3', '1.21.1', '1.14.13', '1.11.2', '1.14.15', '1.1.1', '1.10.3', '3.2.1', '3.4.15', '1.14.14', '3.1.1', '1.14.16', '2.1.1', '5.1.3', '1.3.98', '2.4.1', '6.2.1', '4.1.3', '4.2.1', '3.6.1', '1.14.18']"
Triheptanoin,145,22,"['3.4.16', '4.2.2', '1.14.19', '6.3.2', '1.14.15', '1.14.13', '1.1.1', '3.2.1', '2.3.1', '1.14.11', '1.3.8', '1.14.99', '1.17.1', '1.3.3', '1.14.14', '3.1.1', '1.17.99', '6.2.1', '1.3.1', '1.3.99', '3.4.21', '1.14.18']"
Fruquintinib,54,25,"['1.22.1', '2.7.1', '4.2.2', '3.8.1', '3.5.1', '1.14.3', '1.21.1', '1.14.13', '1.11.2', '1.10.3', '3.2.1', '2.6.1', '3.3.2', '3.4.15', '1.1.3', '1.14.99', '1.14.14', '2.1.1', '5.1.3', '6.2.1', '2.4.1', '4.1.3', '4.2.1', '3.6.1', '1.14.18']"
Daprodustat,66,34,"['6.3.4', '3.4.16', '2.7.1', '3.1.3', '4.2.2', '3.4.13', '1.14.19', '3.5.1', '5.1.1', '6.3.2', '1.14.15', '1.14.13', '3.1.5', '1.1.1', '3.2.1', '3.4.15', '5.2.1', '3.1.6', '1.14.99', '1.2.1', '1.11.1', '3.4.11', '1.14.14', '3.1.1', '5.1.3', '2.4.1', '1.3.1', '6.3.1', '4.1.3', '4.2.1', '3.6.1', '1.16.3', '1.3.99', '1.14.18']"
Selumetinib,46,34,"['1.97.1', '1.22.1', '2.7.1', '3.1.3', '4.2.2', '1.14.19', '3.8.1', '1.14.3', '1.21.1', '1.14.13', '1.14.15', '1.11.2', '3.1.5', '1.1.1', '1.10.3', '3.2.1', '3.4.15', '1.1.3', '3.1.6', '1.2.1', '1.11.1', '1.14.14', '1.14.16', '3.1.1', '1.8.99', '5.1.3', '1.3.98', '6.2.1', '2.4.1', '4.1.3', '4.2.1', '3.6.1', '1.16.3', '1.14.18']"
Naldemedine,81,27,"['6.3.4', '3.1.3', '4.2.2', '3.4.13', '3.8.1', '3.5.1', '1.14.3', '6.3.2', '1.14.15', '1.14.13', '3.1.5', '3.2.1', '3.4.15', '3.1.6', '1.14.99', '1.11.1', '3.4.11', '1.14.14', '2.1.1', '6.2.1', '2.4.1', '4.2.1', '6.3.1', '3.6.1', '1.16.3', '1.17.1', '1.14.18']"
Voclosporin,103,25,"['3.1.3', '3.4.13', '1.14.19', '3.5.1', '6.3.2', '1.14.13', '1.14.15', '1.1.1', '3.4.24', '1.14.21', '3.2.1', '3.4.19', '3.4.15', '1.1.3', '3.1.6', '1.14.99', '1.3.3', '3.4.11', '1.14.14', '1.3.1', '4.2.1', '6.3.1', '1.3.99', '3.4.21', '1.14.18']"
Carnosine,52,41,"['6.3.4', '3.4.16', '2.7.1', '3.1.3', '3.10.1', '4.2.3', '4.2.2', '3.4.13', '3.5.1', '5.1.1', '6.3.2', '1.14.15', '1.14.13', '1.13.99', '3.1.5', '1.1.1', '3.4.24', '3.2.1', '3.4.15', '3.4.19', '5.2.1', '3.1.6', '1.2.1', '1.11.1', '3.4.11', '1.14.14', '1.2.3', '3.1.1', '1.4.3', '1.5.1', '5.1.3', '1.17.99', '2.4.1', '1.3.1', '6.3.1', '4.1.3', '4.2.1', '3.6.1', '1.16.3', '1.17.1', '1.14.18']"
Racecadotril,139,39,"['6.3.4', '1.22.1', '3.4.16', '2.7.1', '4.2.2', '3.4.13', '2.3.3', '3.8.1', '3.5.1', '1.14.3', '1.21.1', '6.3.2', '1.14.13', '1.11.2', '1.14.15', '1.1.1', '1.10.3', '3.2.1', '3.4.15', '3.4.19', '2.3.1', '1.14.99', '1.2.1', '3.4.11', '1.14.12', '2.5.1', '3.1.2', '1.14.14', '3.1.1', '3.4.21', '5.1.3', '6.2.1', '2.8.3', '4.1.3', '6.3.1', '4.2.1', '3.6.1', '1.17.1', '1.14.18']"
Pacritinib,42,15,"['1.14.13', '1.14.15', '2.1.1', '1.14.99', '3.2.1', '6.2.1', '2.4.1', '1.3.1', '1.14.3', '3.6.1', '1.3.99', '1.14.19', '1.14.14', '3.8.1', '1.14.18']"
Tropisetron,67,29,"['1.22.1', '2.7.1', '4.2.2', '1.14.19', '3.8.1', '1.14.3', '1.21.1', '1.14.13', '1.14.15', '1.11.2', '1.1.1', '1.10.3', '3.2.1', '3.4.15', '1.13.11', '1.14.99', '1.14.12', '1.14.14', '3.1.1', '1.14.16', '5.1.3', '6.2.1', '1.3.1', '4.1.3', '4.2.1', '3.6.1', '1.3.99', '1.17.1', '1.14.18']"
Acalabrutinib,79,15,"['1.14.13', '1.14.15', '1.14.99', '1.1.1', '1.2.1', '3.2.1', '1.14.18', '1.14.12', '1.3.1', '3.4.15', '1.3.99', '1.14.19', '1.14.14', '3.8.1', '1.2.3']"
Tezacaftor,96,37,"['2.7.1', '3.1.3', '4.2.2', '3.8.1', '3.5.1', '1.14.3', '1.14.13', '1.14.15', '1.11.2', '3.1.5', '1.1.1', '3.2.1', '2.3.2', '3.3.2', '3.4.19', '3.4.15', '3.4.22', '1.1.3', '3.1.6', '1.2.1', '1.11.1', '3.4.11', '1.14.14', '3.1.1', '2.1.1', '1.1.99', '5.1.3', '6.2.1', '2.4.1', '4.2.1', '6.3.1', '1.3.1', '4.1.3', '3.6.1', '1.16.3', '3.4.21', '1.14.18']"
Encorafenib,38,14,"['1.14.13', '1.14.15', '3.2.1', '1.3.98', '6.2.1', '1.14.3', '3.4.15', '4.2.2', '3.6.1', '1.14.19', '1.14.14', '3.8.1', '1.14.18', '3.1.1']"
Ribociclib,43,14,"['1.14.13', '1.14.15', '1.14.99', '3.2.1', '1.14.18', '1.14.12', '1.3.1', '1.14.3', '3.4.15', '1.3.99', '1.14.19', '1.14.14', '3.8.1', '1.2.3']"
Lasmiditan,45,17,"['2.7.1', '4.2.2', '1.14.3', '3.8.1', '1.14.13', '1.14.15', '1.11.2', '1.1.1', '3.2.1', '3.4.15', '1.14.14', '1.2.3', '5.1.3', '1.3.1', '4.1.3', '4.2.1', '1.14.18']"
Rilmenidine,10,8,"['1.14.15', '1.14.13', '1.5.1', '3.2.1', '1.17.99', '6.2.1', '3.6.1', '1.14.14']"
Vonoprazan,41,7,"['1.14.13', '3.2.1', '1.14.18', '3.4.15', '1.14.14', '3.8.1', '1.2.3']"
Ebastine,67,18,"['1.14.19', '1.14.3', '3.8.1', '1.14.13', '1.14.15', '1.1.1', '3.2.1', '1.3.8', '1.14.99', '1.3.3', '1.14.14', '1.17.99', '6.2.1', '1.3.1', '3.7.1', '1.3.99', '1.17.1', '1.14.18']"
Benfotiamine,80,30,"['6.3.4', '2.7.1', '3.1.3', '3.5.4', '4.2.2', '1.14.19', '3.8.1', '1.14.3', '1.14.15', '1.14.13', '1.11.2', '1.1.1', '2.6.1', '3.2.1', '1.7.1', '3.4.15', '1.13.11', '1.14.99', '3.1.2', '1.14.14', '3.1.4', '1.2.3', '3.1.1', '5.1.3', '6.2.1', '1.3.1', '4.1.3', '4.2.1', '3.6.1', '1.14.18']"
Cabotegravir,51,27,"['1.22.1', '2.7.1', '3.1.3', '4.2.2', '3.8.1', '3.5.1', '1.14.3', '1.21.1', '1.14.13', '1.11.2', '1.14.15', '1.10.3', '3.2.1', '3.4.15', '3.1.6', '1.14.12', '2.8.2', '1.14.14', '3.1.1', '1.14.16', '4.1.1', '5.1.3', '6.2.1', '4.1.3', '4.2.1', '3.6.1', '1.14.18']"
Rifamycin,152,39,"['3.4.16', '3.1.3', '4.2.2', '1.14.19', '3.8.1', '3.5.1', '1.14.3', '1.14.15', '1.14.13', '1.11.2', '3.1.5', '1.1.1', '2.6.1', '3.2.1', '1.14.21', '2.3.1', '3.4.22', '1.1.3', '3.1.6', '1.14.99', '1.2.1', '1.3.3', '1.11.1', '2.8.2', '1.14.14', '3.1.1', '4.1.1', '2.1.1', '1.1.99', '6.2.1', '2.4.1', '1.3.1', '4.2.1', '3.7.1', '3.6.1', '1.16.3', '1.3.99', '3.4.21', '1.14.18']"
Istradefylline,53,26,"['1.22.1', '2.7.1', '4.2.2', '3.8.1', '1.14.3', '1.21.1', '1.14.13', '1.11.2', '1.14.15', '1.10.3', '3.2.1', '3.3.2', '3.4.15', '1.13.11', '1.14.12', '1.14.14', '1.13.12', '3.1.1', '2.1.1', '5.1.3', '6.2.1', '2.4.1', '4.1.3', '4.2.1', '3.6.1', '1.14.18']"
Talazoparib,36,15,"['1.21.1', '1.14.13', '1.22.1', '1.11.2', '1.10.3', '1.8.99', '2.7.1', '3.2.1', '5.1.3', '4.1.3', '4.2.1', '4.2.2', '1.14.14', '3.8.1', '1.14.18']"
Tenapanor,33,11,"['1.14.15', '1.14.13', '1.14.99', '3.2.1', '6.2.1', '1.3.1', '1.14.3', '1.14.19', '1.14.14', '3.8.1', '1.14.18']"
Momelotinib,40,15,"['1.14.13', '3.2.1', '2.7.1', '5.1.3', '1.2.3', '6.2.1', '4.1.3', '4.2.1', '3.4.15', '3.6.1', '1.14.14', '3.8.1', '3.5.1', '1.14.18', '3.1.1']"
Imidapril,108,38,"['1.22.1', '3.4.16', '2.7.1', '3.1.3', '4.2.2', '3.4.13', '3.8.1', '1.14.3', '1.21.1', '6.3.2', '1.14.13', '1.14.15', '1.11.2', '3.1.5', '1.1.1', '1.10.3', '3.2.1', '3.4.15', '3.4.19', '2.3.1', '5.2.1', '3.1.6', '1.2.1', '1.11.1', '1.14.14', '3.1.1', '1.14.16', '3.4.21', '1.5.1', '5.1.3', '6.2.1', '2.4.1', '4.1.3', '4.2.1', '3.6.1', '1.16.3', '1.17.1', '1.14.18']"
Capmatinib,54,9,"['1.14.13', '3.8.1', '3.2.1', '1.14.18', '1.14.12', '1.14.14', '1.13.12', '3.5.1', '1.2.3']"
Niraparib,56,17,"['2.7.1', '1.14.19', '3.8.1', '3.5.1', '1.14.13', '1.14.15', '3.2.1', '3.4.15', '1.14.99', '1.14.14', '1.14.16', '5.1.3', '4.2.1', '1.3.1', '4.1.3', '1.3.99', '1.14.18']"
Fostemsavir,89,23,"['2.7.1', '3.1.3', '4.2.2', '3.8.1', '1.14.3', '1.14.13', '1.13.99', '1.1.1', '2.6.1', '3.2.1', '3.4.15', '1.14.14', '3.1.4', '2.1.1', '5.1.3', '6.2.1', '2.4.1', '1.3.1', '4.1.3', '4.2.1', '3.7.1', '3.6.1', '1.14.18']"
Bictegravir,68,29,"['1.22.1', '2.7.1', '3.1.3', '4.2.2', '1.14.19', '3.8.1', '3.5.1', '1.14.3', '1.21.1', '1.14.13', '1.14.15', '1.11.2', '3.2.1', '3.4.15', '3.1.6', '1.14.99', '2.8.2', '1.14.14', '3.1.1', '1.14.16', '4.1.1', '5.1.3', '6.2.1', '1.3.1', '4.1.3', '4.2.1', '3.6.1', '1.3.99', '1.14.18']"
Tivozanib,75,27,"['1.22.1', '2.7.1', '4.2.2', '1.14.19', '3.8.1', '1.14.3', '1.21.1', '1.14.13', '1.11.2', '1.10.3', '3.2.1', '2.6.1', '3.3.2', '3.4.15', '1.14.99', '1.14.12', '1.14.14', '1.2.3', '2.1.1', '5.1.3', '1.3.98', '2.4.1', '6.2.1', '4.1.3', '4.2.1', '3.6.1', '1.14.18']"
Baricitinib,24,11,"['4.3.1', '1.14.13', '1.14.15', '4.99.1', '3.2.1', '4.2.1', '3.4.15', '3.5.5', '1.14.14', '3.8.1', '1.14.18']"
Nifurtimox,18,23,"['1.22.1', '1.2.7', '2.7.1', '4.2.2', '1.14.3', '1.21.1', '1.14.13', '1.11.2', '3.2.1', '1.7.1', '3.4.15', '3.4.19', '1.14.99', '1.2.99', '3.4.11', '1.14.14', '3.1.1', '1.14.16', '5.1.3', '4.1.3', '4.2.1', '1.14.18', '1.12.99']"
Ertugliflozin,102,31,"['2.7.1', '3.1.3', '1.14.19', '3.8.1', '1.14.3', '1.14.15', '1.14.13', '1.11.2', '3.1.5', '1.1.1', '3.2.1', '3.3.2', '1.1.3', '3.1.6', '1.2.1', '1.11.1', '1.14.12', '1.14.14', '1.13.12', '2.1.1', '1.1.99', '5.1.3', '1.3.98', '2.4.1', '6.2.1', '4.2.1', '1.3.1', '4.1.3', '3.6.1', '1.16.3', '1.14.18']"
Neratinib,60,34,"['3.5.5', '1.14.19', '3.8.1', '3.5.1', '1.14.3', '1.14.13', '1.11.2', '1.14.15', '1.1.1', '3.2.1', '2.3.2', '3.3.2', '3.4.19', '3.4.22', '1.3.8', '1.14.99', '1.2.1', '1.3.3', '3.4.11', '1.14.14', '1.2.3', '3.1.1', '2.1.1', '1.17.99', '1.3.98', '2.4.1', '6.2.1', '4.2.1', '1.3.1', '6.3.1', '3.6.1', '1.3.99', '3.4.21', '1.14.18']"
Osilodrostat,22,9,"['1.14.13', '1.11.2', '1.13.99', '3.5.5', '1.17.1', '1.14.14', '3.8.1', '1.2.3', '1.14.18']"
Relugolix,60,10,"['1.14.13', '2.1.1', '3.2.1', '6.2.1', '2.4.1', '1.14.3', '3.6.1', '1.14.14', '3.8.1', '1.14.18']"
"3,3'-diindolylmethane",53,12,"['1.21.1', '1.14.13', '1.22.1', '1.14.99', '1.11.2', '1.13.11', '3.8.1', '1.10.3', '1.14.12', '1.14.14', '1.13.12', '1.14.18']"
Infigratinib,34,17,"['1.14.13', '1.11.2', '2.1.1', '1.14.15', '3.2.1', '3.1.3', '2.4.1', '1.3.98', '1.14.3', '6.2.1', '3.4.15', '4.2.2', '3.6.1', '1.14.19', '1.14.14', '3.8.1', '1.14.18']"
Prulifloxacin,30,29,"['1.22.1', '2.7.1', '3.1.3', '4.2.2', '3.8.1', '1.14.3', '1.21.1', '1.14.13', '1.11.2', '1.14.15', '3.1.5', '1.1.1', '1.10.3', '3.2.1', '2.6.1', '3.4.15', '3.1.6', '1.2.1', '1.11.1', '1.14.14', '3.1.1', '4.1.1', '5.1.3', '2.4.1', '4.1.3', '4.2.1', '3.6.1', '1.16.3', '1.14.18']"
Apalutamide,46,17,"['1.14.19', '1.14.3', '3.8.1', '3.5.1', '1.14.13', '1.14.15', '1.11.2', '1.1.1', '3.2.1', '3.4.15', '1.14.99', '1.2.1', '1.14.14', '1.2.3', '1.3.1', '1.3.99', '1.14.18']"
Valbenazine,66,29,"['1.22.1', '3.4.16', '2.7.1', '4.2.2', '3.8.1', '1.14.3', '1.21.1', '6.3.2', '1.14.13', '1.14.15', '1.11.2', '1.1.1', '1.10.3', '3.2.1', '3.4.15', '2.3.1', '1.17.1', '1.14.14', '3.1.1', '2.1.1', '5.1.3', '6.2.1', '2.4.1', '1.3.1', '4.1.3', '4.2.1', '3.6.1', '3.4.21', '1.14.18']"
Deflazacort,119,38,"['3.4.16', '2.7.1', '3.1.3', '4.2.2', '1.14.19', '3.5.1', '5.3.3', '6.3.2', '1.14.15', '1.14.13', '3.1.5', '1.1.1', '3.2.1', '3.4.15', '2.3.1', '1.13.11', '1.1.3', '3.1.6', '1.3.8', '1.14.99', '1.11.1', '1.3.3', '2.5.1', '1.14.14', '3.1.1', '1.1.99', '5.1.3', '1.17.99', '6.2.1', '2.4.1', '1.3.1', '4.2.1', '4.1.3', '3.6.1', '1.16.3', '1.3.99', '3.4.21', '1.14.18']"
Riboprine,79,34,"['2.4.2', '2.7.1', '3.1.3', '3.5.4', '3.8.1', '1.14.15', '1.14.13', '3.1.5', '1.1.1', '3.2.1', '3.3.2', '5.3.1', '5.4.99', '1.1.3', '3.1.6', '1.14.99', '1.5.99', '1.2.1', '1.11.1', '2.5.1', '1.14.14', '3.2.2', '1.1.99', '5.1.3', '6.2.1', '2.4.1', '1.3.1', '4.2.1', '4.1.3', '3.6.1', '1.16.3', '1.17.1', '1.14.18', '4.3.3']"
Bempedoic acid,96,32,"['2.7.1', '3.1.3', '4.2.2', '1.14.19', '1.14.15', '1.14.13', '3.1.5', '1.1.1', '3.2.1', '3.4.15', '3.4.19', '5.2.1', '1.14.11', '1.1.3', '3.1.6', '1.14.99', '1.2.1', '1.11.1', '1.14.12', '2.5.1', '1.14.14', '1.13.12', '3.1.1', '1.1.99', '5.1.3', '2.4.1', '1.3.1', '4.1.3', '4.2.1', '1.16.3', '1.3.99', '1.14.18']"
Selinexor,26,14,"['1.14.13', '1.8.99', '3.2.1', '2.7.1', '5.1.3', '4.1.3', '4.2.1', '3.4.15', '4.2.2', '1.17.1', '1.14.14', '3.8.1', '1.2.3', '1.14.18']"
Delafloxacin,50,35,"['1.22.1', '2.7.1', '3.1.3', '4.2.2', '1.14.19', '3.8.1', '1.21.1', '1.14.15', '1.14.13', '1.11.2', '3.1.5', '1.1.1', '1.10.3', '3.2.1', '1.7.1', '3.4.15', '1.1.3', '3.1.6', '1.2.1', '1.11.1', '1.14.14', '1.2.3', '3.1.1', '1.14.16', '4.1.1', '1.1.99', '5.1.3', '1.3.98', '2.4.1', '1.3.1', '4.1.3', '4.2.1', '3.6.1', '1.16.3', '1.14.18']"
Teneligliptin,42,11,"['1.14.13', '1.14.15', '2.1.1', '1.5.1', '2.6.1', '3.2.1', '1.1.1', '3.4.15', '1.14.14', '3.8.1', '1.14.18']"
Lemborexant,67,33,"['1.22.1', '2.7.1', '4.2.2', '3.8.1', '3.5.1', '1.14.3', '1.21.1', '1.14.13', '1.14.15', '1.11.2', '1.10.3', '3.2.1', '2.6.1', '2.3.2', '3.3.2', '3.4.19', '3.4.15', '3.4.22', '1.2.1', '3.4.11', '1.14.14', '1.2.3', '3.1.1', '2.1.1', '5.1.3', '6.2.1', '2.4.1', '4.1.3', '6.3.1', '4.2.1', '3.6.1', '3.4.21', '1.14.18']"
Duvelisib,54,17,"['1.14.13', '1.11.2', '1.14.15', '1.1.1', '3.2.1', '2.7.1', '5.1.3', '1.3.98', '1.14.12', '4.1.3', '4.2.1', '4.2.2', '1.14.19', '1.17.1', '1.14.14', '3.8.1', '1.14.18']"
Dacomitinib,51,36,"['2.7.1', '4.2.2', '1.14.19', '3.8.1', '3.5.1', '1.14.3', '1.14.13', '1.14.15', '1.11.2', '1.1.1', '3.2.1', '2.3.2', '3.3.2', '3.4.19', '3.4.15', '3.4.22', '1.3.8', '1.14.99', '1.3.3', '3.4.11', '1.14.14', '3.1.1', '2.1.1', '5.1.3', '1.17.99', '1.3.98', '2.4.1', '6.2.1', '1.3.1', '4.2.1', '6.3.1', '4.1.3', '3.6.1', '1.3.99', '3.4.21', '1.14.18']"
Ilaprazole,52,27,"['1.22.1', '2.7.1', '4.2.2', '3.8.1', '1.14.3', '1.21.1', '1.14.13', '1.11.2', '1.13.99', '1.10.3', '3.2.1', '2.6.1', '3.3.2', '3.4.15', '1.14.99', '1.3.3', '1.14.12', '1.14.14', '1.2.3', '2.1.1', '5.1.3', '6.2.1', '2.4.1', '4.1.3', '4.2.1', '3.6.1', '1.14.18']"
Binimetinib,43,32,"['1.97.1', '1.22.1', '2.7.1', '3.1.3', '4.2.2', '3.8.1', '1.14.3', '1.21.1', '1.14.13', '1.14.15', '1.11.2', '3.1.5', '1.1.1', '1.10.3', '3.2.1', '3.4.15', '1.1.3', '3.1.6', '1.2.1', '1.11.1', '1.14.14', '1.14.16', '3.1.1', '1.8.99', '5.1.3', '6.2.1', '2.4.1', '4.1.3', '4.2.1', '3.6.1', '1.16.3', '1.14.18']"
Glasdegib,75,10,"['1.14.13', '1.14.15', '1.5.1', '3.2.1', '1.14.12', '1.14.3', '3.4.15', '1.14.14', '3.8.1', '1.14.18']"
Elagolix,137,31,"['3.1.3', '4.2.2', '1.14.19', '3.8.1', '1.14.3', '1.14.15', '1.14.13', '3.1.5', '1.1.1', '2.6.1', '3.2.1', '3.4.15', '5.2.1', '3.1.6', '1.3.8', '1.14.99', '1.2.1', '1.3.3', '1.11.1', '1.14.14', '2.1.1', '1.17.99', '6.2.1', '2.4.1', '1.3.1', '4.2.1', '3.6.1', '1.16.3', '1.3.99', '1.17.1', '1.14.18']"
Entrectinib,59,12,"['1.14.13', '1.14.15', '3.8.1', '3.2.1', '6.2.1', '1.3.1', '1.14.3', '3.6.1', '1.14.19', '1.14.14', '1.13.12', '1.14.18']"
Benznidazole,60,33,"['6.3.4', '1.22.1', '1.2.7', '2.7.1', '4.2.2', '3.4.13', '3.8.1', '3.5.1', '1.21.1', '6.3.2', '1.14.13', '1.11.2', '1.1.1', '1.10.3', '3.2.1', '1.7.1', '3.4.15', '3.4.19', '1.14.99', '1.2.99', '3.4.11', '1.14.12', '1.14.14', '1.2.3', '3.1.1', '1.14.16', '5.1.3', '4.1.3', '6.3.1', '3.5.99', '4.2.1', '1.14.18', '1.12.99']"
Diacerein,152,37,"['1.6.5', '1.22.1', '2.7.1', '3.1.3', '4.2.2', '1.14.19', '3.8.1', '1.14.3', '1.21.1', '1.14.13', '1.11.2', '1.14.15', '3.1.5', '1.1.1', '1.10.3', '3.2.1', '3.1.6', '1.14.99', '1.2.1', '1.11.1', '1.14.12', '3.1.2', '1.14.14', '1.13.12', '3.1.1', '4.1.1', '1.14.16', '2.1.1', '5.1.3', '6.2.1', '2.4.1', '4.1.3', '4.2.1', '1.3.1', '3.6.1', '1.16.3', '1.14.18']"
Avatrombopag,68,20,"['3.1.3', '1.14.19', '3.8.1', '1.14.3', '1.14.15', '1.14.13', '3.1.5', '1.1.1', '3.2.1', '3.4.15', '3.1.6', '1.14.99', '1.2.1', '1.14.14', '1.2.3', '1.3.98', '1.3.1', '3.6.1', '1.3.99', '1.14.18']"
Abemaciclib,27,7,"['1.14.13', '2.6.1', '1.14.18', '1.14.3', '1.14.14', '3.8.1', '1.2.3']"
Nirogacestat,49,23,"['1.14.19', '3.8.1', '3.5.1', '1.14.3', '1.14.13', '1.14.15', '3.2.1', '2.3.2', '3.3.2', '3.4.19', '3.4.15', '3.4.22', '1.14.99', '1.2.1', '3.4.11', '1.14.14', '1.13.12', '3.1.1', '1.3.1', '6.3.1', '1.3.99', '3.4.21', '1.14.18']"
Isoflavone,119,23,"['1.6.5', '1.22.1', '2.7.1', '4.2.2', '1.14.19', '3.8.1', '1.14.3', '1.21.1', '1.14.13', '1.11.2', '1.10.3', '3.2.1', '1.13.11', '1.14.99', '1.11.1', '1.14.12', '1.14.14', '1.14.16', '5.1.3', '1.3.1', '4.1.3', '4.2.1', '1.14.18']"
Fostamatinib,48,24,"['2.7.1', '3.1.3', '4.2.2', '3.8.1', '1.14.3', '1.14.13', '1.11.2', '1.14.15', '3.2.1', '3.3.2', '3.4.15', '1.2.1', '1.14.14', '1.2.3', '3.1.4', '2.1.1', '5.1.3', '6.2.1', '2.4.1', '4.1.3', '3.5.99', '4.2.1', '3.6.1', '1.14.18']"
Alpelisib,49,22,"['2.7.1', '1.14.19', '3.8.1', '3.5.1', '1.14.3', '1.14.13', '1.14.15', '1.11.2', '1.1.1', '2.6.1', '3.2.1', '3.4.15', '1.14.99', '1.3.3', '1.14.14', '1.2.3', '5.1.3', '4.2.1', '1.3.1', '4.1.3', '1.3.99', '1.14.18']"
Ponesimod,77,33,"['2.7.1', '3.1.3', '4.2.2', '1.14.19', '3.8.1', '1.14.3', '1.14.15', '1.14.13', '1.11.2', '3.1.5', '1.1.1', '2.6.1', '3.2.1', '3.3.2', '3.4.15', '1.1.3', '3.1.6', '1.2.1', '1.11.1', '1.14.14', '3.1.1', '2.1.1', '1.1.99', '5.1.3', '1.3.98', '2.4.1', '6.2.1', '4.2.1', '1.3.1', '4.1.3', '3.6.1', '1.16.3', '1.14.18']"
Tecovirimat,45,22,"['1.22.1', '2.7.1', '4.2.2', '1.14.19', '3.8.1', '1.21.1', '1.14.13', '1.14.15', '1.11.2', '1.1.1', '1.10.3', '3.2.1', '3.4.15', '1.14.99', '1.2.1', '1.14.14', '5.1.3', '1.3.1', '4.1.3', '4.2.1', '1.3.99', '1.14.18']"
Voxilaprevir,165,27,"['6.3.4', '3.4.13', '1.14.19', '3.8.1', '3.5.1', '1.14.3', '6.3.2', '1.14.15', '1.14.13', '3.4.24', '3.2.1', '3.4.19', '3.4.15', '1.14.99', '1.2.1', '3.4.11', '1.14.14', '1.13.12', '2.1.1', '6.2.1', '2.4.1', '1.3.1', '6.3.1', '3.6.1', '1.3.99', '3.4.21', '1.14.18']"
Sarecycline,93,35,"['5.3.99', '2.7.1', '3.1.3', '4.2.2', '3.4.13', '3.8.1', '3.5.1', '1.14.3', '1.14.13', '1.14.15', '1.11.2', '3.1.5', '1.1.1', '3.2.1', '3.4.15', '1.1.3', '3.1.6', '1.14.99', '1.11.1', '1.14.12', '2.8.2', '1.14.14', '1.1.99', '5.1.3', '1.17.99', '6.2.1', '2.4.1', '1.3.1', '4.2.1', '4.1.3', '3.7.1', '3.6.1', '1.16.3', '1.17.1', '1.14.18']"
Letermovir,82,23,"['3.1.3', '1.14.3', '3.8.1', '1.14.15', '1.14.13', '1.11.2', '3.1.5', '1.1.1', '3.2.1', '3.4.15', '3.1.6', '1.2.1', '1.11.1', '1.14.14', '2.1.1', '1.17.99', '6.2.1', '2.4.1', '4.2.1', '3.6.1', '1.16.3', '1.17.1', '1.14.18']"
Telotristat ethyl,61,30,"['3.4.16', '2.7.1', '3.5.4', '1.14.19', '3.8.1', '1.14.3', '1.14.13', '1.11.2', '1.14.15', '1.1.1', '2.6.1', '3.2.1', '3.4.15', '1.7.1', '2.3.1', '1.17.1', '1.2.1', '1.6.6', '1.14.14', '3.1.1', '2.1.1', '5.1.3', '1.3.98', '2.4.1', '6.2.1', '4.1.3', '4.2.1', '3.6.1', '3.4.21', '1.14.18']"
Sultamicillin,159,33,"['6.3.4', '3.4.16', '2.7.1', '4.2.2', '3.4.13', '3.8.1', '3.5.1', '1.14.3', '6.3.2', '1.14.15', '1.14.13', '1.11.2', '1.1.1', '3.4.24', '3.2.1', '2.3.2', '3.4.19', '3.4.15', '2.3.1', '1.17.1', '1.2.1', '3.4.11', '1.14.14', '3.1.1', '5.1.3', '1.17.99', '6.2.1', '4.1.3', '4.2.1', '6.3.1', '3.6.1', '3.4.21', '1.14.18']"
Lorlatinib,30,20,"['2.7.1', '4.2.2', '1.14.3', '3.8.1', '1.14.13', '1.11.2', '1.14.15', '1.1.1', '3.2.1', '1.14.12', '1.14.14', '1.2.3', '2.1.1', '5.1.3', '6.2.1', '2.4.1', '4.1.3', '4.2.1', '3.6.1', '1.14.18']"
Vinpocetine,85,25,"['3.4.16', '4.2.2', '1.14.19', '3.8.1', '1.14.3', '6.3.2', '1.14.13', '1.14.15', '1.11.2', '1.13.99', '1.1.1', '3.2.1', '2.3.1', '1.14.99', '1.17.1', '1.14.12', '1.14.14', '3.1.1', '1.17.99', '6.2.1', '1.3.1', '3.6.1', '1.3.99', '3.4.21', '1.14.18']"
Gilteritinib,46,20,"['2.7.1', '1.14.19', '3.8.1', '1.14.3', '1.14.13', '1.14.15', '1.11.2', '3.2.1', '3.4.15', '1.14.14', '2.1.1', '5.1.3', '6.2.1', '2.4.1', '1.3.1', '4.1.3', '4.2.1', '3.6.1', '1.17.1', '1.14.18']"
Erdafitinib,33,13,"['1.14.13', '1.11.2', '2.1.1', '1.14.15', '3.2.1', '6.2.1', '2.4.1', '1.14.3', '3.6.1', '1.14.14', '3.8.1', '1.2.3', '1.14.18']"
Brincidofovir,196,31,"['6.3.4', '2.7.1', '3.1.3', '3.5.4', '4.2.2', '1.14.19', '1.14.3', '1.14.15', '1.14.13', '1.11.2', '3.1.5', '1.1.1', '3.2.1', '3.4.15', '5.4.99', '1.1.3', '3.1.6', '1.14.99', '1.2.1', '1.11.1', '1.14.14', '5.1.3', '6.2.1', '2.4.1', '1.3.1', '4.2.1', '4.1.3', '3.6.1', '1.16.3', '1.3.99', '1.14.18']"
Citicoline,76,51,"['6.3.4', '1.22.1', '2.4.2', '2.7.1', '3.1.3', '3.5.4', '4.2.2', '3.6.2', '2.7.7', '3.8.1', '1.14.3', '1.21.1', '1.14.13', '1.14.15', '1.11.2', '3.1.5', '1.1.1', '2.7.8', '3.2.1', '1.8.1', '3.4.24', '3.3.2', '5.3.1', '1.7.1', '3.4.15', '3.4.19', '2.3.1', '1.1.3', '3.1.6', '1.14.99', '1.11.1', '2.8.2', '1.14.14', '3.1.4', '3.1.1', '1.14.16', '3.2.2', '3.6.5', '1.1.99', '1.8.99', '5.1.3', '6.2.1', '2.4.1', '4.2.1', '3.6.4', '1.3.1', '3.6.1', '4.1.3', '1.16.3', '2.7.4', '1.14.18']"
Deutetrabenazine,58,29,"['1.22.1', '2.7.1', '4.2.2', '3.8.1', '1.14.3', '1.21.1', '1.14.13', '1.14.15', '1.11.2', '1.1.1', '1.10.3', '3.2.1', '3.3.2', '3.4.15', '1.14.14', '3.1.1', '1.14.16', '2.1.1', '1.1.99', '5.1.3', '1.17.99', '6.2.1', '2.4.1', '1.3.1', '4.1.3', '4.2.1', '3.6.1', '1.17.1', '1.14.18']"
Gepirone,43,24,"['2.7.1', '4.2.2', '1.14.19', '3.8.1', '1.14.3', '1.14.13', '1.14.15', '1.11.2', '1.1.1', '3.2.1', '3.4.15', '1.14.99', '1.14.14', '1.13.12', '1.2.3', '3.1.1', '5.1.3', '1.17.99', '1.3.1', '4.1.3', '4.2.1', '1.3.99', '1.17.1', '1.14.18']"
Luseogliflozin,101,30,"['2.7.1', '3.1.3', '3.8.1', '1.14.3', '1.14.15', '1.14.13', '1.11.2', '3.1.5', '1.1.1', '2.6.1', '3.2.1', '3.3.2', '1.1.3', '3.1.6', '1.2.1', '1.11.1', '2.5.1', '1.14.14', '1.13.12', '2.1.1', '1.1.99', '5.1.3', '6.2.1', '2.4.1', '4.2.1', '1.3.1', '4.1.3', '3.6.1', '1.16.3', '1.14.18']"
Capivasertib,60,32,"['6.3.4', '2.7.1', '3.1.3', '1.14.19', '3.4.13', '3.8.1', '3.5.1', '6.3.2', '1.14.13', '1.14.15', '3.1.5', '1.1.1', '3.2.1', '3.4.15', '1.1.3', '3.1.6', '1.2.1', '1.11.1', '3.4.11', '1.14.12', '1.14.14', '3.1.1', '5.1.3', '1.3.98', '2.4.1', '1.3.1', '6.3.1', '4.1.3', '4.2.1', '3.6.1', '1.16.3', '1.14.18']"
Canrenone,140,25,"['3.4.16', '4.1.99', '4.2.2', '1.14.19', '1.14.15', '1.14.13', '1.1.1', '3.2.1', '2.3.1', '1.1.3', '1.3.8', '1.14.99', '1.17.1', '1.3.3', '1.14.14', '3.1.1', '1.1.99', '1.17.99', '6.2.1', '1.3.1', '4.2.1', '3.7.1', '1.3.99', '3.4.21', '1.14.18']"
Estetrol,118,37,"['1.6.5', '1.22.1', '5.5.1', '2.7.1', '3.1.3', '1.14.19', '3.8.1', '1.14.3', '1.21.1', '1.14.15', '1.14.13', '1.11.2', '1.13.99', '3.1.5', '1.1.1', '1.10.3', '3.2.1', '3.3.2', '1.1.3', '3.1.6', '1.14.99', '1.11.1', '1.14.12', '2.8.2', '1.14.14', '1.14.16', '1.1.99', '5.1.3', '2.4.1', '4.2.1', '1.3.1', '4.1.3', '3.6.1', '1.16.3', '1.3.99', '1.17.1', '1.14.18']"
Bexagliflozin,100,32,"['2.7.1', '3.1.3', '1.14.19', '3.8.1', '1.14.3', '1.14.15', '1.14.13', '1.11.2', '3.1.5', '1.1.1', '3.2.1', '3.3.2', '5.4.99', '1.1.3', '3.1.6', '1.2.1', '1.11.1', '2.5.1', '1.14.14', '1.13.12', '2.1.1', '1.1.99', '5.1.3', '1.3.98', '2.4.1', '6.2.1', '4.2.1', '1.3.1', '4.1.3', '3.6.1', '1.16.3', '1.14.18']"
Edaravone,44,26,"['1.22.1', '2.7.1', '4.2.2', '1.14.19', '3.8.1', '1.21.1', '1.14.13', '1.14.15', '1.11.2', '1.1.1', '1.10.3', '3.2.1', '3.4.15', '3.4.19', '1.11.1', '3.4.11', '1.14.12', '1.14.14', '3.1.1', '1.14.16', '5.1.3', '1.17.99', '4.1.3', '4.2.1', '1.17.1', '1.14.18']"
Triclabendazole,75,20,"['1.97.1', '1.22.1', '1.14.19', '1.14.3', '3.8.1', '1.21.1', '1.14.13', '1.11.2', '1.10.3', '3.2.1', '1.11.1', '1.14.12', '1.14.14', '1.14.16', '2.1.1', '1.3.98', '2.4.1', '6.2.1', '3.6.1', '1.14.18']"
Tulobuterol,55,32,"['1.6.5', '1.97.1', '1.22.1', '4.2.3', '2.7.1', '3.1.3', '1.14.19', '3.8.1', '1.14.3', '1.21.1', '1.14.13', '1.11.2', '1.14.15', '3.1.5', '1.1.1', '1.10.3', '3.2.1', '3.1.6', '1.11.1', '1.14.12', '1.14.14', '1.14.16', '5.1.3', '1.3.98', '2.4.1', '1.3.1', '4.1.3', '4.2.1', '3.6.1', '1.16.3', '1.17.1', '1.14.18']"
Vadadustat,109,40,"['1.6.5', '1.22.1', '4.2.3', '2.7.1', '3.1.3', '4.2.2', '1.14.19', '3.8.1', '3.5.1', '1.14.3', '1.21.1', '1.14.13', '1.11.2', '3.1.5', '1.1.1', '1.10.3', '3.2.1', '3.4.15', '3.4.19', '5.2.1', '3.1.6', '1.2.1', '1.11.1', '1.14.12', '2.8.2', '1.14.14', '1.2.3', '3.1.1', '1.14.16', '5.1.3', '1.3.98', '2.4.1', '1.3.1', '4.1.3', '4.2.1', '3.6.1', '1.16.3', '6.3.1', '1.17.1', '1.14.18']"
Fexinidazole,39,31,"['1.22.1', '1.2.7', '2.7.1', '4.2.2', '1.14.19', '3.8.1', '1.14.3', '1.21.1', '1.14.13', '1.11.2', '1.10.3', '3.2.1', '1.7.1', '3.4.15', '3.4.19', '1.14.99', '1.2.99', '2.5.1', '1.14.14', '1.2.3', '3.1.1', '1.14.16', '2.1.1', '5.1.3', '6.2.1', '2.4.1', '4.1.3', '4.2.1', '3.6.1', '1.14.18', '1.12.99']"
Brigatinib,58,12,"['1.14.13', '1.14.15', '2.1.1', '3.2.1', '6.2.1', '2.4.1', '1.14.3', '3.6.1', '1.14.19', '1.14.14', '3.8.1', '1.14.18']"
Propiverine,58,26,"['1.22.1', '3.4.16', '2.7.1', '4.2.2', '1.14.19', '3.8.1', '1.14.3', '1.21.1', '6.3.2', '1.14.13', '1.14.15', '1.11.2', '1.1.1', '1.10.3', '3.2.1', '2.3.1', '1.14.14', '3.1.1', '5.1.3', '6.2.1', '1.3.1', '4.1.3', '4.2.1', '3.6.1', '3.4.21', '1.14.18']"
Doravirine,53,22,"['1.22.1', '2.7.1', '4.2.2', '1.14.19', '1.14.3', '3.8.1', '1.21.1', '1.14.13', '1.11.2', '1.10.3', '3.2.1', '3.4.15', '1.14.14', '2.1.1', '5.1.3', '1.3.98', '2.4.1', '6.2.1', '4.1.3', '4.2.1', '3.6.1', '1.14.18']"
Benzbromarone,90,31,"['1.6.5', '1.97.1', '1.22.1', '2.7.1', '3.1.3', '4.2.2', '1.14.19', '3.8.1', '1.14.3', '1.21.1', '1.14.13', '1.11.2', '1.14.15', '1.1.1', '1.10.3', '3.2.1', '1.13.11', '3.1.6', '1.14.99', '1.11.1', '1.14.12', '2.8.2', '1.14.14', '1.13.12', '1.14.16', '3.1.1', '5.1.3', '4.1.3', '4.2.1', '1.17.1', '1.14.18']"
Rucaparib,44,19,"['1.22.1', '2.7.1', '3.8.1', '3.5.1', '1.14.3', '1.21.1', '1.14.13', '1.11.2', '1.13.99', '1.10.3', '3.2.1', '3.4.15', '1.14.14', '1.14.16', '5.1.3', '4.1.3', '4.2.1', '1.17.1', '1.14.18']"
Betrixaban,80,24,"['1.22.1', '2.7.1', '4.2.2', '1.14.19', '3.8.1', '1.14.3', '1.21.1', '1.14.13', '1.11.2', '1.10.3', '3.2.1', '3.3.2', '3.4.15', '1.14.14', '1.2.3', '2.1.1', '5.1.3', '1.3.98', '2.4.1', '6.2.1', '4.1.3', '4.2.1', '3.6.1', '1.14.18']"
Siponimod,66,20,"['3.1.3', '1.14.19', '1.14.3', '3.8.1', '1.14.15', '1.14.13', '3.1.5', '1.1.1', '3.2.1', '5.2.1', '3.1.6', '1.14.99', '1.2.1', '1.14.14', '6.2.1', '1.3.1', '3.6.1', '1.3.99', '1.17.1', '1.14.18']"
Seladelpar,80,35,"['1.22.1', '2.7.1', '3.1.3', '4.2.2', '1.14.19', '3.8.1', '1.14.3', '1.21.1', '1.14.13', '1.11.2', '1.14.15', '3.1.5', '1.1.1', '1.10.3', '3.2.1', '2.6.1', '5.2.1', '1.1.3', '3.1.6', '1.2.1', '1.11.1', '1.14.12', '2.5.1', '1.14.14', '3.1.1', '2.1.1', '5.1.3', '6.2.1', '2.4.1', '1.3.1', '4.1.3', '4.2.1', '3.6.1', '1.16.3', '1.14.18']"
Bromperidol,80,38,"['1.97.1', '1.22.1', '2.7.1', '3.1.3', '4.2.2', '1.14.19', '3.8.1', '1.14.3', '1.21.1', '1.14.15', '1.14.13', '1.11.2', '3.1.5', '1.1.1', '1.10.3', '3.2.1', '3.4.15', '3.1.6', '1.3.8', '1.14.99', '1.11.1', '1.3.3', '1.14.12', '1.14.14', '3.1.1', '1.14.16', '5.1.3', '1.17.99', '2.4.1', '1.3.1', '4.1.3', '4.2.1', '3.7.1', '3.6.1', '1.16.3', '1.3.99', '1.17.1', '1.14.18']"
Gemigliptin,43,23,"['2.7.1', '4.2.2', '1.14.19', '3.8.1', '1.14.15', '1.14.13', '1.13.99', '1.1.1', '3.2.1', '3.4.15', '1.3.8', '1.14.99', '1.3.3', '1.14.14', '3.1.1', '5.1.3', '1.17.99', '1.3.1', '4.1.3', '4.2.1', '1.3.99', '1.17.1', '1.14.18']"
Saccharin,50,23,"['1.6.5', '1.22.1', '2.7.1', '4.2.2', '1.14.19', '3.8.1', '1.21.1', '6.3.2', '1.14.13', '1.11.2', '1.10.3', '3.2.1', '3.4.15', '3.4.19', '1.11.1', '3.4.11', '1.14.12', '1.14.14', '1.14.16', '5.1.3', '4.1.3', '4.2.1', '1.14.18']"
Theanine,57,46,"['6.3.4', '4.2.3', '2.7.1', '3.1.3', '3.10.1', '4.2.2', '3.4.13', '1.14.19', '1.4.1', '3.5.1', '6.3.2', '1.14.15', '1.14.13', '3.1.5', '1.1.1', '3.2.1', '2.3.2', '3.4.15', '3.4.19', '1.7.3', '5.2.1', '1.14.11', '3.1.6', '1.3.8', '1.6.99', '1.14.99', '1.2.1', '1.3.3', '3.4.11', '1.11.1', '1.14.14', '3.1.1', '4.1.1', '1.4.3', '5.1.3', '1.17.99', '2.4.1', '1.3.1', '6.3.1', '4.1.3', '4.2.1', '3.6.1', '1.16.3', '1.3.99', '1.17.1', '1.14.18']"
Omadacycline,97,35,"['5.3.99', '2.7.1', '3.1.3', '4.2.2', '3.4.13', '3.8.1', '3.5.1', '1.14.3', '1.14.13', '1.14.15', '1.11.2', '3.1.5', '1.1.1', '3.2.1', '3.4.15', '1.1.3', '3.1.6', '1.14.99', '1.11.1', '1.14.12', '2.8.2', '1.14.14', '1.13.12', '1.1.99', '5.1.3', '1.17.99', '2.4.1', '1.3.1', '4.2.1', '4.1.3', '3.7.1', '3.6.1', '1.16.3', '1.17.1', '1.14.18']"
Rimegepant,73,17,"['1.14.19', '1.14.3', '3.8.1', '1.14.13', '1.14.15', '3.2.1', '3.4.15', '1.14.99', '1.3.3', '1.14.14', '1.2.3', '6.2.1', '1.3.1', '3.6.1', '1.17.5', '1.3.99', '1.14.18']"
Favipiravir,20,23,"['1.6.5', '2.7.1', '3.10.1', '3.1.3', '4.2.2', '3.5.1', '6.3.2', '1.14.13', '3.2.1', '2.3.2', '1.17.3', '3.4.15', '3.4.19', '3.1.6', '1.6.99', '3.4.11', '2.8.2', '1.2.3', '5.1.3', '4.2.1', '6.3.1', '4.1.3', '1.17.1']"
Ibrexafungerp,109,21,"['3.1.3', '1.14.19', '3.8.1', '1.14.3', '5.3.3', '1.14.15', '1.14.13', '3.1.5', '1.1.1', '3.2.1', '3.1.6', '1.14.99', '1.2.1', '1.14.14', '1.13.12', '1.17.99', '6.2.1', '1.3.1', '3.6.1', '1.3.99', '1.14.18']"
Levodropropizine,55,32,"['1.22.1', '4.2.3', '2.7.1', '3.1.3', '3.8.1', '1.14.3', '1.21.1', '1.14.13', '1.14.15', '1.11.2', '3.1.5', '1.1.1', '1.10.3', '3.2.1', '3.3.2', '1.1.3', '3.1.6', '1.2.1', '1.11.1', '1.14.12', '2.5.1', '1.14.14', '1.14.16', '1.1.99', '5.1.3', '2.4.1', '4.2.1', '1.3.1', '4.1.3', '3.6.1', '1.16.3', '1.14.18']"
Lynestrenol,93,21,"['3.1.3', '4.1.99', '1.14.19', '5.3.3', '1.14.15', '1.14.13', '3.1.5', '3.2.1', '1.13.11', '3.1.6', '1.14.99', '1.11.1', '1.14.12', '1.14.14', '1.17.99', '2.4.1', '1.3.1', '4.2.1', '1.16.3', '1.3.99', '1.14.18']"
Piribedil,37,16,"['1.21.1', '1.14.13', '1.22.1', '2.1.1', '1.11.2', '1.10.3', '3.2.1', '6.2.1', '2.4.1', '1.14.3', '3.6.1', '1.14.14', '3.8.1', '1.2.3', '1.14.18', '1.14.16']"
Acotiamide,43,28,"['1.22.1', '2.7.1', '3.1.3', '4.2.2', '3.8.1', '3.5.1', '1.14.3', '1.21.1', '1.14.13', '1.11.2', '1.14.15', '1.10.3', '3.2.1', '3.3.2', '3.4.15', '3.1.6', '2.8.2', '1.14.14', '3.1.1', '1.14.16', '2.1.1', '5.1.3', '6.2.1', '2.4.1', '4.1.3', '4.2.1', '3.6.1', '1.14.18']"
Fedratinib,64,16,"['1.14.13', '1.14.15', '2.1.1', '1.14.99', '2.6.1', '3.2.1', '6.2.1', '2.4.1', '1.3.1', '1.14.3', '3.6.1', '1.3.99', '1.14.19', '1.14.14', '3.8.1', '1.14.18']"
Omaveloxolone,177,20,"['6.3.4', '3.4.13', '1.14.19', '3.5.1', '6.3.2', '1.14.15', '1.14.13', '1.1.1', '3.2.1', '1.1.3', '1.14.99', '3.4.11', '1.14.14', '1.13.12', '1.17.99', '1.3.1', '4.2.1', '6.3.1', '1.3.99', '1.14.18']"
Mizolastine,58,11,"['1.14.13', '1.14.15', '1.14.99', '3.2.1', '1.14.12', '1.14.3', '3.4.15', '1.14.14', '3.8.1', '1.2.3', '1.14.18']"
Oxetacaine,30,18,"['3.1.3', '3.8.1', '1.14.3', '1.14.13', '1.14.15', '1.11.2', '3.1.5', '1.1.1', '3.2.1', '3.4.15', '1.1.3', '3.1.6', '1.2.1', '1.14.14', '3.1.1', '3.6.1', '1.14.18', '4.3.3']"
Samidorphan,86,38,"['1.22.1', '2.7.1', '3.1.3', '3.10.1', '4.1.99', '4.2.2', '1.14.19', '3.8.1', '1.14.3', '1.21.1', '1.14.15', '1.14.13', '1.11.2', '3.1.5', '1.1.1', '3.2.1', '3.4.15', '3.1.6', '1.3.8', '1.14.99', '1.11.1', '1.3.3', '2.8.2', '1.14.14', '3.1.1', '1.14.16', '1.1.99', '5.1.3', '1.17.99', '2.4.1', '1.3.1', '4.1.3', '4.2.1', '3.6.1', '1.16.3', '1.3.99', '1.17.1', '1.14.18']"
Sparsentan,81,15,"['1.14.13', '1.14.15', '1.14.99', '2.6.1', '1.2.1', '3.2.1', '6.2.1', '1.3.1', '1.14.3', '3.6.1', '1.3.99', '1.14.19', '1.14.14', '3.8.1', '1.14.18']"
Mebeverine,81,27,"['1.22.1', '2.7.1', '4.2.2', '1.14.19', '3.8.1', '1.14.3', '1.21.1', '1.14.13', '1.14.15', '1.11.2', '1.1.1', '1.10.3', '3.2.1', '1.14.99', '1.14.14', '3.1.1', '2.1.1', '5.1.3', '6.2.1', '2.4.1', '1.3.1', '4.1.3', '4.2.1', '3.6.1', '1.3.99', '1.17.1', '1.14.18']"
Piperine,55,31,"['1.22.1', '2.7.1', '4.2.2', '1.14.19', '3.8.1', '1.14.3', '1.21.1', '1.14.13', '1.14.15', '1.11.2', '1.1.1', '1.10.3', '3.2.1', '3.4.15', '1.3.8', '1.14.99', '1.3.3', '1.14.14', '3.1.1', '1.14.16', '2.1.1', '5.1.3', '1.17.99', '6.2.1', '2.4.1', '1.3.1', '4.2.1', '4.1.3', '3.6.1', '1.3.99', '1.14.18']"
Asciminib,56,32,"['1.22.1', '2.7.1', '3.1.3', '4.2.2', '3.8.1', '1.14.3', '1.21.1', '1.14.15', '1.14.13', '1.11.2', '3.1.5', '1.1.1', '1.10.3', '3.2.1', '3.4.15', '1.1.3', '3.1.6', '1.11.1', '1.14.14', '1.2.3', '1.14.16', '2.1.1', '1.1.99', '5.1.3', '6.2.1', '2.4.1', '1.3.1', '4.1.3', '4.2.1', '3.6.1', '1.16.3', '1.14.18']"
Ozanimod,60,26,"['1.22.1', '3.1.3', '3.8.1', '1.14.3', '1.21.1', '1.14.13', '1.14.15', '1.11.2', '3.1.5', '1.1.1', '1.10.3', '3.2.1', '1.1.3', '3.1.6', '1.2.1', '1.11.1', '1.14.14', '1.14.16', '2.1.1', '6.2.1', '2.4.1', '4.2.1', '3.6.1', '1.16.3', '1.17.1', '1.14.18']"
Octenidine,72,10,"['1.14.13', '1.14.15', '1.14.99', '1.3.1', '1.14.3', '1.3.99', '1.14.19', '1.14.14', '3.8.1', '1.14.18']"
Givinostat,80,18,"['2.7.1', '4.2.2', '1.14.3', '3.8.1', '1.14.13', '1.11.2', '1.14.15', '3.2.1', '3.4.15', '1.14.12', '1.14.14', '3.1.1', '5.1.3', '6.2.1', '4.1.3', '4.2.1', '3.6.1', '1.14.18']"
Tocotrienol,165,29,"['1.6.5', '5.5.1', '3.1.3', '1.17.8', '1.14.19', '3.8.1', '1.14.3', '5.3.3', '1.14.13', '1.14.15', '1.11.2', '1.1.1', '3.2.1', '1.13.11', '3.1.6', '1.3.8', '1.14.99', '1.14.12', '2.8.2', '1.14.14', '2.1.1', '1.17.99', '6.2.1', '2.4.1', '1.3.1', '4.2.1', '1.3.99', '1.17.1', '1.14.18']"
Urapidil,60,24,"['1.22.1', '2.7.1', '4.2.2', '3.8.1', '1.14.3', '1.21.1', '1.14.13', '1.14.15', '1.11.2', '1.10.3', '3.2.1', '3.3.2', '3.4.15', '1.14.14', '3.1.1', '1.14.16', '2.1.1', '5.1.3', '6.2.1', '2.4.1', '4.1.3', '4.2.1', '3.6.1', '1.14.18']"
Protionamide,22,14,"['1.21.1', '1.14.13', '1.22.1', '1.11.2', '1.14.15', '1.3.3', '3.10.1', '1.14.12', '1.17.1', '1.14.14', '3.8.1', '1.2.3', '1.14.18', '1.14.16']"
Perazine,39,8,"['1.14.13', '1.14.15', '1.14.18', '1.14.12', '1.14.3', '1.14.14', '3.8.1', '1.13.11']"
Sotagliflozin,108,36,"['4.4.1', '1.22.1', '5.5.1', '2.7.1', '3.1.3', '1.14.19', '3.8.1', '1.14.3', '1.21.1', '1.14.15', '1.14.13', '1.11.2', '1.13.99', '3.1.5', '1.1.1', '1.10.3', '3.2.1', '3.3.2', '1.1.3', '3.1.6', '1.11.1', '1.14.12', '1.14.14', '1.13.12', '2.1.1', '1.1.99', '5.1.3', '1.3.98', '2.4.1', '6.2.1', '4.2.1', '1.3.1', '4.1.3', '3.6.1', '1.16.3', '1.14.18']"
Quinfamide,64,28,"['1.22.1', '2.7.1', '4.2.2', '1.14.19', '3.8.1', '1.14.3', '1.21.1', '1.14.13', '1.14.15', '1.11.2', '1.1.1', '1.10.3', '3.2.1', '3.4.15', '1.14.99', '3.1.2', '1.14.14', '3.1.1', '1.14.16', '2.1.1', '5.1.3', '6.2.1', '2.4.1', '4.1.3', '4.2.1', '3.6.1', '1.17.1', '1.14.18']"
Benserazide,92,41,"['1.6.5', '1.97.1', '1.22.1', '4.2.3', '2.7.1', '3.1.3', '3.10.1', '4.2.2', '1.14.19', '3.8.1', '1.14.3', '1.21.1', '6.3.2', '1.14.13', '1.14.15', '1.11.2', '3.1.5', '1.1.1', '3.2.1', '3.4.15', '3.4.19', '1.7.3', '1.13.11', '1.1.3', '3.1.6', '1.2.1', '1.11.1', '3.4.11', '1.14.12', '2.8.2', '1.14.14', '1.14.16', '3.1.1', '5.1.3', '2.4.1', '1.3.1', '4.1.3', '4.2.1', '3.6.1', '1.16.3', '1.14.18']"
Lefamulin,145,38,"['3.4.16', '2.7.1', '3.1.3', '3.13.1', '4.2.2', '1.14.19', '6.3.2', '1.14.15', '1.14.13', '3.3.1', '3.1.5', '1.1.1', '3.2.1', '3.4.15', '2.3.1', '1.1.3', '3.1.6', '1.3.8', '1.14.99', '1.17.1', '1.11.1', '1.3.3', '2.5.1', '1.14.14', '3.1.1', '1.1.99', '5.1.3', '1.17.99', '6.2.1', '2.4.1', '1.3.1', '4.1.3', '4.2.1', '3.6.1', '1.16.3', '1.3.99', '3.4.21', '1.14.18']"
Secnidazole,30,38,"['1.2.7', '4.2.3', '2.7.1', '3.1.3', '4.2.2', '3.8.1', '6.3.2', '1.14.15', '1.14.13', '3.1.5', '1.1.1', '2.6.1', '3.2.1', '1.7.1', '3.4.15', '3.4.19', '1.7.3', '1.1.3', '3.1.6', '1.14.99', '1.2.99', '1.11.1', '3.4.11', '1.14.12', '2.5.1', '1.14.14', '3.1.1', '1.1.99', '5.1.3', '2.4.1', '1.3.1', '4.1.3', '4.2.1', '3.6.1', '1.16.3', '1.17.1', '1.14.18', '1.12.99']"
Benperidol,87,28,"['2.7.1', '3.1.3', '4.2.2', '1.14.19', '3.8.1', '1.14.3', '1.14.13', '1.14.15', '1.11.2', '1.1.1', '3.2.1', '3.4.15', '3.1.6', '1.3.8', '1.14.99', '1.3.3', '1.14.12', '2.8.2', '1.14.14', '5.1.3', '1.17.99', '1.3.1', '4.1.3', '4.2.1', '3.7.1', '1.3.99', '1.17.1', '1.14.18']"
Quizartinib,40,12,"['1.14.13', '1.14.15', '1.14.99', '2.1.1', '3.2.1', '6.2.1', '2.4.1', '1.14.3', '3.6.1', '1.14.14', '3.8.1', '1.14.18']"
Oxatomide,82,10,"['1.14.13', '1.14.15', '1.14.99', '3.2.1', '1.14.12', '1.14.3', '3.4.15', '1.14.14', '3.8.1', '1.14.18']"
Tazemetostat,65,18,"['2.7.1', '1.14.19', '1.14.3', '3.8.1', '3.5.1', '1.14.13', '1.14.15', '2.6.1', '3.2.1', '3.4.15', '1.14.14', '5.1.3', '6.2.1', '1.3.1', '4.1.3', '4.2.1', '3.6.1', '1.14.18']"
Resmetirom,34,26,"['6.3.4', '1.22.1', '2.7.1', '4.2.2', '3.5.5', '1.14.19', '3.8.1', '1.14.3', '1.21.1', '1.14.13', '1.11.2', '1.14.15', '1.10.3', '3.2.1', '3.4.15', '1.7.1', '1.14.14', '2.1.1', '5.1.3', '1.3.98', '2.4.1', '6.2.1', '4.1.3', '4.2.1', '3.6.1', '1.14.18']"
Opipramol,49,22,"['3.1.3', '3.8.1', '1.14.3', '1.14.15', '1.14.13', '3.1.5', '1.1.1', '3.2.1', '1.13.11', '1.1.3', '3.1.6', '1.2.1', '1.11.1', '1.14.12', '1.14.14', '1.14.16', '2.4.1', '4.2.1', '3.6.1', '1.16.3', '1.14.18', '4.3.3']"
Darolutamide,46,31,"['1.22.1', '2.7.1', '3.1.3', '4.2.2', '1.14.19', '3.8.1', '3.5.1', '1.14.3', '1.21.1', '1.14.13', '1.11.2', '1.14.15', '3.1.5', '1.1.1', '1.10.3', '3.2.1', '3.4.15', '3.1.6', '1.11.1', '1.14.14', '1.14.16', '5.1.3', '1.3.98', '2.4.1', '4.1.3', '4.2.1', '1.3.1', '3.6.1', '1.16.3', '1.17.1', '1.14.18']"
Lactitol,230,33,"['2.4.2', '5.5.1', '4.2.3', '2.7.1', '3.1.3', '1.14.15', '1.14.13', '1.13.99', '3.1.5', '1.1.1', '3.2.1', '3.3.2', '2.3.1', '5.4.99', '1.1.3', '3.1.6', '1.2.1', '1.11.1', '1.14.12', '2.5.1', '1.1.5', '1.14.14', '1.1.99', '5.1.3', '5.4.1', '2.4.1', '6.2.1', '1.3.1', '4.2.1', '4.1.3', '3.6.1', '1.16.3', '1.14.18']"
Phloroglucinol,28,26,"['1.6.5', '1.97.1', '1.22.1', '2.7.1', '3.1.3', '1.14.19', '3.8.1', '1.14.3', '1.21.1', '1.14.13', '1.11.2', '1.1.1', '3.2.1', '3.1.6', '1.11.1', '1.14.12', '2.8.2', '1.14.14', '1.13.12', '3.1.1', '1.14.16', '5.1.3', '4.1.3', '4.2.1', '1.3.1', '1.14.18']"
Prothipendyl,49,10,"['1.14.13', '1.14.15', '1.11.2', '1.14.18', '1.14.12', '1.14.3', '1.14.14', '3.8.1', '1.2.3', '1.13.11']"
Pexidartinib,39,10,"['1.14.13', '1.14.18', '1.3.98', '1.14.12', '1.13.12', '1.14.19', '1.14.14', '3.8.1', '1.2.3', '1.13.11']"
Tiapride,36,26,"['1.22.1', '2.7.1', '4.2.2', '3.8.1', '3.5.1', '1.14.3', '1.21.1', '1.14.13', '1.11.2', '1.14.15', '1.10.3', '3.2.1', '3.3.2', '3.4.15', '3.4.19', '1.14.14', '3.1.1', '1.14.16', '2.1.1', '5.1.3', '6.2.1', '2.4.1', '4.1.3', '4.2.1', '3.6.1', '1.14.18']"
Ornidazole,28,38,"['1.2.7', '4.2.3', '2.7.1', '3.1.3', '4.2.2', '3.8.1', '6.3.2', '1.14.15', '1.14.13', '3.1.5', '1.1.1', '2.6.1', '3.2.1', '1.7.1', '3.4.15', '3.4.19', '1.7.3', '1.1.3', '3.1.6', '1.14.99', '1.2.99', '1.11.1', '3.4.11', '2.5.1', '1.14.14', '3.1.1', '1.1.99', '5.1.3', '1.17.99', '2.4.1', '1.3.1', '4.1.3', '4.2.1', '3.6.1', '1.16.3', '1.17.1', '1.14.18', '1.12.99']"
Aminaphthone,116,38,"['1.6.5', '1.22.1', '2.7.1', '3.1.3', '3.5.4', '4.2.2', '1.14.19', '3.8.1', '1.14.3', '1.21.1', '1.14.13', '1.11.2', '1.1.1', '1.10.3', '3.2.1', '2.6.1', '1.7.1', '3.4.15', '1.13.11', '1.1.3', '3.1.6', '1.14.99', '1.11.1', '1.14.12', '2.8.2', '3.1.2', '1.14.14', '3.1.1', '1.14.16', '2.1.1', '1.8.99', '5.1.3', '6.2.1', '2.4.1', '4.1.3', '4.2.1', '3.6.1', '1.14.18']"
Fenoverine,48,12,"['1.14.13', '2.1.1', '1.1.1', '3.2.1', '6.2.1', '2.4.1', '1.14.3', '3.4.15', '3.6.1', '1.14.14', '3.8.1', '1.14.18']"
Oteseconazole,61,21,"['1.22.1', '3.1.3', '1.14.3', '3.8.1', '1.21.1', '1.14.13', '1.11.2', '3.1.5', '1.10.3', '3.2.1', '3.1.6', '1.11.1', '1.14.14', '1.2.3', '2.1.1', '6.2.1', '2.4.1', '4.2.1', '3.6.1', '1.16.3', '1.14.18']"
Macimorelin,154,27,"['6.3.4', '1.2.7', '3.4.13', '3.8.1', '3.5.1', '1.14.3', '6.3.2', '1.14.13', '1.11.2', '1.14.15', '1.13.99', '3.4.24', '3.2.1', '2.3.2', '3.4.19', '3.4.15', '1.13.11', '1.14.99', '1.2.99', '1.3.3', '3.4.11', '1.14.12', '1.14.14', '3.4.21', '6.3.1', '1.17.1', '1.14.18']"
Menaquinone 7,362,22,"['1.6.5', '5.5.1', '1.7.5', '1.17.8', '1.14.19', '3.8.1', '1.14.3', '5.3.3', '1.14.15', '1.14.13', '1.1.1', '5.4.99', '1.13.11', '1.3.8', '1.14.99', '1.2.1', '1.14.14', '1.17.99', '1.3.1', '4.2.1', '3.7.1', '1.14.18']"
Pyritinol,32,35,"['1.6.5', '2.7.1', '3.1.3', '3.8.1', '1.6.4', '1.14.13', '1.11.2', '1.14.15', '3.1.5', '1.1.1', '1.10.3', '3.2.1', '1.8.1', '2.6.1', '1.1.3', '1.8.4', '3.1.6', '1.14.99', '1.11.1', '1.2.1', '1.14.12', '2.8.2', '1.14.14', '1.2.3', '1.14.16', '1.4.3', '5.1.3', '1.8.98', '2.4.1', '1.3.1', '4.1.3', '4.2.1', '3.6.1', '1.16.3', '1.14.18']"
Enoxolone,171,25,"['3.1.3', '4.2.2', '1.14.19', '5.3.3', '1.14.15', '1.14.13', '1.1.1', '3.2.1', '5.2.1', '1.14.11', '1.1.3', '3.1.6', '1.14.99', '1.2.1', '1.11.1', '1.14.14', '1.13.12', '1.1.99', '1.17.99', '2.4.1', '1.3.1', '4.2.1', '1.16.3', '1.3.99', '1.14.18']"
Tiropramide,78,21,"['1.22.1', '1.14.3', '3.8.1', '3.5.1', '1.21.1', '1.14.13', '1.14.15', '1.11.2', '1.1.1', '1.10.3', '3.2.1', '3.4.15', '1.3.3', '1.14.14', '3.1.1', '2.1.1', '6.2.1', '2.4.1', '3.6.1', '1.17.1', '1.14.18']"
Amitriptylinoxide,41,10,"['1.14.13', '1.14.15', '1.14.99', '1.14.18', '1.14.12', '1.14.3', '1.17.1', '1.14.14', '3.8.1', '1.13.11']"
Saroglitazar,73,32,"['1.22.1', '2.7.1', '3.1.3', '4.2.2', '3.8.1', '1.14.3', '1.21.1', '1.14.13', '1.11.2', '1.14.15', '3.1.5', '1.1.1', '1.10.3', '3.2.1', '2.6.1', '5.2.1', '3.1.6', '1.2.1', '1.11.1', '2.5.1', '1.14.14', '3.1.1', '2.1.1', '5.1.3', '6.2.1', '2.4.1', '4.1.3', '4.2.1', '3.6.1', '1.16.3', '1.17.1', '1.14.18']"
Troxerutin,230,36,"['2.4.2', '2.7.1', '3.1.3', '4.2.2', '3.8.1', '1.14.3', '1.14.15', '1.14.13', '1.11.2', '3.1.5', '1.1.1', '3.2.1', '3.3.2', '2.3.1', '5.4.99', '1.1.3', '3.1.6', '1.14.99', '1.2.1', '1.11.1', '2.8.2', '1.14.14', '1.14.16', '3.1.1', '2.1.1', '1.1.99', '5.1.3', '5.4.1', '2.4.1', '6.2.1', '4.2.1', '1.3.1', '4.1.3', '3.6.1', '1.16.3', '1.14.18']"
Lusutrombopag,99,28,"['3.1.3', '4.2.2', '1.14.19', '3.8.1', '1.14.3', '1.14.15', '1.14.13', '1.11.2', '3.1.5', '1.1.1', '3.2.1', '5.2.1', '3.1.6', '1.14.99', '1.2.1', '1.11.1', '1.14.12', '1.14.14', '2.1.1', '1.3.98', '2.4.1', '6.2.1', '1.3.1', '4.2.1', '3.6.1', '1.16.3', '1.3.99', '1.14.18']"
Artemisinin,66,24,"['3.4.16', '2.7.1', '4.2.2', '1.14.19', '6.3.2', '1.14.15', '1.14.13', '1.1.1', '3.2.1', '3.4.15', '2.3.1', '1.14.99', '1.14.14', '3.1.1', '5.1.3', '6.2.1', '2.4.1', '1.3.1', '4.1.3', '4.2.1', '3.6.1', '1.3.99', '3.4.21', '1.14.18']"
Levosalbutamol,62,35,"['1.6.5', '1.22.1', '4.2.3', '2.7.1', '3.1.3', '1.14.19', '3.8.1', '1.14.3', '1.21.1', '1.14.13', '1.11.2', '1.14.15', '3.1.5', '1.1.1', '1.10.3', '3.2.1', '1.1.3', '3.1.6', '1.14.99', '1.11.1', '1.2.1', '1.14.12', '2.8.2', '1.14.14', '1.14.16', '1.4.3', '5.1.3', '2.4.1', '1.3.1', '4.1.3', '4.2.1', '3.6.1', '1.16.3', '1.17.1', '1.14.18']"
Ambroxol acefyllinate,0,0,[]
Inosine pranobex,0,0,[]
Terpin hydrate,0,0,[]
Zofenopril,136,33,"['1.22.1', '2.7.1', '3.1.3', '4.2.2', '3.4.13', '3.8.1', '1.14.3', '1.21.1', '1.14.13', '1.14.15', '1.11.2', '3.1.5', '1.1.1', '1.10.3', '3.2.1', '3.4.15', '5.2.1', '3.1.6', '1.2.1', '1.11.1', '2.5.1', '3.1.2', '1.14.14', '3.1.1', '5.1.3', '6.2.1', '2.4.1', '1.3.1', '4.1.3', '4.2.1', '3.6.1', '1.16.3', '1.14.18']"
Plecanatide,164,30,"['3.4.16', '3.1.3', '3.4.13', '1.14.19', '3.5.1', '1.6.4', '6.3.2', '1.14.15', '1.14.13', '1.1.1', '3.4.24', '1.8.1', '3.2.1', '3.4.19', '3.4.15', '1.1.3', '1.8.4', '3.1.6', '1.3.8', '1.14.99', '1.11.1', '1.3.3', '3.4.11', '1.2.1', '1.14.14', '1.3.1', '6.3.1', '1.3.99', '3.4.21', '1.14.18']"
Inositol,32,29,"['5.5.1', '4.2.3', '2.7.1', '3.1.3', '1.14.15', '1.14.13', '1.13.99', '3.1.5', '1.1.1', '3.2.1', '3.3.2', '1.7.3', '1.1.3', '3.1.6', '1.11.1', '1.14.12', '2.5.1', '1.1.5', '1.14.14', '3.1.1', '1.1.99', '5.1.3', '2.4.1', '1.3.1', '4.2.1', '4.1.3', '3.6.1', '1.16.3', '1.14.18']"
Daidzein,100,27,"['1.6.5', '1.22.1', '2.7.1', '3.1.3', '4.2.2', '1.14.19', '3.8.1', '1.14.3', '1.21.1', '1.14.13', '1.11.2', '1.10.3', '3.2.1', '3.1.6', '1.6.99', '1.14.99', '1.11.1', '1.14.12', '2.8.2', '1.14.14', '3.1.1', '1.14.16', '5.1.3', '1.3.1', '4.1.3', '4.2.1', '1.14.18']"
Phosphocreatine,21,27,"['4.2.3', '2.7.1', '3.1.3', '4.2.2', '6.3.2', '1.14.13', '3.1.5', '1.1.1', '3.2.1', '3.4.15', '3.4.19', '1.7.3', '5.2.1', '3.1.6', '2.8.1', '1.2.1', '1.11.1', '3.4.11', '1.14.14', '3.1.1', '5.1.3', '2.4.1', '1.3.1', '4.1.3', '4.2.1', '3.6.1', '1.16.3']"
Bamifylline,70,31,"['1.22.1', '2.7.1', '3.1.3', '4.2.2', '3.8.1', '1.14.3', '1.21.1', '1.14.13', '1.14.15', '1.11.2', '3.1.5', '1.1.1', '1.10.3', '3.2.1', '3.4.15', '1.1.3', '3.1.6', '1.2.1', '1.11.1', '1.14.12', '1.14.14', '1.13.12', '3.1.1', '5.1.3', '2.4.1', '4.1.3', '4.2.1', '3.6.1', '1.16.3', '1.14.18', '4.3.3']"
Teclozan,18,22,"['1.22.1', '2.7.1', '1.14.3', '3.8.1', '1.21.1', '1.14.13', '1.11.2', '1.14.15', '1.1.1', '1.10.3', '3.2.1', '3.4.15', '3.4.19', '1.14.12', '1.14.14', '3.1.1', '5.1.3', '6.2.1', '4.1.3', '4.2.1', '3.6.1', '1.14.18']"
Oxolamine,27,9,"['1.14.13', '1.11.2', '1.14.15', '1.14.3', '1.17.1', '1.14.14', '3.8.1', '1.14.18', '1.14.16']"
Ferrous aspartate,0,0,[]
Tribenoside,80,23,"['3.1.3', '3.8.1', '1.14.3', '1.14.15', '1.14.13', '1.11.2', '3.1.5', '1.1.1', '3.2.1', '2.3.1', '1.1.3', '3.1.6', '1.11.1', '1.14.12', '1.14.14', '1.1.99', '6.2.1', '2.4.1', '4.2.1', '1.3.1', '1.16.3', '3.6.1', '1.14.18']"
Calcium lactate,0,0,[]
Neltenexine,57,36,"['1.97.1', '1.22.1', '2.7.1', '3.1.3', '4.2.2', '1.14.19', '3.8.1', '1.14.3', '1.21.1', '1.14.15', '1.14.13', '1.11.2', '3.1.5', '1.1.1', '1.10.3', '3.2.1', '3.4.15', '1.1.3', '3.1.6', '1.14.99', '1.11.1', '1.14.14', '3.1.1', '1.14.16', '1.5.1', '1.1.99', '1.8.99', '5.1.3', '2.4.1', '1.3.1', '4.1.3', '4.2.1', '3.6.1', '1.16.3', '1.3.99', '1.14.18']"
Pramiracetam,37,28,"['6.3.4', '2.7.1', '4.2.2', '3.4.13', '1.14.19', '3.5.1', '6.3.2', '1.14.15', '1.14.13', '1.1.1', '3.2.1', '3.4.15', '3.4.19', '1.3.8', '1.14.99', '1.3.3', '3.4.11', '1.14.14', '3.1.1', '5.1.3', '1.17.99', '1.3.1', '6.3.1', '4.1.3', '4.2.1', '1.3.99', '1.17.1', '1.14.18']"
Clothiapine,50,10,"['1.14.13', '1.1.1', '1.14.18', '1.3.98', '1.14.12', '1.14.3', '1.14.19', '1.14.14', '3.8.1', '1.13.11']"
Sitafloxacin,0,0,[]
Cefatrizine,69,41,"['6.3.4', '1.22.1', '2.7.1', '3.1.3', '3.10.1', '4.2.2', '3.4.13', '3.8.1', '3.5.1', '1.14.3', '1.21.1', '6.3.2', '1.14.13', '1.11.2', '3.1.5', '1.1.1', '1.10.3', '3.4.24', '3.2.1', '2.3.2', '3.4.19', '3.4.15', '5.2.1', '3.1.6', '3.5.2', '1.2.1', '1.11.1', '3.4.11', '1.14.12', '2.8.2', '1.14.14', '1.14.16', '5.1.3', '2.4.1', '4.1.3', '4.2.1', '6.3.1', '3.6.1', '1.16.3', '3.4.21', '1.14.18']"
Dichlorobenzyl alcohol,53,35,"['1.6.5', '1.97.1', '1.22.1', '4.2.3', '2.7.1', '3.1.3', '1.14.19', '3.8.1', '1.14.3', '1.21.1', '1.14.13', '1.11.2', '1.14.15', '3.1.5', '1.1.1', '1.10.3', '3.2.1', '1.1.3', '3.1.6', '1.14.99', '1.11.1', '1.2.1', '1.14.12', '1.14.14', '1.14.16', '1.4.3', '5.1.3', '1.3.98', '2.4.1', '1.3.1', '4.1.3', '4.2.1', '3.6.1', '1.16.3', '1.14.18']"
Benproperine,89,22,"['1.22.1', '1.14.19', '3.8.1', '1.14.3', '1.21.1', '1.14.13', '1.14.15', '1.11.2', '1.10.3', '3.2.1', '1.14.99', '1.14.12', '1.14.14', '1.13.12', '1.14.16', '2.1.1', '6.2.1', '2.4.1', '1.3.1', '3.6.1', '1.3.99', '1.14.18']"
Delapril,136,34,"['1.22.1', '3.4.16', '2.7.1', '3.1.3', '3.8.1', '1.14.3', '1.21.1', '6.3.2', '1.14.13', '1.14.15', '1.11.2', '3.1.5', '1.1.1', '1.10.3', '3.2.1', '3.4.15', '2.3.1', '5.2.1', '3.1.6', '1.17.1', '1.2.1', '1.11.1', '1.14.12', '1.14.14', '3.1.1', '5.1.3', '6.2.1', '2.4.1', '4.1.3', '4.2.1', '3.6.1', '1.16.3', '3.4.21', '1.14.18']"
Melevodopa,87,40,"['1.6.5', '1.97.1', '1.22.1', '3.4.16', '2.7.1', '3.10.1', '3.1.3', '4.2.2', '1.14.19', '3.8.1', '3.5.1', '1.14.3', '1.21.1', '6.3.2', '1.14.13', '1.11.2', '1.1.1', '1.10.3', '3.2.1', '3.4.15', '3.4.19', '2.3.1', '1.13.11', '3.1.6', '1.11.1', '3.4.11', '1.14.12', '2.8.2', '1.14.14', '3.1.1', '1.14.16', '3.4.21', '5.1.3', '6.2.1', '1.3.1', '4.1.3', '4.2.1', '3.6.1', '1.17.1', '1.14.18']"
Sobrerol,59,28,"['4.2.3', '2.7.1', '3.1.3', '1.14.15', '1.14.13', '3.1.5', '1.1.1', '3.2.1', '1.14.21', '1.13.11', '1.1.3', '3.1.6', '1.14.99', '1.11.1', '1.3.3', '1.14.12', '2.5.1', '1.14.14', '1.1.99', '5.1.3', '1.17.99', '2.4.1', '1.3.1', '4.1.3', '4.2.1', '3.6.1', '1.16.3', '1.14.18']"
Hydrotalcite,0,0,[]
Picotamide,76,26,"['1.22.1', '2.7.1', '4.2.2', '3.8.1', '3.5.1', '1.14.3', '1.21.1', '1.14.13', '1.11.2', '1.10.3', '3.2.1', '3.3.2', '3.4.15', '1.14.12', '1.14.14', '1.2.3', '3.1.1', '1.14.16', '2.1.1', '5.1.3', '6.2.1', '2.4.1', '4.1.3', '4.2.1', '3.6.1', '1.14.18']"
Guaiazulen,15,7,"['1.14.13', '1.11.2', '1.14.15', '1.14.14', '1.14.3', '1.14.18', '1.1.3']"
Pinazepam,66,20,"['1.22.1', '2.7.1', '1.14.19', '3.8.1', '1.21.1', '1.14.13', '1.11.2', '1.1.1', '1.10.3', '3.2.1', '3.4.15', '1.13.11', '1.2.1', '1.14.12', '1.14.14', '5.1.3', '1.3.98', '4.1.3', '4.2.1', '1.14.18']"
Flurithromycin,175,26,"['5.3.99', '3.4.16', '3.1.3', '4.2.2', '1.14.15', '1.14.13', '3.1.5', '1.1.1', '3.2.1', '3.3.2', '2.3.1', '5.4.99', '1.1.3', '3.1.6', '1.11.1', '1.14.14', '3.1.1', '1.1.99', '6.2.1', '2.4.1', '4.2.1', '1.3.1', '1.16.3', '3.6.1', '3.4.21', '1.14.18']"
Dihydroergocristine,137,33,"['6.3.4', '3.1.3', '3.4.13', '1.14.19', '3.8.1', '3.5.1', '1.14.3', '6.3.2', '1.14.13', '1.14.15', '3.1.5', '3.2.1', '2.3.2', '3.4.19', '3.4.15', '1.13.11', '3.1.6', '1.14.99', '1.11.1', '1.3.3', '3.4.11', '1.14.14', '3.4.21', '6.2.1', '2.4.1', '1.3.1', '6.3.1', '4.2.1', '3.6.1', '1.16.3', '1.3.99', '1.17.1', '1.14.18']"
Viminol,44,21,"['3.1.3', '1.14.19', '1.14.3', '3.8.1', '1.14.15', '1.14.13', '1.11.2', '3.1.5', '1.1.1', '3.2.1', '3.1.6', '1.11.1', '1.14.14', '1.3.98', '2.4.1', '1.3.1', '4.2.1', '3.6.1', '1.16.3', '1.17.1', '1.14.18']"
Phenprobamate,59,36,"['1.6.5', '1.22.1', '2.7.1', '3.10.1', '4.2.2', '1.14.19', '3.8.1', '3.5.1', '1.14.3', '1.21.1', '6.3.2', '1.14.13', '1.14.15', '1.11.2', '1.10.3', '3.2.1', '2.3.2', '3.4.15', '3.4.19', '1.11.1', '3.4.11', '1.14.12', '1.14.14', '3.1.1', '1.14.16', '2.1.3', '6.1.2', '5.1.3', '6.2.1', '1.3.1', '6.3.1', '4.1.3', '4.2.1', '3.6.1', '1.17.1', '1.14.18']"
Magnesium aspartate,0,0,[]
Sodium feredetate,0,0,[]
Melitracen,38,9,"['1.14.13', '1.14.15', '1.14.99', '1.14.18', '1.14.12', '1.14.3', '1.14.14', '3.8.1', '1.13.11']"
Prenoxdiazine,24,9,"['1.14.13', '1.14.15', '1.14.99', '1.3.1', '1.3.99', '1.14.19', '1.14.14', '3.8.1', '1.14.18']"
Metildigoxin,224,27,"['3.4.16', '3.1.3', '4.1.99', '4.2.2', '1.14.19', '5.3.3', '1.14.15', '1.14.13', '1.1.1', '3.2.1', '2.3.1', '1.1.3', '3.1.6', '1.14.99', '1.11.1', '1.14.14', '3.1.1', '1.1.99', '1.17.99', '6.2.1', '2.4.1', '1.3.1', '4.2.1', '1.16.3', '1.3.99', '3.4.21', '1.14.18']"
Rokitamycin,253,37,"['3.4.16', '3.1.3', '4.2.2', '1.14.19', '1.14.15', '1.14.13', '1.1.1', '3.2.1', '2.3.1', '5.2.1', '1.14.11', '1.13.11', '1.1.3', '5.4.99', '3.1.6', '1.3.8', '1.14.99', '1.2.1', '1.3.3', '1.11.1', '1.14.12', '3.1.2', '1.14.14', '1.2.3', '3.1.1', '3.4.21', '1.4.3', '1.1.99', '1.17.99', '6.2.1', '2.4.1', '1.3.1', '4.2.1', '1.16.3', '1.3.99', '1.17.1', '1.14.18']"
Fenyramidol,84,29,"['1.22.1', '4.2.3', '2.7.1', '3.1.3', '3.8.1', '1.21.1', '1.14.13', '1.11.2', '3.1.5', '1.1.1', '1.10.3', '3.2.1', '1.13.11', '3.1.6', '1.11.1', '1.14.12', '1.14.14', '1.2.3', '1.14.16', '1.8.99', '5.1.3', '2.4.1', '1.3.1', '4.1.3', '4.2.1', '3.6.1', '1.16.3', '1.17.1', '1.14.18']"
Pentetrazol,19,5,"['1.14.13', '1.14.15', '1.3.1', '1.14.14', '3.8.1']"
Sulbutiamine,44,28,"['6.3.4', '3.4.16', '3.5.4', '1.14.19', '3.8.1', '1.6.4', '1.14.15', '1.14.13', '1.1.1', '2.6.1', '3.2.1', '1.8.1', '3.4.15', '2.3.1', '1.13.11', '5.4.99', '1.8.4', '1.3.8', '1.14.99', '1.11.1', '1.14.14', '3.1.1', '1.8.98', '6.2.1', '1.3.1', '3.6.1', '3.4.21', '1.14.18']"
Medazepam,52,9,"['1.14.13', '1.11.2', '1.14.18', '1.3.98', '1.14.12', '1.14.19', '1.14.14', '3.8.1', '1.13.11']"
Ioxitalamic acid,52,42,"['1.22.1', '4.2.3', '2.7.1', '3.1.3', '4.2.2', '3.8.1', '3.5.1', '1.21.1', '6.3.2', '1.14.13', '1.14.15', '3.1.5', '1.1.1', '3.2.1', '2.3.2', '3.3.2', '1.7.1', '3.4.19', '3.4.15', '3.4.22', '1.1.3', '3.1.6', '1.14.99', '1.2.1', '1.11.1', '3.4.11', '1.14.12', '1.14.14', '3.1.1', '4.1.1', '1.1.99', '1.8.99', '5.1.3', '2.4.1', '4.1.3', '6.3.1', '4.2.1', '3.6.1', '1.16.3', '3.4.21', '1.14.18', '4.3.3']"
Nepinalone,70,28,"['1.22.1', '2.7.1', '4.2.2', '1.14.19', '3.8.1', '1.14.3', '1.21.1', '1.14.13', '1.14.15', '1.11.2', '1.1.1', '1.10.3', '3.2.1', '1.13.11', '1.14.99', '1.14.12', '1.14.14', '3.1.1', '1.14.16', '1.1.99', '5.1.3', '1.17.99', '1.3.1', '4.1.3', '4.2.1', '1.3.99', '1.17.1', '1.14.18']"
Midecamycin,239,30,"['3.4.16', '3.1.3', '4.2.2', '1.14.19', '1.14.13', '1.14.15', '1.1.1', '3.2.1', '2.3.1', '1.14.11', '1.1.3', '3.1.6', '1.14.99', '1.2.1', '1.3.3', '1.11.1', '1.14.12', '1.14.14', '3.1.1', '3.4.21', '1.1.99', '1.17.99', '6.2.1', '2.4.1', '1.3.1', '4.2.1', '1.16.3', '1.3.99', '1.17.1', '1.14.18']"
Etamsylate,0,0,[]
Hidrosmin,206,38,"['2.4.2', '2.7.1', '3.1.3', '4.2.2', '1.14.19', '3.8.1', '1.14.3', '1.14.15', '1.14.13', '1.11.2', '3.1.5', '1.1.1', '3.2.1', '1.14.21', '3.3.2', '2.3.1', '5.4.99', '1.1.3', '3.1.6', '1.14.99', '1.2.1', '1.11.1', '2.8.2', '1.14.14', '1.14.16', '3.1.1', '2.1.1', '1.1.99', '5.1.3', '5.4.1', '2.4.1', '6.2.1', '4.2.1', '1.3.1', '4.1.3', '3.6.1', '1.16.3', '1.14.18']"
Otilonium,116,23,"['2.7.1', '1.14.19', '3.8.1', '1.14.3', '1.14.13', '1.14.15', '1.11.2', '1.1.1', '3.2.1', '3.4.15', '1.14.99', '1.14.14', '3.1.1', '2.1.1', '5.1.3', '6.2.1', '2.4.1', '1.3.1', '4.1.3', '4.2.1', '3.6.1', '1.3.99', '1.14.18']"
Cefetamet,33,35,"['6.3.4', '2.7.1', '3.1.3', '4.2.2', '3.4.13', '1.8.3', '3.5.1', '6.3.2', '1.14.13', '1.14.15', '3.1.5', '1.1.1', '3.2.1', '2.3.2', '3.4.19', '1.7.1', '3.4.15', '5.2.1', '3.1.6', '1.2.1', '1.11.1', '3.4.11', '1.14.12', '2.5.1', '1.14.14', '3.1.1', '5.1.3', '6.2.1', '2.4.1', '4.1.3', '6.3.1', '4.2.1', '3.6.1', '1.16.3', '3.4.21']"
Buflomedil,59,33,"['1.22.1', '2.7.1', '4.2.2', '1.14.19', '3.8.1', '1.14.3', '1.21.1', '1.14.13', '1.14.15', '1.11.2', '1.1.1', '3.2.1', '3.3.2', '3.4.15', '1.3.8', '1.14.99', '1.3.3', '1.14.14', '3.1.1', '1.14.16', '2.1.1', '5.1.3', '1.17.99', '6.2.1', '2.4.1', '1.3.1', '4.1.3', '4.2.1', '3.7.1', '3.6.1', '1.3.99', '1.17.1', '1.14.18']"
Clebopride,62,28,"['1.22.1', '2.7.1', '4.2.2', '1.14.19', '3.8.1', '3.5.1', '1.14.3', '1.21.1', '1.14.13', '1.14.15', '1.11.2', '1.1.1', '1.10.3', '3.2.1', '3.3.2', '3.4.15', '1.14.14', '1.14.16', '2.1.1', '1.5.1', '5.1.3', '1.3.98', '2.4.1', '6.2.1', '4.1.3', '4.2.1', '3.6.1', '1.14.18']"
Levomethadone,67,19,"['1.22.1', '1.14.3', '3.8.1', '1.21.1', '1.14.13', '1.14.15', '1.11.2', '1.1.1', '1.10.3', '3.2.1', '1.2.1', '1.3.3', '1.14.12', '1.14.14', '1.17.99', '1.3.1', '1.3.99', '1.17.1', '1.14.18']"
Veralipride,59,28,"['1.22.1', '2.7.1', '4.2.2', '1.14.19', '3.8.1', '3.5.1', '1.14.3', '1.21.1', '1.14.13', '1.14.15', '1.11.2', '3.2.1', '3.3.2', '3.4.15', '1.14.99', '1.14.14', '3.1.1', '1.14.16', '2.1.1', '5.1.3', '6.2.1', '2.4.1', '1.3.1', '4.1.3', '4.2.1', '3.6.1', '1.3.99', '1.14.18']"
Propyphenazone,37,19,"['1.22.1', '2.7.1', '4.2.2', '1.14.3', '3.8.1', '1.21.1', '1.14.13', '1.11.2', '1.14.15', '1.10.3', '3.2.1', '2.6.1', '3.4.15', '1.1.3', '1.14.14', '5.1.3', '4.1.3', '4.2.1', '1.14.18']"
Proglumetacin,122,25,"['3.4.16', '1.14.19', '3.8.1', '1.14.3', '1.14.13', '1.14.15', '1.1.1', '2.6.1', '3.2.1', '2.3.1', '1.3.8', '1.14.99', '1.17.1', '1.2.1', '1.3.3', '1.14.14', '3.1.1', '2.1.1', '1.17.99', '6.2.1', '2.4.1', '1.3.1', '1.3.99', '3.4.21', '1.14.18']"
Chlormadinone,122,29,"['4.1.2', '3.1.3', '4.1.99', '4.2.2', '1.14.19', '1.14.15', '1.14.13', '3.1.5', '1.1.1', '3.2.1', '1.1.3', '3.1.6', '1.3.8', '1.14.99', '1.11.1', '1.3.3', '1.14.14', '3.1.1', '1.1.99', '1.17.99', '2.4.1', '1.3.1', '4.2.1', '2.7.2', '3.7.1', '1.16.3', '1.3.99', '1.17.1', '1.14.18']"
Dobesilic acid,59,27,"['1.6.5', '1.22.1', '2.7.1', '3.1.3', '4.2.2', '1.14.19', '3.8.1', '1.14.3', '1.21.1', '1.14.13', '1.11.2', '1.1.1', '1.10.3', '3.2.1', '1.8.1', '3.4.19', '3.1.6', '1.6.99', '1.11.1', '2.8.2', '1.14.14', '3.1.1', '1.14.16', '5.1.3', '4.1.3', '4.2.1', '1.14.18']"
Methylestrenolone,121,34,"['3.1.3', '4.1.99', '4.2.2', '1.14.19', '5.3.3', '1.14.15', '1.14.13', '3.1.5', '1.1.1', '3.2.1', '1.7.3', '1.13.11', '1.1.3', '3.1.6', '1.3.8', '1.6.99', '1.14.99', '1.11.1', '1.3.3', '1.14.12', '2.5.1', '1.14.14', '3.1.1', '1.4.3', '1.1.99', '1.17.99', '2.4.1', '1.3.1', '4.2.1', '3.6.1', '1.16.3', '1.3.99', '1.17.1', '1.14.18']"
Ethenzamide,57,34,"['1.6.5', '1.22.1', '2.7.1', '3.10.1', '4.2.2', '1.14.19', '3.8.1', '3.5.1', '1.14.3', '1.21.1', '6.3.2', '1.14.13', '1.11.2', '1.14.15', '1.10.3', '3.2.1', '2.3.2', '3.4.15', '3.4.19', '1.11.1', '3.4.11', '1.14.12', '1.14.14', '3.1.1', '1.14.16', '2.1.1', '5.1.3', '6.2.1', '2.4.1', '4.2.1', '6.3.1', '4.1.3', '3.6.1', '1.14.18']"
Clobenzorex,92,19,"['1.97.1', '1.22.1', '1.14.19', '3.8.1', '1.14.3', '1.21.1', '1.14.13', '1.11.2', '1.14.15', '1.10.3', '3.2.1', '1.13.11', '1.14.12', '1.14.14', '1.14.16', '1.5.1', '1.3.98', '1.17.1', '1.14.18']"
Benzoxonium,103,29,"['1.22.1', '3.1.3', '1.14.19', '3.8.1', '1.14.3', '1.21.1', '1.14.15', '1.14.13', '1.11.2', '3.1.5', '1.1.1', '1.10.3', '3.2.1', '1.1.3', '3.1.6', '1.14.99', '1.2.1', '1.11.1', '1.14.12', '1.14.14', '1.14.16', '1.1.99', '2.4.1', '1.3.1', '4.2.1', '3.6.1', '1.16.3', '1.3.99', '1.14.18']"
Heptaminol,38,25,"['4.2.3', '2.7.1', '3.1.3', '3.10.1', '4.1.99', '1.14.19', '1.14.15', '1.14.13', '3.1.5', '3.2.1', '3.1.6', '1.14.99', '1.11.1', '1.14.12', '1.14.14', '3.1.1', '5.1.3', '2.4.1', '4.2.1', '1.3.1', '4.1.3', '3.6.1', '1.16.3', '1.3.99', '1.14.18']"
Mepixanox,76,29,"['1.22.1', '2.7.1', '4.2.2', '1.14.19', '3.8.1', '1.14.3', '1.21.1', '1.14.13', '1.14.15', '1.11.2', '1.10.3', '3.2.1', '3.3.2', '1.13.11', '1.14.99', '1.14.12', '1.14.14', '3.1.1', '1.14.16', '2.1.1', '5.1.3', '6.2.1', '2.4.1', '1.3.1', '4.1.3', '4.2.1', '3.6.1', '1.3.99', '1.14.18']"
Rociverine,80,31,"['3.4.16', '2.7.1', '3.1.3', '4.1.99', '4.2.2', '1.14.19', '6.3.2', '1.14.15', '1.14.13', '3.1.5', '1.1.1', '3.2.1', '3.4.15', '2.3.1', '1.14.11', '3.1.6', '1.14.99', '1.11.1', '1.14.14', '3.1.1', '5.1.3', '6.2.1', '2.4.1', '1.3.1', '4.1.3', '4.2.1', '3.6.1', '1.16.3', '1.3.99', '3.4.21', '1.14.18']"
Mesterolone,97,27,"['3.1.3', '4.2.2', '1.14.19', '1.14.15', '1.14.13', '3.1.5', '1.1.1', '3.2.1', '1.7.3', '1.1.3', '3.1.6', '1.14.99', '1.11.1', '1.14.12', '1.14.14', '3.1.1', '1.4.3', '1.1.99', '1.17.99', '2.4.1', '1.3.1', '4.2.1', '3.6.1', '1.16.3', '1.3.99', '1.17.1', '1.14.18']"
Naftidrofuryl,100,26,"['1.22.1', '3.4.16', '4.2.2', '1.14.19', '3.8.1', '1.14.3', '1.21.1', '6.3.2', '1.14.13', '1.14.15', '1.11.2', '1.1.1', '1.10.3', '3.2.1', '2.3.1', '1.14.99', '1.17.1', '1.14.12', '1.14.14', '3.1.1', '6.2.1', '1.3.1', '3.6.1', '1.3.99', '3.4.21', '1.14.18']"
Metopimazine,96,13,"['1.14.13', '1.14.15', '1.1.1', '3.2.1', '1.14.12', '4.2.1', '1.3.1', '1.14.3', '3.4.15', '1.14.14', '3.8.1', '3.5.1', '1.14.18']"
Oxiracetam,33,45,"['6.3.4', '2.4.2', '4.2.3', '2.7.1', '3.1.3', '3.10.1', '4.2.2', '3.5.5', '6.3.5', '1.4.1', '3.5.1', '4.3.1', '6.3.2', '1.14.15', '1.14.13', '3.1.5', '1.1.1', '3.2.1', '2.3.2', '3.4.15', '3.4.19', '1.7.3', '1.1.3', '3.1.6', '1.11.1', '3.4.11', '2.5.1', '3.1.2', '1.1.5', '1.14.14', '3.1.1', '1.4.7', '1.1.99', '5.1.3', '1.17.99', '2.4.1', '1.3.1', '6.3.1', '4.2.1', '4.1.3', '3.6.1', '1.16.3', '1.17.1', '1.14.18', '4.3.3']"
Carbaspirin calcium,0,0,[]
Ipriflavone,95,28,"['1.6.5', '1.22.1', '2.7.1', '4.2.2', '1.14.19', '3.8.1', '1.14.3', '1.21.1', '1.14.13', '1.11.2', '1.14.15', '1.10.3', '3.2.1', '1.13.11', '1.14.99', '1.11.1', '1.14.12', '1.14.14', '3.1.1', '2.1.1', '5.1.3', '6.2.1', '2.4.1', '1.3.1', '4.1.3', '4.2.1', '3.6.1', '1.14.18']"
Bornaprine,88,22,"['3.4.16', '1.14.19', '3.8.1', '1.14.3', '6.3.2', '1.14.13', '1.14.15', '1.11.2', '1.1.1', '3.2.1', '3.4.15', '2.3.1', '1.14.99', '1.14.12', '1.14.14', '3.1.1', '6.2.1', '1.3.1', '3.6.1', '1.3.99', '3.4.21', '1.14.18']"
Potassium gluconate,0,0,[]
Selenium (75Se) norcholesterol,119,18,"['3.1.3', '1.14.19', '5.3.3', '1.14.15', '1.14.13', '1.1.1', '3.2.1', '1.13.11', '1.1.3', '3.1.6', '1.14.99', '1.14.14', '1.1.99', '1.17.99', '1.3.1', '4.2.1', '1.3.99', '1.14.18']"
Oxolinic acid,47,35,"['1.22.1', '2.7.1', '3.1.3', '4.2.2', '1.14.19', '3.8.1', '3.5.1', '1.14.3', '1.21.1', '1.14.13', '1.11.2', '1.14.15', '3.1.5', '1.1.1', '1.10.3', '3.2.1', '3.4.15', '3.1.6', '1.2.1', '1.11.1', '1.14.12', '1.14.14', '3.1.1', '1.14.16', '4.1.1', '2.1.1', '5.1.3', '6.2.1', '2.4.1', '4.1.3', '4.2.1', '3.6.1', '1.16.3', '1.17.1', '1.14.18']"
Pridinol,52,25,"['1.22.1', '3.1.3', '1.14.19', '3.8.1', '1.14.3', '1.21.1', '1.14.15', '1.14.13', '1.11.2', '3.1.5', '1.10.3', '3.2.1', '3.1.6', '1.14.99', '1.11.1', '1.14.12', '1.14.14', '1.14.16', '2.4.1', '1.3.1', '4.2.1', '3.6.1', '1.16.3', '1.3.99', '1.14.18']"
Aloglutamol,0,0,[]
Oxantel,55,22,"['1.22.1', '2.7.1', '3.1.3', '1.14.19', '3.8.1', '1.14.3', '1.21.1', '1.14.13', '1.14.15', '1.11.2', '1.10.3', '3.2.1', '3.1.6', '1.11.1', '2.8.2', '1.14.14', '1.14.16', '5.1.3', '1.3.1', '4.1.3', '4.2.1', '1.14.18']"
Dexchlorpheniramine,41,12,"['1.14.13', '1.14.15', '1.11.2', '1.3.3', '1.3.98', '1.14.3', '1.14.19', '1.14.14', '3.8.1', '1.2.3', '1.14.18', '1.14.16']"
Naftazone,77,30,"['1.6.5', '1.22.1', '2.7.1', '3.10.1', '4.2.2', '1.14.19', '3.8.1', '1.14.3', '1.21.1', '1.14.13', '1.11.2', '1.1.1', '1.10.3', '3.2.1', '2.3.2', '3.4.15', '3.4.19', '1.13.11', '1.2.1', '1.14.12', '1.14.14', '3.1.1', '1.14.16', '5.1.3', '1.3.1', '6.3.1', '4.1.3', '3.7.1', '4.2.1', '1.14.18']"
Distigmine,43,30,"['1.22.1', '2.7.1', '4.2.2', '1.14.19', '3.8.1', '1.14.3', '1.21.1', '1.14.13', '1.14.15', '1.11.2', '1.10.3', '3.2.1', '3.4.15', '3.4.19', '1.14.99', '3.1.2', '1.14.14', '1.2.3', '3.1.1', '1.14.16', '2.1.1', '5.1.3', '6.2.1', '2.4.1', '1.3.1', '4.1.3', '4.2.1', '3.6.1', '1.3.99', '1.14.18']"
Tibezonium iodide,0,0,[]
Sodium tartrate,0,0,[]
Nifuratel,27,31,"['1.22.1', '1.2.7', '2.7.1', '3.13.1', '4.2.2', '1.14.19', '1.14.3', '1.8.3', '1.21.1', '6.3.2', '1.14.13', '1.11.2', '3.3.1', '3.2.1', '1.7.1', '3.4.15', '3.4.19', '1.14.99', '1.2.99', '3.4.11', '2.5.1', '1.14.14', '3.1.1', '1.14.16', '5.1.3', '6.2.1', '4.1.3', '4.2.1', '3.6.1', '1.14.18', '1.12.99']"
Butamirate,53,28,"['1.22.1', '3.4.16', '2.7.1', '4.2.2', '3.8.1', '1.14.3', '1.21.1', '6.3.2', '1.14.13', '1.14.15', '1.11.2', '1.1.1', '1.10.3', '3.2.1', '3.4.15', '3.4.19', '2.3.1', '1.14.12', '1.14.14', '3.1.1', '1.14.16', '5.1.3', '6.2.1', '4.1.3', '4.2.1', '3.6.1', '3.4.21', '1.14.18']"
Magnesium gluconate,0,0,[]
Glycyrrhizic acid,342,29,"['3.1.3', '4.2.2', '1.14.19', '5.3.3', '1.14.15', '1.14.13', '1.1.1', '3.2.1', '3.3.2', '2.3.1', '5.2.1', '1.14.11', '5.4.99', '1.1.3', '3.1.6', '1.14.99', '1.2.1', '1.11.1', '1.14.14', '1.13.12', '1.1.99', '1.17.99', '6.2.1', '2.4.1', '1.3.1', '4.2.1', '1.16.3', '1.3.99', '1.14.18']"
Dexrabeprazole,60,31,"['1.22.1', '2.7.1', '4.2.2', '1.14.19', '3.8.1', '1.14.3', '1.21.1', '1.14.13', '1.14.15', '1.11.2', '1.13.99', '1.10.3', '3.2.1', '2.6.1', '3.4.15', '1.1.3', '1.14.99', '1.3.3', '1.14.12', '1.14.14', '1.2.3', '3.1.1', '2.1.1', '5.1.3', '6.2.1', '2.4.1', '1.3.1', '4.1.3', '4.2.1', '3.6.1', '1.14.18']"
Ferric sodium citrate,0,0,[]
Rufloxacin,31,28,"['1.22.1', '2.7.1', '3.1.3', '4.2.2', '3.8.1', '1.14.3', '1.21.1', '1.14.13', '1.11.2', '3.1.5', '1.1.1', '3.2.1', '3.4.15', '3.1.6', '1.2.1', '1.11.1', '2.5.1', '1.14.14', '3.1.1', '1.14.16', '4.1.1', '5.1.3', '2.4.1', '4.1.3', '4.2.1', '3.6.1', '1.16.3', '1.14.18']"
Acemetacin,105,42,"['1.22.1', '3.4.16', '2.7.1', '3.1.3', '4.2.2', '1.14.19', '3.8.1', '3.5.1', '1.14.3', '1.21.1', '6.3.2', '1.14.13', '1.11.2', '1.13.99', '3.1.5', '1.1.1', '1.10.3', '3.2.1', '2.6.1', '3.3.2', '3.4.15', '2.3.1', '5.2.1', '1.1.3', '3.1.6', '1.2.1', '1.11.1', '1.14.12', '1.14.14', '3.1.1', '3.4.21', '2.1.1', '5.1.3', '1.3.98', '2.4.1', '6.2.1', '4.1.3', '4.2.1', '3.6.1', '1.16.3', '1.17.1', '1.14.18']"
Dropropizine,55,32,"['1.22.1', '4.2.3', '2.7.1', '3.1.3', '3.8.1', '1.14.3', '1.21.1', '1.14.13', '1.14.15', '1.11.2', '3.1.5', '1.1.1', '1.10.3', '3.2.1', '3.3.2', '1.1.3', '3.1.6', '1.2.1', '1.11.1', '1.14.12', '2.5.1', '1.14.14', '1.14.16', '1.1.99', '5.1.3', '2.4.1', '4.2.1', '1.3.1', '4.1.3', '3.6.1', '1.16.3', '1.14.18']"
Tilidine,64,33,"['1.22.1', '3.4.16', '2.7.1', '4.2.2', '1.14.19', '3.8.1', '1.14.3', '1.21.1', '6.3.2', '1.14.13', '1.14.15', '1.11.2', '1.1.1', '1.10.3', '3.2.1', '3.4.15', '2.3.1', '1.14.11', '1.13.11', '1.14.99', '1.14.12', '1.14.14', '3.1.1', '5.1.3', '1.17.99', '6.2.1', '1.3.1', '4.1.3', '4.2.1', '3.6.1', '1.3.99', '3.4.21', '1.14.18']"
Clopamide,41,23,"['1.22.1', '2.7.1', '4.2.2', '1.14.19', '3.8.1', '1.14.3', '1.21.1', '1.14.13', '1.14.15', '1.11.2', '1.10.3', '3.2.1', '3.4.15', '3.4.19', '1.14.99', '1.14.14', '5.1.3', '1.3.98', '1.3.1', '4.1.3', '4.2.1', '1.3.99', '1.14.18']"
Xipamide,52,26,"['1.22.1', '2.7.1', '3.1.3', '4.2.2', '1.14.19', '3.8.1', '1.14.3', '1.21.1', '1.14.13', '1.11.2', '1.10.3', '3.2.1', '2.6.1', '3.4.15', '1.1.3', '3.1.6', '1.11.1', '2.8.2', '1.14.14', '1.14.16', '1.8.99', '5.1.3', '1.3.98', '4.1.3', '4.2.1', '1.14.18']"
Mebhydrolin,66,9,"['1.14.13', '1.14.99', '1.14.18', '1.14.12', '1.14.3', '1.17.1', '1.14.14', '3.8.1', '1.13.11']"
Oxomemazine,37,10,"['1.14.13', '1.11.2', '1.14.15', '3.2.1', '1.14.12', '1.3.1', '1.14.3', '1.14.14', '3.8.1', '1.14.18']"
Pipemidic acid,28,26,"['2.7.1', '3.1.3', '4.2.2', '3.8.1', '1.14.13', '1.14.15', '3.1.5', '1.1.1', '3.2.1', '3.4.15', '3.4.19', '5.2.1', '3.1.6', '1.2.1', '1.11.1', '3.4.11', '1.14.14', '1.2.3', '3.1.1', '4.1.1', '5.1.3', '2.4.1', '4.1.3', '4.2.1', '3.6.1', '1.16.3']"
Caroverine,76,24,"['1.22.1', '2.7.1', '4.2.2', '3.8.1', '1.14.3', '1.21.1', '1.14.13', '1.11.2', '1.14.15', '1.10.3', '3.2.1', '3.4.15', '1.14.99', '1.14.12', '1.14.14', '1.13.12', '2.1.1', '5.1.3', '6.2.1', '2.4.1', '4.1.3', '4.2.1', '3.6.1', '1.14.18']"
Pipenzolate,66,37,"['1.22.1', '3.4.16', '2.7.1', '3.1.3', '4.2.2', '1.14.19', '3.8.1', '1.14.3', '1.21.1', '6.3.2', '1.14.15', '1.14.13', '1.11.2', '3.1.5', '1.1.1', '1.10.3', '3.2.1', '3.4.15', '2.3.1', '3.1.6', '1.14.99', '1.11.1', '1.14.12', '1.14.14', '3.1.1', '1.14.16', '5.1.3', '6.2.1', '2.4.1', '1.3.1', '4.1.3', '4.2.1', '3.6.1', '1.16.3', '1.3.99', '3.4.21', '1.14.18']"
Etafenone,113,28,"['1.22.1', '2.7.1', '4.2.2', '3.8.1', '1.14.3', '1.21.1', '1.14.13', '1.14.15', '1.11.2', '1.1.1', '1.10.3', '3.2.1', '1.14.12', '1.14.14', '3.1.1', '1.14.16', '2.1.1', '5.1.3', '1.17.99', '6.2.1', '2.4.1', '1.3.1', '4.1.3', '4.2.1', '3.7.1', '3.6.1', '1.17.1', '1.14.18']"
Anethole trithione,34,20,"['1.6.5', '1.22.1', '1.14.19', '1.14.3', '3.8.1', '1.21.1', '1.14.13', '1.11.2', '1.10.3', '3.2.1', '3.3.2', '1.11.1', '1.14.12', '1.14.14', '1.14.16', '2.1.1', '6.2.1', '2.4.1', '3.6.1', '1.14.18']"
Gamolenic acid,176,29,"['3.1.3', '4.2.2', '1.14.19', '1.14.15', '1.14.13', '1.1.1', '3.2.1', '3.4.15', '3.4.19', '5.2.1', '1.14.11', '1.13.11', '3.1.6', '1.3.8', '1.6.99', '1.14.99', '1.2.1', '1.3.3', '1.11.1', '1.14.14', '3.1.1', '1.17.99', '2.4.1', '1.3.1', '4.2.1', '1.16.3', '1.3.99', '1.17.1', '1.14.18']"
Nifuroxazide,65,31,"['1.6.5', '1.22.1', '1.2.7', '2.7.1', '3.1.3', '4.2.2', '1.14.19', '3.8.1', '1.21.1', '1.14.13', '1.11.2', '1.10.3', '3.2.1', '1.7.1', '3.4.15', '3.4.19', '3.1.6', '1.6.99', '1.14.99', '1.2.99', '1.11.1', '2.8.2', '1.14.14', '3.1.1', '1.14.16', '5.1.3', '4.1.3', '3.5.99', '4.2.1', '1.14.18', '1.12.99']"
Imidazole salicylate,0,0,[]
Lormetazepam,100,29,"['1.22.1', '2.7.1', '3.1.3', '4.2.2', '1.14.19', '3.8.1', '1.14.3', '1.21.1', '1.14.13', '1.11.2', '3.1.5', '1.1.1', '1.10.3', '3.2.1', '3.4.15', '1.13.11', '3.1.6', '1.2.1', '1.11.1', '1.14.12', '1.14.14', '5.1.3', '1.3.98', '2.4.1', '4.1.3', '4.2.1', '3.6.1', '1.16.3', '1.14.18']"
Fenofibric acid,91,36,"['1.6.5', '1.22.1', '2.7.1', '3.1.3', '4.2.2', '1.14.19', '3.8.1', '1.14.3', '1.21.1', '1.14.13', '1.11.2', '1.14.15', '3.1.5', '1.1.1', '1.10.3', '3.2.1', '5.2.1', '3.1.6', '1.2.1', '1.11.1', '1.14.12', '1.14.14', '1.13.12', '1.14.16', '3.1.1', '2.1.1', '5.1.3', '1.3.98', '2.4.1', '6.2.1', '4.1.3', '4.2.1', '1.3.1', '3.6.1', '1.16.3', '1.14.18']"
Enasidenib,43,25,"['1.22.1', '3.1.3', '3.5.4', '3.8.1', '1.14.3', '1.21.1', '1.14.15', '1.14.13', '1.11.2', '3.1.5', '1.10.3', '3.2.1', '3.1.6', '1.11.1', '1.3.3', '1.14.12', '1.14.14', '1.2.3', '1.14.16', '2.4.1', '4.2.1', '3.5.99', '3.6.1', '1.16.3', '1.14.18']"
Pibrentasvir,39,10,"['1.14.15', '1.14.13', '1.14.99', '3.2.1', '6.2.1', '1.14.3', '1.14.14', '3.8.1', '1.14.18', '3.1.1']"
Glecaprevir,125,27,"['6.3.4', '3.4.13', '1.14.19', '3.8.1', '3.5.1', '1.14.3', '6.3.2', '1.14.15', '1.14.13', '3.4.24', '3.2.1', '3.4.19', '3.4.15', '1.14.99', '1.2.1', '3.4.11', '1.14.14', '1.13.12', '2.1.1', '6.2.1', '2.4.1', '1.3.1', '6.3.1', '3.6.1', '1.3.99', '3.4.21', '1.14.18']"
Amylmetacresol,67,31,"['1.6.5', '1.97.1', '1.22.1', '2.7.1', '3.1.3', '1.14.19', '3.8.1', '1.14.3', '1.21.1', '1.14.13', '1.14.15', '1.11.2', '1.1.1', '1.10.3', '3.2.1', '2.6.1', '1.1.3', '3.1.6', '1.14.99', '1.11.1', '1.14.12', '2.8.2', '1.14.14', '1.14.16', '5.1.3', '1.3.1', '4.1.3', '4.2.1', '1.3.99', '1.17.1', '1.14.18']"
Bismuth subgallate,59,39,"['1.6.5', '1.97.1', '1.22.1', '4.2.3', '2.7.1', '3.1.3', '4.2.2', '1.14.19', '3.8.1', '3.5.1', '1.14.3', '1.21.1', '1.14.13', '1.11.2', '3.1.5', '1.1.1', '3.2.1', '3.4.15', '1.7.3', '3.1.6', '1.6.99', '1.2.1', '1.11.1', '3.4.11', '1.14.12', '2.8.2', '1.14.14', '3.1.1', '1.14.16', '4.1.1', '2.1.1', '5.1.3', '6.2.1', '2.4.1', '4.1.3', '4.2.1', '3.6.1', '1.16.3', '1.14.18']"
Candesartan,96,30,"['1.22.1', '2.7.1', '3.1.3', '4.2.2', '3.8.1', '1.14.3', '1.21.1', '1.14.13', '1.11.2', '1.14.15', '3.1.5', '1.1.1', '1.10.3', '3.2.1', '3.4.15', '3.1.6', '1.2.1', '1.11.1', '1.14.12', '1.14.14', '4.1.1', '2.1.1', '5.1.3', '6.2.1', '2.4.1', '4.1.3', '4.2.1', '3.6.1', '1.16.3', '1.14.18']"
Semaglutide,135,12,"['6.3.2', '1.14.13', '1.1.1', '1.3.3', '3.1.3', '1.3.1', '6.3.1', '3.4.15', '1.3.99', '3.4.21', '1.14.14', '3.5.1']"
Piperaquine,24,9,"['1.14.13', '1.14.15', '1.3.98', '1.14.12', '1.14.19', '1.14.14', '3.8.1', '1.2.3', '1.14.18']"
Testosterone undecanoate,236,27,"['3.4.16', '4.2.2', '1.14.19', '5.3.3', '1.14.15', '1.14.13', '1.1.1', '3.2.1', '2.3.1', '1.14.11', '1.13.11', '1.1.3', '1.3.8', '1.14.99', '1.17.1', '1.3.3', '2.5.1', '1.14.14', '3.1.1', '1.1.99', '1.17.99', '6.2.1', '1.3.1', '4.2.1', '1.3.99', '3.4.21', '1.14.18']"
Estradiol acetate,99,38,"['1.22.1', '2.7.1', '3.1.3', '4.2.2', '1.14.19', '3.8.1', '1.14.3', '1.21.1', '1.14.15', '1.14.13', '1.11.2', '3.1.5', '1.1.1', '1.10.3', '3.2.1', '1.1.3', '3.1.6', '1.14.99', '1.2.1', '1.11.1', '1.14.12', '3.1.2', '1.14.14', '3.1.1', '1.14.16', '2.1.1', '1.1.99', '5.1.3', '6.2.1', '2.4.1', '1.3.1', '4.1.3', '4.2.1', '3.6.1', '1.16.3', '1.3.99', '1.17.1', '1.14.18']"
Estradiol valerate,123,34,"['1.22.1', '3.4.16', '3.1.3', '4.2.2', '1.14.19', '3.8.1', '1.14.3', '1.21.1', '6.3.2', '1.14.13', '1.14.15', '1.11.2', '1.1.1', '1.10.3', '3.2.1', '2.3.1', '1.14.11', '3.1.6', '1.3.8', '1.14.99', '1.17.1', '1.11.1', '1.3.3', '2.8.2', '1.14.14', '3.1.1', '1.14.16', '1.17.99', '6.2.1', '1.3.1', '4.2.1', '1.3.99', '3.4.21', '1.14.18']"
Calcium saccharate,0,0,[]
Racemethionine,34,36,"['4.2.3', '2.7.1', '3.1.3', '3.10.1', '4.2.2', '3.4.13', '1.4.1', '1.8.3', '6.3.2', '1.14.15', '1.14.13', '3.1.5', '1.1.1', '3.2.1', '3.4.15', '3.4.19', '1.7.3', '5.2.1', '3.1.6', '1.2.1', '1.11.1', '3.4.11', '2.5.1', '1.14.14', '3.1.1', '4.1.1', '2.1.1', '1.4.3', '5.1.3', '2.4.1', '1.3.1', '4.1.3', '4.2.1', '3.6.1', '1.16.3', '1.14.18']"
Potassium carbonate,0,0,[]
Nomegestrol acetate,140,27,"['3.4.16', '4.2.2', '1.14.19', '3.5.1', '5.3.3', '6.3.2', '1.14.15', '1.14.13', '1.1.1', '3.2.1', '2.3.1', '1.1.3', '1.3.8', '1.14.99', '1.17.1', '1.3.3', '1.14.14', '3.1.1', '1.1.99', '1.17.99', '6.2.1', '1.3.1', '4.2.1', '3.7.1', '1.3.99', '3.4.21', '1.14.18']"
Baloxavir marboxil,68,14,"['1.14.13', '2.1.1', '3.2.1', '6.2.1', '2.4.1', '1.14.3', '2.5.1', '3.4.15', '4.2.2', '3.6.1', '1.14.14', '3.8.1', '1.14.18', '3.1.1']"
alpha-Tocopherol succinate,187,31,"['1.6.5', '5.5.1', '3.1.3', '4.2.2', '1.14.19', '3.8.1', '1.14.15', '1.14.13', '1.1.1', '2.6.1', '3.2.1', '5.2.1', '3.1.6', '1.3.8', '1.14.99', '1.2.1', '1.3.3', '1.11.1', '3.1.2', '1.14.14', '3.1.1', '2.1.1', '1.17.99', '6.2.1', '2.4.1', '1.3.1', '4.2.1', '1.16.3', '1.3.99', '1.17.1', '1.14.18']"
D-alpha-Tocopherol acetate,134,21,"['1.6.5', '5.5.1', '4.2.2', '1.14.19', '3.8.1', '1.14.15', '1.14.13', '1.1.1', '2.6.1', '3.2.1', '1.14.99', '3.1.2', '1.14.14', '3.1.1', '2.1.1', '6.2.1', '2.4.1', '1.3.1', '1.3.99', '1.17.1', '1.14.18']"
Choline salicylate,0,0,[]
Pentetic acid,30,24,"['2.7.1', '3.1.3', '4.2.2', '6.3.2', '1.14.13', '3.1.5', '1.1.1', '3.2.1', '3.4.15', '3.4.19', '5.2.1', '3.1.6', '1.2.1', '1.11.1', '3.4.11', '1.14.14', '3.1.1', '5.1.3', '2.4.1', '1.3.1', '4.1.3', '4.2.1', '3.6.1', '1.16.3']"
Bromotheophylline,10,12,"['1.14.13', '3.8.1', '3.2.1', '2.7.1', '3.4.11', '5.1.3', '4.1.3', '4.2.1', '3.4.15', '3.4.19', '4.2.2', '1.13.12']"
Nordazepam,78,31,"['1.97.1', '1.22.1', '2.7.1', '4.2.2', '1.14.19', '3.8.1', '3.5.1', '1.21.1', '1.14.13', '1.11.2', '1.1.1', '1.10.3', '3.2.1', '2.3.2', '3.3.2', '3.4.19', '3.4.15', '3.4.22', '1.13.11', '3.4.11', '1.14.12', '1.14.14', '3.1.1', '1.14.16', '5.1.3', '1.3.98', '4.1.3', '6.3.1', '4.2.1', '3.4.21', '1.14.18']"
Acetyl sulfisoxazole,40,23,"['1.22.1', '2.7.1', '4.2.2', '3.8.1', '1.21.1', '1.14.13', '1.11.2', '1.14.15', '1.13.99', '1.1.1', '1.10.3', '3.2.1', '2.6.1', '1.7.1', '3.4.15', '1.14.99', '1.14.12', '1.14.14', '1.8.99', '5.1.3', '4.1.3', '4.2.1', '1.14.18']"
beta-Sitosterol,122,20,"['3.1.3', '1.14.19', '5.3.3', '1.14.15', '1.14.13', '1.1.1', '3.2.1', '1.14.21', '1.13.11', '1.1.3', '3.1.6', '1.14.99', '1.3.3', '1.14.14', '1.1.99', '1.17.99', '1.3.1', '4.2.1', '1.3.99', '1.14.18']"
Gondoic acid,180,27,"['3.1.3', '1.14.19', '1.14.15', '1.14.13', '1.1.1', '3.2.1', '3.4.15', '5.2.1', '1.14.11', '1.13.11', '3.1.6', '1.3.8', '1.6.99', '1.14.99', '1.2.1', '1.3.3', '1.11.1', '1.14.14', '3.1.1', '1.17.99', '2.4.1', '1.3.1', '4.2.1', '1.16.3', '1.3.99', '1.17.1', '1.14.18']"
Magnesium stearate,0,0,[]
Hydroxybutyloxide,25,28,"['4.2.3', '2.7.1', '3.1.3', '1.14.19', '1.14.15', '1.14.13', '3.1.5', '1.1.1', '3.2.1', '1.7.3', '1.1.3', '3.1.6', '1.11.1', '1.14.12', '2.5.1', '1.1.5', '1.14.14', '3.1.1', '1.1.99', '5.1.3', '6.2.1', '2.4.1', '1.3.1', '4.1.3', '4.2.1', '3.6.1', '1.16.3', '1.14.18']"
Acetylcysteine magnesium,0,0,[]
Cianidanol,146,39,"['1.6.5', '1.97.1', '1.22.1', '2.7.1', '3.1.3', '1.14.19', '3.8.1', '1.14.3', '1.21.1', '1.14.15', '1.14.13', '1.11.2', '3.1.5', '1.1.1', '1.10.3', '3.2.1', '1.13.11', '1.1.3', '3.1.6', '1.6.99', '1.11.1', '1.14.12', '2.8.2', '2.5.1', '1.14.14', '1.13.12', '1.14.16', '2.1.1', '1.1.99', '5.1.3', '6.2.1', '2.4.1', '1.3.1', '4.2.1', '4.1.3', '3.6.1', '1.16.3', '1.17.1', '1.14.18']"
Osbond acid,236,24,"['3.1.3', '1.14.19', '5.3.3', '1.14.15', '1.14.13', '1.1.1', '1.10.3', '3.2.1', '3.4.15', '5.2.1', '1.13.11', '3.1.6', '1.3.8', '1.6.99', '1.14.99', '1.2.1', '1.3.3', '1.14.14', '3.1.1', '1.17.99', '1.3.1', '4.2.1', '1.3.99', '1.14.18']"
Dimethyl sulfone,4,6,"['1.14.13', '3.2.1', '1.8.1', '3.4.19', '1.14.14', '3.5.1']"
Tocopherylquinone,189,24,"['3.1.3', '4.1.99', '4.2.2', '1.14.19', '5.3.3', '1.14.15', '1.14.13', '1.1.1', '3.2.1', '1.13.11', '1.1.3', '3.1.6', '1.14.99', '1.11.1', '1.14.14', '3.1.1', '1.1.99', '1.17.99', '2.4.1', '1.3.1', '4.2.1', '1.16.3', '1.3.99', '1.14.18']"
"1,2-icosapentoyl-sn-glycero-3-phosphoserine",437,33,"['3.4.16', '3.1.3', '3.4.13', '1.14.19', '5.3.3', '1.14.15', '1.14.13', '1.1.1', '1.10.3', '3.2.1', '2.3.1', '5.2.1', '1.14.11', '1.13.11', '3.1.6', '1.3.8', '1.14.99', '1.17.1', '1.2.1', '1.3.3', '3.4.11', '1.14.14', '3.1.4', '3.1.1', '4.1.1', '1.17.99', '6.2.1', '1.3.1', '4.2.1', '3.6.1', '1.3.99', '3.4.21', '1.14.18']"
Cobalamin,0,0,[]
Linoleic acid,169,29,"['3.1.3', '4.2.2', '1.14.19', '1.14.15', '1.14.13', '1.1.1', '3.2.1', '3.4.15', '3.4.19', '5.2.1', '1.14.11', '1.13.11', '3.1.6', '1.3.8', '1.6.99', '1.14.99', '1.2.1', '1.3.3', '1.11.1', '1.14.14', '3.1.1', '1.17.99', '2.4.1', '1.3.1', '4.2.1', '1.16.3', '1.3.99', '1.17.1', '1.14.18']"
Parasorbic acid,31,31,"['3.4.16', '2.7.1', '4.2.2', '1.14.19', '3.5.1', '5.3.3', '6.3.2', '1.14.15', '1.14.13', '1.1.1', '3.2.1', '3.4.19', '2.3.1', '1.13.11', '1.3.8', '1.6.99', '1.14.99', '1.3.3', '3.4.11', '1.14.14', '3.1.1', '5.1.3', '1.17.99', '6.2.1', '1.3.1', '4.2.1', '4.1.3', '3.6.1', '1.3.99', '3.4.21', '1.14.18']"
Menthol,51,25,"['2.7.1', '3.1.3', '1.14.19', '1.14.15', '1.14.13', '3.1.5', '1.1.1', '3.2.1', '1.1.3', '3.1.6', '1.14.99', '1.11.1', '1.14.12', '2.5.1', '1.14.14', '1.1.99', '5.1.3', '2.4.1', '1.3.1', '4.1.3', '4.2.1', '3.6.1', '1.16.3', '1.3.99', '1.14.18']"
Tenofovir,22,22,"['6.3.4', '2.7.1', '3.5.4', '4.2.2', '3.8.1', '1.14.13', '1.14.15', '1.1.1', '3.2.1', '1.7.1', '3.4.15', '3.4.19', '3.4.11', '1.14.14', '3.1.1', '1.8.99', '5.1.3', '6.2.1', '4.1.3', '4.2.1', '3.6.1', '1.17.1']"
Synthetic camphor,50,23,"['2.7.1', '4.2.2', '1.14.19', '1.14.15', '1.14.13', '1.1.1', '3.2.1', '1.7.3', '3.4.15', '1.14.99', '1.14.14', '1.13.12', '3.1.1', '1.4.3', '1.1.99', '5.1.3', '1.17.99', '1.3.1', '4.1.3', '4.2.1', '1.3.99', '1.17.1', '1.14.18']"
Propylparaben,56,33,"['1.6.5', '1.22.1', '2.7.1', '3.1.3', '4.2.2', '1.14.19', '3.8.1', '1.14.3', '1.21.1', '6.3.2', '1.14.13', '1.14.15', '1.11.2', '1.1.1', '1.10.3', '3.2.1', '3.4.15', '3.4.19', '3.1.6', '1.11.1', '3.4.11', '1.14.12', '2.8.2', '1.14.14', '3.1.1', '1.14.16', '5.1.3', '6.2.1', '1.3.1', '4.1.3', '4.2.1', '3.6.1', '1.14.18']"
Methylparaben,44,29,"['1.6.5', '1.22.1', '2.7.1', '3.1.3', '4.2.2', '1.14.19', '3.8.1', '1.14.3', '1.21.1', '6.3.2', '1.14.13', '1.11.2', '1.1.1', '1.10.3', '3.2.1', '3.4.19', '3.1.6', '1.11.1', '1.14.12', '2.8.2', '1.14.14', '3.1.1', '1.14.16', '5.1.3', '6.2.1', '4.1.3', '4.2.1', '3.6.1', '1.14.18']"
Monomethyl fumarate,29,31,"['3.4.16', '2.7.1', '3.1.3', '4.2.3', '4.2.2', '3.8.1', '3.5.1', '6.3.2', '1.14.13', '1.1.1', '3.2.1', '3.4.15', '3.4.19', '2.3.1', '1.7.3', '5.2.1', '3.1.6', '1.6.99', '1.14.99', '1.2.1', '1.11.1', '3.4.11', '1.14.12', '3.1.1', '5.1.3', '2.4.1', '1.3.1', '4.1.3', '4.2.1', '1.16.3', '3.4.21']"
DL-alpha-Tocopherol,113,22,"['1.6.5', '5.5.1', '3.1.3', '1.14.19', '3.8.1', '1.14.13', '1.14.15', '1.11.2', '1.1.1', '2.6.1', '3.2.1', '3.1.6', '1.14.99', '2.8.2', '1.14.14', '2.1.1', '6.2.1', '2.4.1', '1.3.1', '1.3.99', '1.17.1', '1.14.18']"
DL-alpha tocopheryl acetate,134,21,"['1.6.5', '5.5.1', '4.2.2', '1.14.19', '3.8.1', '1.14.15', '1.14.13', '1.1.1', '2.6.1', '3.2.1', '1.14.99', '3.1.2', '1.14.14', '3.1.1', '2.1.1', '6.2.1', '2.4.1', '1.3.1', '1.3.99', '1.17.1', '1.14.18']"
Acetylcysteine zinc,0,0,[]
Acetylcysteine amide,30,36,"['6.3.4', '2.4.2', '2.7.1', '3.10.1', '3.1.3', '3.5.5', '3.4.13', '6.3.5', '1.4.1', '3.5.1', '4.3.1', '6.3.2', '1.14.13', '1.14.15', '1.1.1', '3.2.1', '1.8.1', '2.3.2', '3.4.19', '3.4.15', '2.3.1', '1.13.11', '1.17.1', '3.4.11', '1.14.14', '1.13.12', '3.1.1', '1.4.7', '1.5.1', '5.1.3', '4.2.1', '6.3.1', '4.1.3', '3.4.21', '1.14.18', '4.3.3']"
Sodium ascorbate,0,0,[]
Calcium ascorbate,0,0,[]
Magnesium ascorbate,0,0,[]
Zinc ascorbate,0,0,[]
Niacinamide ascorbate,0,0,[]
Zinc acetate,0,0,[]
Ferrous gluconate,0,0,[]
Ferrous ascorbate,0,0,[]
Ferrous fumarate,0,0,[]
Zinc glycinate,0,0,[]
Manganese citrate,0,0,[]
Ferrous glycine sulfate,0,0,[]
Lithium citrate,0,0,[]
Lithium carbonate,0,0,[]
Acetate,20,25,"['6.3.4', '3.5.1', '6.3.2', '1.14.13', '1.14.15', '1.1.1', '3.2.1', '3.4.19', '5.2.1', '1.13.11', '3.11.1', '1.5.99', '1.2.1', '3.4.11', '1.14.14', '1.2.3', '3.1.1', '1.5.1', '1.1.99', '6.1.1', '1.3.1', '6.3.1', '4.2.1', '3.6.1', '1.17.1']"
Mometasone furoate,116,30,"['3.1.3', '4.2.2', '1.14.19', '1.14.3', '5.3.3', '1.14.13', '1.14.15', '1.11.2', '3.1.5', '1.1.1', '3.2.1', '1.13.11', '1.1.3', '3.1.6', '1.3.8', '1.14.99', '1.11.1', '1.3.3', '2.5.1', '1.14.14', '3.1.1', '1.1.99', '1.17.99', '6.2.1', '2.4.1', '1.3.1', '4.2.1', '1.16.3', '1.3.99', '1.14.18']"
Magnesium levulinate,0,0,[]
Magnesium lactate,0,0,[]
Tetraferric tricitrate decahydrate,0,0,[]
Chromium nicotinate,0,0,[]
Hydrocortisone acetate,171,41,"['3.4.16', '2.7.1', '3.1.3', '4.1.99', '4.2.2', '1.14.19', '3.5.1', '5.3.3', '6.3.2', '1.14.15', '1.14.13', '3.1.5', '1.1.1', '3.2.1', '3.4.15', '2.3.1', '1.13.11', '1.1.3', '3.1.6', '1.3.8', '1.14.99', '1.11.1', '1.3.3', '2.5.1', '1.14.14', '3.1.1', '3.4.21', '1.1.99', '5.1.3', '1.17.99', '6.2.1', '2.4.1', '1.3.1', '4.2.1', '4.1.3', '3.6.1', '2.7.2', '1.16.3', '1.3.99', '1.17.1', '1.14.18']"
Hydrocortisone butyrate,204,41,"['3.4.16', '2.7.1', '3.1.3', '4.2.2', '1.14.19', '5.3.3', '6.3.2', '1.14.15', '1.14.13', '3.1.5', '1.1.1', '3.2.1', '5.3.1', '2.3.1', '1.13.11', '1.1.3', '5.4.99', '3.1.6', '1.3.8', '1.14.99', '1.2.1', '1.3.3', '1.11.1', '2.5.1', '1.14.14', '3.1.1', '3.4.21', '1.1.99', '5.1.3', '1.17.99', '6.2.1', '2.4.1', '1.3.1', '4.2.1', '4.1.3', '3.6.1', '2.7.2', '1.16.3', '1.3.99', '1.17.1', '1.14.18']"
Hydrocortisone cypionate,218,35,"['3.4.16', '3.1.3', '4.1.99', '4.2.2', '1.14.19', '5.3.3', '6.3.2', '1.14.15', '1.14.13', '3.1.5', '1.1.1', '3.2.1', '2.3.1', '1.13.11', '1.1.3', '3.1.6', '1.3.8', '1.14.99', '1.11.1', '1.3.3', '2.5.1', '1.14.14', '3.1.1', '3.4.21', '1.1.99', '1.17.99', '6.2.1', '2.4.1', '1.3.1', '4.2.1', '2.7.2', '1.16.3', '1.3.99', '1.17.1', '1.14.18']"
Hydrocortisone phosphate,167,37,"['2.7.1', '3.1.3', '4.1.99', '4.2.2', '1.14.19', '5.3.3', '1.14.15', '1.14.13', '3.1.5', '1.1.1', '3.2.1', '3.4.15', '1.13.11', '1.1.3', '3.1.6', '1.3.8', '1.14.99', '1.11.1', '1.3.3', '2.5.1', '1.14.14', '3.1.4', '3.1.1', '1.1.99', '5.1.3', '1.17.99', '6.2.1', '2.4.1', '1.3.1', '4.2.1', '4.1.3', '3.6.1', '2.7.2', '1.16.3', '1.3.99', '1.17.1', '1.14.18']"
Ivosidenib,95,23,"['6.3.4', '3.4.13', '1.14.19', '3.8.1', '3.5.1', '6.3.2', '1.14.13', '1.14.15', '1.1.1', '3.2.1', '1.3.8', '1.14.99', '1.3.3', '3.4.11', '1.14.14', '1.2.3', '1.17.99', '1.3.98', '1.3.1', '6.3.1', '1.3.99', '1.17.1', '1.14.18']"
Tedizolid,50,31,"['1.22.1', '2.7.1', '3.1.3', '4.2.2', '3.8.1', '1.14.3', '1.21.1', '1.14.13', '1.14.15', '1.11.2', '3.1.5', '1.1.1', '1.10.3', '3.2.1', '3.4.15', '5.4.99', '1.1.3', '3.1.6', '1.2.1', '1.11.1', '1.14.14', '1.2.3', '3.1.1', '5.1.3', '6.2.1', '2.4.1', '4.2.1', '4.1.3', '3.6.1', '1.16.3', '1.14.18']"
Prednisolone phosphate,139,36,"['2.7.1', '3.1.3', '4.1.99', '4.2.2', '1.14.19', '5.3.3', '1.14.15', '1.14.13', '3.1.5', '1.1.1', '3.2.1', '3.4.15', '1.13.11', '1.1.3', '3.1.6', '1.3.8', '1.14.99', '1.11.1', '1.3.3', '2.5.1', '1.14.14', '3.1.4', '3.1.1', '1.1.99', '5.1.3', '1.17.99', '6.2.1', '2.4.1', '1.3.1', '4.2.1', '4.1.3', '3.6.1', '2.7.2', '1.16.3', '1.3.99', '1.14.18']"
Methylprednisolone aceponate,150,32,"['3.4.16', '3.1.3', '4.2.2', '1.14.19', '3.5.1', '5.3.3', '6.3.2', '1.14.13', '1.14.15', '3.1.5', '1.1.1', '3.2.1', '2.3.1', '1.1.3', '3.1.6', '1.3.8', '1.14.99', '1.11.1', '1.3.3', '1.14.14', '3.1.1', '3.4.21', '1.1.99', '1.17.99', '6.2.1', '2.4.1', '1.3.1', '4.2.1', '1.16.3', '1.3.99', '1.17.1', '1.14.18']"
Paramethasone acetate,116,34,"['3.4.16', '2.7.1', '3.1.3', '4.2.2', '1.14.19', '3.5.1', '6.3.2', '1.14.13', '1.14.15', '3.1.5', '1.1.1', '3.2.1', '2.3.1', '1.1.3', '3.1.6', '1.3.8', '1.14.99', '1.11.1', '1.3.3', '1.14.14', '3.1.1', '1.1.99', '5.1.3', '1.17.99', '6.2.1', '2.4.1', '1.3.1', '4.2.1', '4.1.3', '3.6.1', '1.16.3', '1.3.99', '3.4.21', '1.14.18']"
Estramustine phosphate,89,30,"['1.22.1', '2.7.1', '3.1.3', '4.2.2', '1.14.19', '3.8.1', '1.14.3', '1.21.1', '1.14.15', '1.14.13', '1.11.2', '1.10.3', '3.2.1', '3.4.15', '1.14.99', '3.1.2', '1.14.14', '3.1.4', '3.1.1', '2.1.1', '5.1.3', '6.2.1', '2.4.1', '1.3.1', '4.1.3', '4.2.1', '3.6.1', '1.3.99', '1.17.1', '1.14.18']"
Cortisone,174,37,"['2.7.1', '3.1.3', '4.1.99', '4.2.2', '1.14.19', '5.3.3', '1.14.15', '1.14.13', '3.1.5', '1.1.1', '3.2.1', '3.3.2', '5.3.1', '3.4.15', '1.13.11', '1.1.3', '3.1.6', '1.3.8', '1.14.99', '1.2.1', '1.3.3', '1.11.1', '2.5.1', '1.14.14', '3.1.1', '1.1.99', '5.1.3', '1.17.99', '2.4.1', '1.3.1', '4.2.1', '4.1.3', '3.6.1', '1.16.3', '1.3.99', '1.17.1', '1.14.18']"
Larotrectinib,66,32,"['1.22.1', '2.7.1', '3.1.3', '4.2.2', '1.14.19', '3.8.1', '1.14.3', '1.21.1', '1.14.15', '1.14.13', '1.11.2', '3.1.5', '1.1.1', '1.10.3', '3.2.1', '3.4.15', '1.1.3', '3.1.6', '1.14.99', '1.11.1', '1.14.12', '1.14.14', '1.1.99', '5.1.3', '2.4.1', '1.3.1', '4.1.3', '4.2.1', '3.6.1', '1.16.3', '1.3.99', '1.14.18']"
Riboflavin tetrabutyrate,211,26,"['3.4.16', '4.2.2', '1.14.19', '3.8.1', '1.14.3', '1.14.13', '1.14.15', '1.1.1', '2.6.1', '3.2.1', '3.4.15', '2.3.1', '5.4.99', '1.3.8', '1.14.99', '1.17.1', '1.3.3', '1.14.14', '3.1.1', '1.17.99', '6.2.1', '1.3.1', '3.6.1', '1.3.99', '3.4.21', '1.14.18']"
Racephedrine,60,32,"['1.6.5', '1.22.1', '4.2.3', '2.7.1', '3.1.3', '1.14.19', '3.8.1', '1.14.3', '1.21.1', '1.14.13', '1.11.2', '1.14.15', '3.1.5', '1.1.1', '1.10.3', '3.2.1', '1.13.11', '3.1.6', '1.11.1', '1.14.12', '1.14.14', '1.14.16', '1.5.1', '5.1.3', '2.4.1', '1.3.1', '4.1.3', '4.2.1', '3.6.1', '1.16.3', '1.17.1', '1.14.18']"
Solriamfetol,54,34,"['1.6.5', '1.22.1', '2.7.1', '3.10.1', '4.2.2', '1.14.19', '3.8.1', '3.5.1', '1.14.3', '1.21.1', '6.3.2', '1.14.13', '1.11.2', '1.10.3', '3.2.1', '2.3.2', '3.4.15', '3.4.19', '1.11.1', '3.4.11', '1.14.12', '1.14.14', '3.1.1', '1.14.16', '2.1.3', '6.1.2', '5.1.3', '6.2.1', '4.1.3', '6.3.1', '4.2.1', '3.6.1', '1.17.1', '1.14.18']"
Etrasimod,101,38,"['1.22.1', '2.7.1', '3.1.3', '4.2.2', '1.14.19', '3.8.1', '1.14.3', '1.21.1', '1.14.15', '1.14.13', '1.11.2', '1.13.99', '3.1.5', '1.1.1', '1.10.3', '3.2.1', '3.4.15', '5.2.1', '3.1.6', '1.14.99', '1.2.1', '1.11.1', '1.14.12', '1.14.14', '3.1.1', '2.1.1', '5.1.3', '1.17.99', '6.2.1', '2.4.1', '1.3.1', '4.1.3', '4.2.1', '3.6.1', '1.16.3', '1.3.99', '1.17.1', '1.14.18']"
Diroximel fumarate,49,31,"['3.4.16', '2.7.1', '4.2.2', '1.14.19', '3.5.1', '6.3.2', '1.14.15', '1.14.13', '1.1.1', '3.2.1', '3.4.15', '3.4.19', '2.3.1', '1.3.8', '1.6.99', '1.14.99', '1.17.1', '1.3.3', '3.4.11', '1.14.14', '3.1.1', '5.1.3', '1.17.99', '6.2.1', '1.3.1', '4.2.1', '4.1.3', '3.6.1', '1.3.99', '3.4.21', '1.14.18']"
Ripretinib,65,12,"['1.97.1', '1.14.13', '1.11.2', '1.14.15', '3.2.1', '1.14.12', '1.14.3', '3.4.15', '1.14.14', '3.8.1', '1.2.3', '1.14.18']"
Filgotinib,54,19,"['3.5.4', '3.8.1', '3.5.1', '1.14.13', '1.14.15', '1.1.1', '3.2.1', '2.3.2', '3.3.2', '3.4.19', '3.4.15', '3.4.22', '3.4.11', '1.14.14', '3.1.1', '6.3.1', '3.5.99', '3.4.21', '1.14.18']"
Vibegron,114,40,"['1.22.1', '2.7.1', '3.1.3', '4.2.2', '1.14.19', '3.8.1', '3.5.1', '1.14.3', '1.21.1', '1.14.13', '1.14.15', '1.11.2', '3.1.5', '1.1.1', '1.10.3', '3.2.1', '2.3.2', '3.3.2', '3.4.19', '3.4.15', '3.4.22', '3.1.6', '1.14.99', '1.11.1', '3.4.11', '1.14.14', '1.2.3', '3.1.1', '3.4.21', '5.1.3', '2.4.1', '1.3.1', '6.3.1', '4.1.3', '4.2.1', '3.6.1', '1.16.3', '1.3.99', '1.17.1', '1.14.18']"
Mavacamten,48,18,"['1.22.1', '2.7.1', '4.2.2', '1.14.3', '3.8.1', '1.21.1', '1.14.13', '1.11.2', '1.14.15', '1.10.3', '3.2.1', '3.4.15', '1.14.14', '1.8.99', '5.1.3', '4.1.3', '4.2.1', '1.14.18']"
Ritlecitinib,37,27,"['1.22.1', '2.7.1', '4.2.2', '1.14.19', '3.8.1', '1.14.3', '1.21.1', '1.14.13', '1.14.15', '1.11.2', '1.1.1', '3.2.1', '3.4.15', '3.4.19', '1.13.11', '1.14.99', '1.14.14', '1.14.16', '1.5.1', '1.8.99', '5.1.3', '1.3.1', '4.2.1', '4.1.3', '1.3.99', '1.17.1', '1.14.18']"
Abrocitinib,29,19,"['1.22.1', '2.7.1', '1.14.3', '3.8.1', '1.21.1', '1.14.13', '1.14.15', '1.11.2', '3.2.1', '3.4.15', '3.4.19', '1.13.11', '1.14.14', '3.1.1', '1.14.16', '5.1.3', '4.1.3', '4.2.1', '1.14.18']"
Voxelotor,72,31,"['1.22.1', '2.7.1', '3.1.3', '4.2.2', '3.8.1', '1.14.3', '1.21.1', '1.14.13', '1.11.2', '1.14.15', '1.1.1', '1.10.3', '3.2.1', '2.6.1', '3.1.6', '1.2.1', '1.11.1', '2.8.2', '1.14.14', '1.2.3', '3.1.1', '1.14.16', '1.4.3', '2.1.1', '5.1.3', '6.2.1', '2.4.1', '4.1.3', '4.2.1', '3.6.1', '1.14.18']"
Umbralisib,65,14,"['6.3.4', '1.14.13', '1.14.15', '2.1.1', '1.14.99', '3.2.1', '6.2.1', '2.4.1', '3.5.4', '1.14.3', '3.6.1', '1.14.14', '3.8.1', '1.14.18']"
Avacopan,75,22,"['1.14.19', '3.8.1', '3.5.1', '1.14.3', '1.14.13', '1.14.15', '2.6.1', '3.2.1', '2.3.2', '3.3.2', '3.4.19', '3.4.15', '3.4.22', '1.14.99', '3.4.11', '1.14.14', '3.1.1', '1.3.1', '6.3.1', '1.3.99', '3.4.21', '1.14.18']"
Daridorexant,54,18,"['1.14.19', '1.14.3', '3.8.1', '1.14.13', '1.14.15', '1.11.2', '2.6.1', '3.2.1', '1.14.99', '1.14.14', '2.1.1', '1.3.98', '2.4.1', '6.2.1', '1.3.1', '3.6.1', '1.3.99', '1.14.18']"
Zanubrutinib,74,17,"['1.14.13', '1.14.15', '2.1.1', '1.1.1', '3.2.1', '6.2.1', '2.4.1', '1.3.1', '4.2.1', '1.14.3', '3.4.15', '4.2.2', '3.6.1', '1.3.99', '1.14.14', '3.8.1', '1.14.18']"
Aprocitentan,30,24,"['1.97.1', '1.22.1', '2.7.1', '4.2.2', '3.8.1', '1.14.3', '1.21.1', '1.14.13', '1.11.2', '1.10.3', '3.2.1', '3.4.15', '1.14.14', '1.2.3', '3.1.1', '2.1.1', '1.8.99', '5.1.3', '6.2.1', '2.4.1', '4.1.3', '4.2.1', '3.6.1', '1.14.18']"
Upadacitinib,34,18,"['2.7.1', '1.14.3', '3.8.1', '1.14.13', '1.11.2', '1.14.15', '3.2.1', '3.4.15', '1.13.11', '2.5.1', '1.14.14', '1.2.3', '1.14.16', '5.1.3', '1.3.1', '4.1.3', '4.2.1', '1.14.18']"
Gefapixant,45,30,"['6.3.4', '1.22.1', '2.7.1', '3.5.4', '4.2.2', '3.8.1', '1.14.3', '1.21.1', '1.14.13', '1.11.2', '1.14.15', '1.1.1', '1.10.3', '3.2.1', '3.3.2', '1.7.1', '3.4.15', '1.6.6', '1.14.14', '1.2.3', '2.1.1', '1.8.99', '5.1.3', '6.2.1', '2.4.1', '4.1.3', '4.2.1', '3.5.99', '3.6.1', '1.14.18']"
Pemigatinib,24,18,"['2.7.1', '4.2.2', '1.14.3', '3.8.1', '1.14.13', '1.11.2', '1.14.15', '3.2.1', '3.4.15', '1.14.14', '2.1.1', '5.1.3', '6.2.1', '2.4.1', '4.1.3', '4.2.1', '3.6.1', '1.14.18']"
Vamorolone,130,35,"['2.7.1', '3.1.3', '4.2.2', '1.14.19', '5.3.3', '1.14.15', '1.14.13', '3.1.5', '1.1.1', '3.2.1', '3.3.2', '5.3.1', '3.4.15', '1.13.11', '1.1.3', '3.1.6', '1.3.8', '1.14.99', '1.2.1', '1.3.3', '1.11.1', '2.5.1', '1.14.14', '3.1.1', '1.1.99', '5.1.3', '1.17.99', '2.4.1', '1.3.1', '4.2.1', '4.1.3', '3.6.1', '1.16.3', '1.3.99', '1.14.18']"
Tepotinib,72,12,"['1.14.13', '1.14.15', '2.1.1', '3.2.1', '6.2.1', '2.4.1', '1.3.1', '1.14.3', '3.6.1', '1.14.14', '3.8.1', '1.14.18']"
Futibatinib,42,21,"['6.3.4', '3.5.4', '4.2.2', '1.14.3', '3.8.1', '1.14.13', '1.14.15', '1.11.2', '1.1.1', '3.2.1', '3.4.15', '1.2.1', '1.14.14', '2.1.1', '6.2.1', '2.4.1', '1.3.1', '4.2.1', '3.6.1', '1.3.99', '1.14.18']"
Avapritinib,23,6,"['1.14.13', '1.14.15', '1.14.14', '3.8.1', '1.2.3', '1.14.18']"
Tovorafenib,29,25,"['1.97.1', '6.3.4', '2.7.1', '3.5.4', '4.2.2', '1.14.19', '3.8.1', '3.5.1', '1.21.1', '1.14.13', '1.11.2', '1.14.15', '1.1.1', '3.2.1', '1.7.1', '3.4.15', '1.14.14', '1.2.3', '1.8.99', '5.1.3', '1.3.98', '1.3.1', '4.1.3', '4.2.1', '1.14.18']"
Inavolisib,39,27,"['1.22.1', '2.7.1', '3.10.1', '4.2.2', '3.8.1', '3.5.1', '1.14.3', '1.21.1', '1.14.13', '1.11.2', '1.14.15', '1.1.1', '1.10.3', '3.2.1', '3.4.15', '1.14.14', '3.1.1', '1.14.16', '2.1.1', '1.5.1', '5.1.3', '6.2.1', '2.4.1', '4.2.1', '4.1.3', '3.6.1', '1.14.18']"
Hydroquinidine,64,26,"['1.22.1', '3.1.3', '3.8.1', '1.14.3', '1.21.1', '1.14.15', '1.14.13', '1.11.2', '3.1.5', '1.1.1', '1.10.3', '3.2.1', '3.1.6', '1.11.1', '1.14.14', '1.2.3', '1.14.16', '2.1.1', '6.2.1', '2.4.1', '1.3.1', '4.2.1', '3.6.1', '1.16.3', '1.17.1', '1.14.18']"
Risdiplam,32,10,"['1.14.13', '1.14.15', '2.6.1', '3.2.1', '1.14.12', '1.14.3', '3.4.15', '1.14.14', '3.8.1', '1.14.18']"
Trelagliptin,48,22,"['1.22.1', '2.7.1', '4.2.2', '1.14.19', '3.8.1', '1.14.3', '1.21.1', '1.14.13', '1.14.15', '1.11.2', '1.10.3', '3.2.1', '3.4.15', '1.14.99', '1.14.14', '1.14.16', '5.1.3', '1.3.1', '4.1.3', '4.2.1', '1.3.99', '1.14.18']"
Ubrogepant,84,19,"['3.8.1', '3.5.1', '1.14.3', '1.14.13', '1.14.15', '3.2.1', '2.3.2', '3.3.2', '3.4.19', '3.4.15', '3.4.22', '1.17.1', '3.4.11', '1.14.14', '1.2.3', '3.1.1', '6.3.1', '3.4.21', '1.14.18']"
Xanomeline,41,14,"['1.14.15', '1.14.13', '2.1.1', '1.14.99', '3.2.1', '1.14.18', '2.4.1', '6.2.1', '1.3.1', '3.6.1', '1.3.99', '1.14.19', '1.14.14', '1.13.11']"
Danicopan,76,22,"['3.8.1', '3.5.1', '1.14.3', '1.14.13', '1.14.15', '1.1.1', '2.6.1', '3.2.1', '2.3.2', '3.3.2', '3.4.19', '3.4.15', '3.4.22', '1.14.99', '3.4.11', '1.14.14', '1.2.3', '3.1.1', '1.3.1', '6.3.1', '3.4.21', '1.14.18']"
Elexacaftor,45,15,"['1.14.13', '1.14.15', '2.1.1', '3.8.1', '2.6.1', '3.2.1', '1.14.18', '2.4.1', '6.2.1', '1.3.1', '1.14.3', '3.6.1', '1.14.14', '1.13.12', '1.2.3']"
Vericiguat,52,22,"['6.3.4', '2.7.1', '3.5.4', '4.2.2', '3.8.1', '1.14.13', '1.11.2', '1.1.1', '3.2.1', '1.7.1', '3.4.15', '1.14.12', '1.14.14', '1.2.3', '3.1.1', '1.8.99', '5.1.3', '6.2.1', '4.1.3', '4.2.1', '3.6.1', '1.14.18']"
Belzutifan,67,27,"['1.22.1', '3.1.3', '4.2.2', '3.5.5', '1.14.19', '3.8.1', '1.14.3', '1.21.1', '1.14.13', '1.11.2', '3.1.5', '1.1.1', '1.10.3', '3.2.1', '3.1.6', '1.11.1', '1.14.14', '3.1.1', '2.1.1', '6.2.1', '2.4.1', '1.3.1', '4.2.1', '1.16.3', '3.6.1', '1.17.1', '1.14.18']"
Benzhydrocodone,77,22,"['4.2.2', '3.8.1', '1.14.3', '1.14.13', '1.14.15', '1.11.2', '1.1.1', '3.2.1', '1.14.21', '1.13.11', '1.14.99', '1.3.3', '1.14.12', '1.14.14', '3.1.1', '2.1.1', '6.2.1', '2.4.1', '1.3.1', '3.6.1', '1.17.1', '1.14.18']"
Alloin,171,43,"['1.6.5', '1.97.1', '1.22.1', '5.5.1', '2.7.1', '3.1.3', '4.2.2', '1.14.19', '3.8.1', '1.14.3', '1.21.1', '1.14.15', '1.14.13', '1.11.2', '1.13.99', '3.1.5', '1.1.1', '1.10.3', '3.2.1', '3.3.2', '5.4.99', '1.1.3', '3.1.6', '1.14.99', '1.2.1', '1.11.1', '2.8.2', '2.5.1', '1.14.14', '1.13.12', '1.14.16', '3.1.1', '1.4.3', '1.1.99', '5.1.3', '6.2.1', '2.4.1', '4.2.1', '1.3.1', '4.1.3', '3.6.1', '1.16.3', '1.14.18']"
Mexazolam,72,26,"['1.22.1', '3.1.3', '1.14.19', '3.8.1', '3.5.1', '1.14.3', '1.21.1', '1.14.13', '1.11.2', '1.14.15', '3.1.5', '1.1.1', '1.10.3', '3.2.1', '3.1.6', '1.11.1', '1.14.12', '1.14.14', '3.4.14', '1.3.98', '6.2.1', '2.4.1', '4.2.1', '3.6.1', '1.16.3', '1.14.18']"
Zuranolone,101,23,"['3.1.3', '4.1.99', '3.5.5', '1.14.19', '3.8.1', '1.14.15', '1.14.13', '3.1.5', '1.1.1', '3.2.1', '3.4.15', '3.1.6', '1.14.99', '1.11.1', '1.14.14', '1.1.99', '2.4.1', '1.3.1', '4.2.1', '3.6.1', '1.16.3', '1.3.99', '1.14.18']"
Colchiceine,81,37,"['6.3.4', '1.22.1', '2.7.1', '3.1.3', '4.2.2', '3.4.13', '3.8.1', '3.5.1', '1.14.3', '1.21.1', '6.3.2', '1.14.13', '1.14.15', '1.11.2', '1.10.3', '3.2.1', '3.3.2', '3.4.15', '2.3.1', '3.1.6', '1.14.99', '1.11.1', '3.4.11', '2.8.2', '1.14.14', '3.1.1', '1.14.16', '2.1.1', '5.1.3', '6.2.1', '2.4.1', '4.1.3', '6.3.1', '4.2.1', '3.6.1', '1.17.1', '1.14.18']"
Magnesium malate,0,0,[]
Zinc glycinate citrate,0,0,[]
"24-Homo-1,25-dihydroxyvitamin D3",160,25,"['3.1.3', '4.1.99', '1.14.19', '5.3.3', '1.14.15', '1.14.13', '1.1.1', '3.2.1', '1.14.21', '1.13.11', '1.1.3', '3.1.6', '1.14.99', '1.11.1', '1.3.3', '1.14.12', '1.14.14', '1.1.99', '1.17.99', '2.4.1', '1.3.1', '4.2.1', '1.16.3', '1.3.99', '1.14.18']"
Prednisolone acetate,143,40,"['3.4.16', '2.7.1', '3.1.3', '4.1.99', '4.2.2', '1.14.19', '3.5.1', '5.3.3', '6.3.2', '1.14.15', '1.14.13', '3.1.5', '1.1.1', '3.2.1', '3.4.15', '2.3.1', '1.13.11', '1.1.3', '3.1.6', '1.3.8', '1.14.99', '1.11.1', '1.3.3', '2.5.1', '1.14.14', '3.1.1', '1.1.99', '5.1.3', '1.17.99', '6.2.1', '2.4.1', '1.3.1', '4.2.1', '4.1.3', '3.6.1', '2.7.2', '1.16.3', '1.3.99', '3.4.21', '1.14.18']"
Adagrasib,64,17,"['1.14.19', '1.14.3', '3.8.1', '1.14.13', '1.14.15', '3.2.1', '1.14.99', '1.2.1', '1.14.14', '2.1.1', '1.3.98', '2.4.1', '6.2.1', '1.3.1', '3.6.1', '1.3.99', '1.14.18']"
Sotorasib,49,17,"['3.1.3', '1.14.3', '3.8.1', '1.14.13', '1.14.15', '2.6.1', '3.2.1', '3.1.6', '1.2.1', '1.3.3', '2.8.2', '1.14.14', '1.2.3', '1.3.1', '4.2.1', '1.3.99', '1.14.18']"
(12R)-12-hydroxyeicosapentaenoic acid,182,36,"['2.7.1', '3.1.3', '4.2.2', '1.14.19', '1.14.15', '1.14.13', '1.1.1', '1.10.3', '3.2.1', '3.4.15', '5.2.1', '1.14.11', '1.13.11', '1.1.3', '3.1.6', '1.3.8', '1.6.99', '1.14.99', '1.2.1', '1.3.3', '1.11.1', '1.14.12', '2.5.1', '1.14.14', '3.1.1', '1.1.99', '5.1.3', '1.17.99', '2.4.1', '1.3.1', '4.2.1', '4.1.3', '1.16.3', '1.3.99', '1.17.1', '1.14.18']"
alpha-Pinene,42,12,"['5.3.3', '1.14.15', '1.14.13', '1.14.99', '1.1.1', '1.14.21', '1.3.3', '1.17.99', '1.3.1', '1.14.14', '1.13.12', '1.14.18']"
beta-Pinene,37,11,"['1.14.15', '1.14.13', '1.14.99', '1.17.99', '1.3.1', '1.3.99', '1.14.19', '1.14.11', '1.14.14', '1.13.12', '1.14.18']"
Desfesoterodine,89,26,"['1.22.1', '3.1.3', '3.8.1', '1.14.3', '1.21.1', '1.14.15', '1.14.13', '1.11.2', '3.1.5', '1.1.1', '1.10.3', '3.2.1', '1.1.3', '3.1.6', '1.11.1', '1.2.1', '1.14.12', '2.8.2', '1.14.14', '1.14.16', '1.4.3', '2.4.1', '4.2.1', '3.6.1', '1.16.3', '1.14.18']"
Ferric maltol,0,0,[]
Previtamin D(3),131,21,"['3.1.3', '1.14.19', '5.3.3', '1.14.15', '1.14.13', '1.1.1', '3.2.1', '1.13.11', '1.1.3', '3.1.6', '1.14.99', '1.11.1', '1.14.14', '1.1.99', '1.17.99', '2.4.1', '1.3.1', '4.2.1', '1.16.3', '1.3.99', '1.14.18']"
Molnupiravir,64,42,"['1.22.1', '2.4.2', '3.4.16', '2.7.1', '3.1.3', '3.5.4', '4.2.2', '3.8.1', '1.14.3', '1.21.1', '6.3.2', '1.14.13', '1.14.15', '1.11.2', '3.1.5', '1.1.1', '3.2.1', '3.3.2', '5.3.1', '3.4.15', '2.3.1', '5.4.99', '1.1.3', '3.1.6', '1.3.8', '1.11.1', '2.5.1', '1.14.14', '3.1.1', '1.14.16', '3.2.2', '1.1.99', '5.1.3', '6.2.1', '2.4.1', '4.2.1', '1.3.1', '4.1.3', '3.6.1', '1.16.3', '3.4.21', '1.14.18']"
Vitamin K7,87,31,"['1.6.5', '1.22.1', '2.7.1', '3.1.3', '3.5.4', '1.14.19', '3.8.1', '1.14.3', '1.21.1', '1.14.13', '1.11.2', '1.14.15', '1.1.1', '1.10.3', '3.2.1', '2.6.1', '1.7.1', '1.13.11', '1.1.3', '3.1.6', '1.14.99', '1.11.1', '1.14.12', '2.8.2', '1.14.14', '1.14.16', '1.8.99', '5.1.3', '4.1.3', '4.2.1', '1.14.18']"
Fezolinetant,24,9,"['1.14.13', '1.11.2', '1.14.15', '2.6.1', '3.2.1', '3.4.15', '1.14.14', '3.8.1', '1.14.18']"
Lenacapavir,37,14,"['6.3.2', '1.14.13', '1.14.15', '3.2.1', '3.4.11', '1.14.18', '1.14.3', '6.3.1', '2.5.1', '3.4.13', '1.14.14', '3.8.1', '3.5.1', '1.2.3']"
Selpercatinib,44,16,"['1.14.15', '1.14.13', '2.1.1', '3.1.5', '3.2.1', '3.1.3', '1.14.18', '2.4.1', '1.14.3', '6.2.1', '3.6.1', '3.5.5', '1.14.14', '3.8.1', '1.2.3', '3.1.6']"
Cedazuridine,53,34,"['4.2.3', '2.7.1', '3.1.3', '4.2.2', '6.3.2', '1.14.15', '1.14.13', '3.1.5', '1.1.1', '3.2.1', '3.3.2', '3.4.15', '3.4.19', '5.4.99', '1.1.3', '3.1.6', '1.2.1', '1.11.1', '3.4.11', '1.14.12', '2.5.1', '1.14.14', '3.2.2', '3.1.1', '1.1.99', '5.1.3', '6.2.1', '2.4.1', '4.2.1', '1.3.1', '4.1.3', '3.6.1', '1.16.3', '1.14.18']"
Zinc orotate,0,0,[]
Metronidazole benzoate,56,32,"['1.22.1', '1.2.7', '2.7.1', '4.2.2', '3.8.1', '1.14.3', '1.21.1', '6.3.2', '1.14.13', '1.11.2', '1.1.1', '1.10.3', '3.2.1', '2.6.1', '1.7.1', '3.4.15', '3.4.19', '1.14.99', '1.2.99', '3.4.11', '1.14.12', '1.14.14', '1.2.3', '3.1.1', '1.14.16', '5.1.3', '6.2.1', '4.1.3', '4.2.1', '3.6.1', '1.14.18', '1.12.99']"
Sulbactam pivoxil,45,23,"['3.4.16', '2.7.1', '4.2.2', '6.3.2', '1.14.15', '1.14.13', '1.1.1', '3.2.1', '3.4.15', '3.4.19', '2.3.1', '1.17.1', '1.14.14', '1.13.12', '3.1.1', '5.1.3', '1.17.99', '6.2.1', '4.1.3', '4.2.1', '3.6.1', '3.4.21', '1.14.18']"
Iron polymaltose,0,0,[]
beta-Escin,370,34,"['2.4.2', '3.4.16', '3.1.3', '4.2.2', '1.14.19', '3.5.1', '5.3.3', '1.14.15', '1.14.13', '1.1.1', '3.2.1', '1.14.21', '3.3.2', '2.3.1', '5.4.99', '1.1.3', '3.1.6', '1.14.99', '1.2.1', '1.3.3', '1.11.1', '1.14.14', '1.13.12', '3.1.1', '1.1.99', '1.17.99', '6.2.1', '2.4.1', '1.3.1', '4.2.1', '1.16.3', '1.3.99', '3.4.21', '1.14.18']"
Pargeverine,53,27,"['1.22.1', '3.4.16', '2.7.1', '4.2.2', '3.8.1', '1.14.3', '1.21.1', '6.3.2', '1.14.13', '1.11.2', '1.1.1', '1.10.3', '3.2.1', '3.4.15', '3.4.19', '2.3.1', '1.14.12', '1.14.14', '3.1.1', '1.14.16', '5.1.3', '6.2.1', '4.1.3', '4.2.1', '3.6.1', '3.4.21', '1.14.18']"
Zinc phenolsulfonate,0,0,[]
Potassium aspartate,0,0,[]
Pralsetinib,42,21,"['6.3.4', '3.4.13', '1.14.19', '1.14.3', '3.8.1', '3.5.1', '6.3.2', '1.14.13', '1.14.15', '2.6.1', '3.2.1', '1.14.99', '3.4.11', '1.14.14', '1.2.3', '6.2.1', '1.3.1', '6.3.1', '3.6.1', '1.3.99', '1.14.18']"
Dihydroxyaluminum sodium carbonate,0,0,[]
Desmeninol,47,38,"['4.2.3', '2.7.1', '3.1.3', '4.2.2', '1.8.3', '6.3.2', '1.14.15', '1.14.13', '3.1.5', '1.1.1', '3.2.1', '3.3.2', '3.4.15', '3.4.19', '1.7.3', '5.2.1', '1.1.3', '3.1.6', '1.2.1', '1.11.1', '3.4.11', '1.14.12', '2.5.1', '1.1.5', '1.14.14', '3.1.1', '2.1.1', '1.1.99', '5.1.3', '1.17.99', '2.4.1', '1.3.1', '4.2.1', '4.1.3', '3.6.1', '1.16.3', '1.17.1', '1.14.18']"
alpha-Keto-isoleucine,48,37,"['4.2.3', '2.7.1', '3.1.3', '4.2.2', '1.14.19', '3.5.1', '6.3.2', '1.14.15', '1.14.13', '3.1.5', '1.1.1', '2.6.1', '3.2.1', '1.7.3', '3.4.15', '3.4.19', '5.2.1', '3.1.6', '1.2.1', '1.11.1', '3.4.11', '1.14.12', '2.5.1', '1.1.5', '1.14.14', '3.1.1', '1.4.3', '1.1.99', '5.1.3', '2.4.1', '1.3.1', '4.2.1', '4.1.3', '3.6.1', '1.16.3', '1.3.99', '1.14.18']"
Buthiazide,25,23,"['1.97.1', '1.22.1', '2.7.1', '4.2.2', '1.14.19', '3.8.1', '1.21.1', '1.14.13', '1.14.15', '1.11.2', '1.10.3', '3.2.1', '3.4.15', '1.14.14', '3.1.1', '1.14.16', '1.8.99', '5.1.3', '1.3.98', '1.3.1', '4.1.3', '4.2.1', '1.14.18']"
L-alpha-Glycerophosphorylethanolamine,50,38,"['4.2.3', '2.7.1', '3.1.3', '3.10.1', '4.2.2', '6.3.2', '1.14.15', '1.14.13', '3.1.5', '1.1.1', '2.7.8', '3.2.1', '3.3.2', '3.4.15', '3.4.19', '1.7.3', '1.1.3', '3.1.6', '1.2.1', '1.11.1', '3.4.11', '2.5.1', '1.1.5', '1.14.14', '3.1.4', '3.1.1', '4.99.1', '1.4.3', '1.1.99', '5.1.3', '6.2.1', '2.4.1', '1.3.1', '4.2.1', '4.1.3', '3.6.1', '1.16.3', '1.14.18']"
"1,3,5-Trimethoxybenzene",16,19,"['1.6.5', '1.22.1', '1.14.19', '1.14.3', '3.8.1', '1.21.1', '1.14.13', '1.11.2', '3.2.1', '3.3.2', '1.11.1', '1.14.12', '1.14.14', '1.14.16', '2.1.1', '6.2.1', '2.4.1', '3.6.1', '1.14.18']"
Cetyltrimethylammonium naproxenate,0,0,[]
Piroxicam cinnamate,129,30,"['4.1.2', '3.4.16', '2.7.1', '4.2.2', '3.8.1', '3.5.1', '1.14.3', '1.14.13', '1.11.2', '1.1.1', '3.2.1', '2.3.2', '3.3.2', '3.4.19', '2.3.1', '3.4.22', '1.2.1', '3.4.11', '1.14.14', '1.2.3', '3.1.1', '5.1.3', '6.2.1', '4.2.1', '6.3.1', '1.3.1', '4.1.3', '3.6.1', '3.4.21', '1.14.18']"
Pipethanate,70,37,"['1.22.1', '3.4.16', '2.7.1', '3.1.3', '4.2.2', '1.14.19', '3.8.1', '1.14.3', '1.21.1', '6.3.2', '1.14.13', '1.14.15', '1.11.2', '3.1.5', '1.1.1', '1.10.3', '3.2.1', '3.4.15', '2.3.1', '3.1.6', '1.14.99', '1.11.1', '1.14.12', '1.14.14', '3.1.1', '1.14.16', '5.1.3', '6.2.1', '2.4.1', '1.3.1', '4.1.3', '4.2.1', '3.6.1', '1.16.3', '1.3.99', '3.4.21', '1.14.18']"
Chlormadinone acetate,129,26,"['3.4.16', '4.2.2', '1.14.19', '3.5.1', '6.3.2', '1.14.15', '1.14.13', '1.1.1', '3.2.1', '2.3.1', '1.1.3', '1.3.8', '1.14.99', '1.17.1', '1.3.3', '1.14.14', '3.1.1', '1.1.99', '1.17.99', '6.2.1', '1.3.1', '4.2.1', '3.7.1', '1.3.99', '3.4.21', '1.14.18']"
Escin,0,0,[]
Alexitol sodium,0,0,[]
Cryptoxanthin,266,23,"['5.5.1', '3.1.3', '1.14.19', '5.3.3', '1.14.15', '1.14.13', '1.1.1', '1.14.21', '3.2.1', '1.13.11', '1.1.3', '3.1.6', '1.3.8', '1.14.99', '1.3.3', '2.5.1', '1.14.14', '1.13.12', '1.17.99', '1.3.1', '4.2.1', '1.3.99', '1.14.18']"
Anethole,33,21,"['1.6.5', '1.22.1', '1.14.19', '3.8.1', '1.14.3', '1.21.1', '1.14.13', '1.11.2', '1.14.15', '1.10.3', '3.2.1', '3.3.2', '1.13.11', '1.11.1', '1.14.12', '1.14.14', '1.14.16', '2.1.1', '2.4.1', '3.6.1', '1.14.18']"
Camphene,41,10,"['1.14.15', '1.14.13', '1.14.99', '1.17.99', '1.3.1', '1.14.19', '1.14.11', '1.14.14', '1.13.12', '1.14.18']"
Fenchone,51,21,"['2.7.1', '4.2.2', '1.14.19', '1.14.15', '1.14.13', '1.1.1', '3.2.1', '1.7.3', '1.14.99', '1.2.1', '1.14.14', '1.13.12', '3.1.1', '1.4.3', '1.1.99', '5.1.3', '1.3.1', '4.1.3', '4.2.1', '1.3.99', '1.14.18']"
Menthone,51,22,"['2.7.1', '4.2.2', '1.14.19', '1.14.15', '1.14.13', '1.1.1', '3.2.1', '1.7.3', '3.4.15', '1.14.99', '1.14.14', '3.1.1', '1.4.3', '1.1.99', '5.1.3', '1.17.99', '1.3.1', '4.1.3', '4.2.1', '1.3.99', '1.17.1', '1.14.18']"
Tocopheryl nicotinate,138,23,"['1.6.5', '5.5.1', '4.2.2', '1.14.19', '3.8.1', '1.14.3', '1.14.15', '1.14.13', '1.1.1', '2.6.1', '3.2.1', '1.14.99', '3.1.2', '1.14.14', '1.2.3', '3.1.1', '2.1.1', '6.2.1', '2.4.1', '1.3.1', '1.3.99', '1.17.1', '1.14.18']"
Ammonium carbonate,0,0,[]
Ferric glycerophosphate,0,0,[]
Hesperidin methylchalcone,214,39,"['5.5.1', '4.1.2', '2.7.1', '3.1.3', '4.2.2', '1.14.19', '3.8.1', '1.14.3', '1.14.15', '1.14.13', '1.11.2', '3.1.5', '1.1.1', '1.10.3', '3.2.1', '1.14.21', '3.3.2', '2.3.1', '5.4.99', '1.1.3', '3.1.6', '1.11.1', '2.8.2', '1.14.14', '3.1.1', '1.21.3', '2.1.1', '1.1.99', '5.1.3', '5.4.1', '2.4.1', '6.2.1', '4.2.1', '1.3.1', '4.1.3', '3.7.1', '3.6.1', '1.16.3', '1.14.18']"
Menadione bisulfite,89,27,"['1.22.1', '2.7.1', '4.2.2', '1.14.19', '3.8.1', '1.14.3', '1.21.1', '1.14.13', '1.14.15', '1.11.2', '1.1.1', '1.10.3', '3.2.1', '3.4.15', '1.13.11', '1.11.1', '1.14.12', '1.14.14', '3.1.1', '5.1.3', '1.17.99', '1.3.1', '4.1.3', '4.2.1', '3.7.1', '1.17.1', '1.14.18']"
Thiamine disulfide,42,34,"['6.3.4', '2.7.1', '3.1.3', '3.5.4', '4.2.2', '1.14.19', '3.8.1', '1.6.4', '1.14.15', '1.14.13', '3.1.5', '1.1.1', '2.6.1', '3.2.1', '1.8.1', '3.4.15', '1.13.11', '1.1.3', '1.8.4', '3.1.6', '1.14.99', '1.11.1', '1.2.1', '1.14.14', '3.1.1', '5.1.3', '1.8.98', '2.4.1', '1.3.1', '4.1.3', '4.2.1', '3.6.1', '1.16.3', '1.14.18']"
Thioctamide,41,42,"['6.3.4', '2.4.2', '2.7.1', '3.10.1', '3.5.5', '1.14.19', '6.3.5', '1.4.1', '3.5.1', '1.6.4', '4.3.1', '6.3.2', '1.14.15', '1.14.13', '1.1.1', '3.2.1', '1.8.1', '2.3.2', '3.4.15', '3.4.19', '1.8.4', '1.3.8', '1.6.99', '1.14.99', '1.11.1', '1.3.3', '3.4.11', '1.14.14', '3.1.1', '1.6.2', '1.4.7', '5.1.3', '1.8.98', '1.17.99', '4.2.1', '6.3.1', '1.3.1', '4.1.3', '1.3.99', '1.17.1', '1.14.18', '4.3.3']"
Carbazochrome sulfonic acid,42,23,"['2.7.1', '3.10.1', '4.2.2', '5.3.3', '1.14.15', '1.14.13', '1.1.1', '3.2.1', '3.4.15', '3.4.19', '1.1.3', '1.14.99', '1.2.1', '1.14.14', '3.1.1', '1.1.99', '5.1.3', '1.17.99', '1.3.1', '4.1.3', '4.2.1', '3.7.1', '1.14.18']"
Parathiazine,39,11,"['1.14.13', '1.14.15', '1.14.99', '1.14.18', '1.14.12', '1.3.1', '1.3.99', '1.14.19', '1.14.14', '3.8.1', '1.13.11']"
Berotralstat,36,6,"['1.14.13', '1.14.15', '3.2.1', '1.14.14', '3.8.1', '1.14.18']"
Gamma-amino-beta-hydroxybutyric acid,42,38,"['4.2.3', '2.7.1', '3.1.3', '3.10.1', '4.2.2', '6.3.2', '1.14.15', '1.14.13', '3.1.5', '1.1.1', '3.4.24', '3.2.1', '3.4.15', '3.4.19', '1.7.3', '5.2.1', '1.1.3', '3.1.6', '1.2.1', '1.11.1', '3.4.11', '2.5.1', '3.1.2', '1.1.5', '1.14.14', '3.1.1', '1.4.3', '1.1.99', '5.1.3', '1.17.99', '2.4.1', '1.3.1', '4.2.1', '4.1.3', '3.6.1', '1.16.3', '1.17.1', '1.14.18']"
Ephedrine levulinate,85,40,"['1.22.1', '3.4.16', '2.7.1', '4.2.2', '1.14.19', '3.8.1', '1.14.3', '1.21.1', '6.3.2', '1.14.13', '1.14.15', '1.11.2', '1.1.1', '1.10.3', '3.2.1', '3.4.15', '3.4.19', '2.3.1', '1.1.3', '1.3.8', '1.6.99', '1.14.99', '1.3.3', '1.14.12', '1.14.14', '3.1.1', '1.14.16', '3.4.21', '1.5.1', '1.1.99', '5.1.3', '1.17.99', '6.2.1', '1.3.1', '4.1.3', '4.2.1', '3.6.1', '1.3.99', '1.17.1', '1.14.18']"
Arginine aspartate,0,0,[]
Potassium hydrogen DL-aspartate,0,0,[]
Levosulpiride,54,30,"['1.22.1', '2.7.1', '4.2.2', '1.14.19', '3.8.1', '3.5.1', '1.14.3', '1.21.1', '1.14.13', '1.14.15', '1.11.2', '1.10.3', '3.2.1', '3.3.2', '3.4.15', '3.4.19', '1.14.99', '1.14.14', '3.1.1', '1.14.16', '2.1.1', '5.1.3', '6.2.1', '2.4.1', '1.3.1', '4.1.3', '4.2.1', '3.6.1', '1.3.99', '1.14.18']"
Monophosphothiamine,0,0,[]
Arginine PCA,0,0,[]
Atogepant,54,20,"['3.8.1', '3.5.1', '1.14.3', '1.14.13', '1.14.15', '3.2.1', '2.3.2', '3.3.2', '3.4.19', '3.4.15', '3.4.22', '1.17.1', '1.2.1', '3.4.11', '1.14.14', '1.2.3', '3.1.1', '6.3.1', '3.4.21', '1.14.18']"
Finerenone,46,26,"['1.22.1', '2.7.1', '4.2.2', '3.8.1', '3.5.1', '1.14.3', '1.21.1', '1.14.13', '1.11.2', '1.14.15', '1.10.3', '3.2.1', '2.6.1', '3.4.15', '1.1.3', '1.14.12', '1.14.14', '1.2.3', '2.1.1', '5.1.3', '6.2.1', '2.4.1', '4.2.1', '4.1.3', '3.6.1', '1.14.18']"
Hemoporfin,116,32,"['4.1.2', '3.1.3', '4.2.2', '1.14.19', '3.8.1', '1.14.3', '1.14.15', '1.14.13', '1.11.2', '1.13.99', '3.1.5', '1.1.1', '2.6.1', '3.2.1', '5.2.1', '1.13.11', '1.1.3', '3.1.6', '1.3.8', '1.14.99', '1.2.1', '1.3.3', '1.14.12', '1.14.14', '4.99.1', '1.1.99', '1.17.99', '1.3.1', '4.2.1', '1.3.99', '1.17.1', '1.14.18']"
Iptacopan,68,32,"['1.22.1', '2.7.1', '3.1.3', '4.2.2', '3.8.1', '1.14.3', '1.21.1', '1.14.15', '1.14.13', '1.11.2', '3.1.5', '1.1.1', '1.10.3', '3.2.1', '2.6.1', '3.4.15', '5.2.1', '3.1.6', '1.2.1', '1.11.1', '1.14.14', '3.1.1', '4.1.1', '2.1.1', '5.1.3', '6.2.1', '2.4.1', '4.1.3', '4.2.1', '3.6.1', '1.16.3', '1.14.18']"
Lazertinib,55,24,"['3.8.1', '3.5.1', '1.14.3', '1.14.13', '3.2.1', '2.3.2', '3.3.2', '3.4.19', '3.4.15', '3.4.22', '1.2.1', '3.4.11', '1.14.14', '3.1.1', '2.1.1', '6.2.1', '2.4.1', '1.3.1', '6.3.1', '4.2.1', '3.6.1', '1.3.99', '3.4.21', '1.14.18']"
Leniolisib,41,25,"['2.7.1', '3.8.1', '1.14.3', '1.14.13', '1.14.15', '1.11.2', '1.1.1', '3.2.1', '3.4.15', '1.3.3', '1.14.14', '1.2.3', '2.1.1', '1.5.1', '5.1.3', '1.17.99', '6.2.1', '2.4.1', '1.3.1', '4.1.3', '4.2.1', '3.6.1', '1.3.99', '1.17.1', '1.14.18']"
Maralixibat,63,19,"['3.1.3', '1.14.19', '1.14.3', '3.8.1', '1.14.13', '1.14.15', '1.1.1', '3.2.1', '1.1.3', '3.1.6', '1.14.99', '1.14.14', '2.1.1', '6.2.1', '2.4.1', '1.3.1', '3.6.1', '1.3.99', '1.14.18']"
Mitapivat,42,8,"['1.14.13', '1.14.15', '3.2.1', '1.14.18', '3.4.15', '1.14.14', '3.8.1', '1.2.3']"
Odevixibat,116,31,"['6.3.4', '3.4.16', '3.1.3', '3.4.13', '1.14.19', '3.8.1', '3.5.1', '1.14.3', '6.3.2', '1.14.13', '1.14.15', '3.1.5', '1.1.1', '3.2.1', '3.4.19', '3.4.15', '3.1.6', '1.14.99', '1.2.1', '3.4.11', '2.5.1', '1.14.14', '2.1.1', '6.2.1', '2.4.1', '1.3.1', '6.3.1', '3.6.1', '1.3.99', '3.4.21', '1.14.18']"
Olutasidenib,56,20,"['1.22.1', '2.7.1', '4.2.2', '1.14.19', '3.8.1', '1.14.3', '1.21.1', '1.14.13', '1.11.2', '1.14.15', '1.10.3', '3.2.1', '3.4.15', '1.14.14', '1.8.99', '5.1.3', '1.3.98', '4.1.3', '4.2.1', '1.14.18']"
Mobocertinib,66,27,"['3.8.1', '3.5.1', '1.14.3', '1.14.13', '1.14.15', '1.1.1', '3.2.1', '2.3.2', '3.3.2', '3.4.19', '3.4.15', '3.4.22', '1.2.1', '3.4.11', '1.14.12', '1.14.14', '3.1.1', '2.1.1', '6.2.1', '2.4.1', '1.3.1', '6.3.1', '4.2.1', '3.6.1', '1.3.99', '3.4.21', '1.14.18']"
Benzoyloxymethylthiamine,76,37,"['6.3.4', '1.22.1', '2.7.1', '3.1.3', '3.5.4', '4.2.2', '1.14.19', '3.8.1', '1.14.3', '1.21.1', '1.14.15', '1.14.13', '1.11.2', '3.1.5', '1.1.1', '1.10.3', '3.2.1', '2.6.1', '3.4.15', '1.13.11', '1.1.3', '3.1.6', '1.14.99', '1.2.1', '1.11.1', '1.14.14', '1.2.3', '3.1.1', '5.1.3', '6.2.1', '2.4.1', '1.3.1', '4.1.3', '4.2.1', '3.6.1', '1.16.3', '1.14.18']"
Metadoxine,0,0,[]
Potassium sodium hydrogen citrate,0,0,[]
Lactobionic acid,237,42,"['2.4.2', '5.5.1', '4.1.2', '4.2.3', '2.7.1', '3.1.3', '4.2.2', '6.3.2', '1.14.15', '1.14.13', '1.13.99', '3.1.5', '1.1.1', '3.2.1', '3.3.2', '3.4.15', '3.4.19', '2.3.1', '5.2.1', '5.4.99', '1.1.3', '3.1.6', '1.2.1', '1.11.1', '1.14.12', '2.5.1', '1.1.5', '1.14.14', '3.1.1', '1.1.99', '5.1.3', '1.17.99', '5.4.1', '2.4.1', '6.2.1', '1.3.1', '4.2.1', '4.1.3', '3.6.1', '1.16.3', '1.17.1', '1.14.18']"
Serdexmethylphenidate,151,42,"['1.22.1', '3.4.16', '2.7.1', '3.1.3', '4.2.2', '1.14.19', '3.8.1', '3.5.1', '1.14.3', '1.21.1', '6.3.2', '1.14.13', '1.14.15', '1.11.2', '3.1.5', '1.1.1', '1.10.3', '3.2.1', '3.4.15', '2.3.1', '5.2.1', '1.14.11', '1.1.3', '3.1.6', '1.14.99', '1.2.1', '1.11.1', '1.14.14', '1.2.3', '3.1.1', '4.1.1', '5.1.3', '6.2.1', '2.4.1', '1.3.1', '4.1.3', '4.2.1', '3.6.1', '1.16.3', '1.3.99', '3.4.21', '1.14.18']"
Deucravacitinib,50,30,"['1.22.1', '2.7.1', '4.2.2', '3.8.1', '3.5.1', '1.14.3', '1.21.1', '1.14.13', '1.14.15', '1.11.2', '1.10.3', '3.2.1', '2.3.2', '3.3.2', '3.4.19', '3.4.15', '3.4.22', '3.4.11', '1.14.14', '3.1.1', '2.1.1', '5.1.3', '6.2.1', '2.4.1', '4.1.3', '6.3.1', '4.2.1', '3.6.1', '3.4.21', '1.14.18']"
Tegoprazan,51,24,"['1.22.1', '2.7.1', '4.2.2', '1.14.19', '3.8.1', '1.14.3', '1.21.1', '1.14.13', '1.14.15', '1.11.2', '1.10.3', '3.2.1', '2.6.1', '3.4.15', '1.14.14', '2.1.1', '5.1.3', '6.2.1', '2.4.1', '1.3.1', '4.1.3', '4.2.1', '3.6.1', '1.14.18']"
Nirmatrelvir,84,27,"['6.3.4', '2.7.1', '4.2.2', '3.5.5', '3.4.13', '3.5.1', '4.3.1', '6.3.2', '1.14.15', '1.14.13', '1.1.1', '3.2.1', '2.3.2', '3.4.19', '3.4.15', '3.4.11', '1.14.14', '1.13.12', '4.99.1', '1.5.1', '5.1.3', '4.2.1', '6.3.1', '1.3.1', '4.1.3', '3.4.21', '1.14.18']"
Belumosudil,117,30,"['6.3.4', '1.22.1', '2.7.1', '4.2.2', '3.4.13', '3.8.1', '3.5.1', '1.14.3', '1.21.1', '6.3.2', '1.14.13', '1.11.2', '1.14.15', '1.10.3', '3.2.1', '3.4.15', '1.14.99', '1.2.1', '3.4.11', '1.14.12', '1.14.14', '2.1.1', '5.1.3', '6.2.1', '2.4.1', '4.1.3', '4.2.1', '6.3.1', '3.6.1', '1.14.18']"
Repotrectinib,34,23,"['1.22.1', '2.7.1', '4.2.2', '3.8.1', '3.5.1', '1.14.3', '1.21.1', '1.14.13', '1.11.2', '1.14.15', '1.10.3', '3.2.1', '3.4.15', '1.14.14', '1.14.16', '2.1.1', '5.1.3', '6.2.1', '2.4.1', '4.1.3', '4.2.1', '3.6.1', '1.14.18']"
L-Acetylleucine,46,37,"['6.3.4', '3.4.16', '2.7.1', '3.1.3', '4.2.3', '4.2.2', '3.4.13', '3.5.1', '5.1.1', '6.3.2', '1.14.15', '1.14.13', '3.1.5', '1.1.1', '3.2.1', '3.4.15', '3.4.19', '2.3.1', '5.2.1', '3.1.6', '1.14.99', '1.2.1', '1.11.1', '3.4.11', '1.14.12', '1.14.14', '3.1.1', '1.5.1', '5.1.3', '2.4.1', '1.3.1', '6.3.1', '4.1.3', '4.2.1', '3.6.1', '1.16.3', '1.14.18']"
Linzagolix,62,28,"['1.22.1', '2.7.1', '3.1.3', '4.2.2', '3.8.1', '1.14.3', '1.21.1', '1.14.13', '1.11.2', '3.1.5', '1.1.1', '1.10.3', '3.2.1', '3.3.2', '3.4.15', '3.1.6', '1.2.1', '1.11.1', '1.14.14', '2.1.1', '5.1.3', '6.2.1', '2.4.1', '4.1.3', '4.2.1', '3.6.1', '1.16.3', '1.14.18']"
Vorasidenib,18,11,"['1.14.13', '1.11.2', '1.8.99', '3.2.1', '1.14.18', '1.14.12', '3.5.4', '3.5.99', '1.14.14', '3.8.1', '1.2.3']"
Pirtobrutinib,48,21,"['2.7.1', '4.2.2', '1.14.3', '3.8.1', '3.5.1', '1.14.13', '1.11.2', '1.14.15', '1.1.1', '3.2.1', '3.3.2', '3.4.15', '1.14.14', '2.1.1', '5.1.3', '6.2.1', '2.4.1', '4.1.3', '4.2.1', '3.6.1', '1.14.18']"
Lomifylline,59,27,"['2.7.1', '4.2.2', '1.14.19', '3.8.1', '1.14.15', '1.14.13', '1.1.1', '3.2.1', '3.4.15', '3.4.19', '1.1.3', '1.3.8', '1.14.99', '1.3.3', '1.14.14', '1.13.12', '3.1.1', '1.1.99', '5.1.3', '1.17.99', '1.3.1', '4.1.3', '4.2.1', '1.17.5', '1.3.99', '1.17.1', '1.14.18']"
Revumenib,59,15,"['1.14.13', '1.14.15', '2.1.1', '1.14.99', '3.2.1', '6.2.1', '2.4.1', '1.3.1', '1.14.3', '3.6.1', '1.3.99', '1.14.19', '1.14.14', '3.8.1', '1.14.18']"
Benzgalantamine,77,22,"['4.2.2', '1.14.19', '1.14.3', '3.8.1', '1.14.13', '1.14.15', '1.11.2', '1.1.1', '3.2.1', '1.14.99', '1.14.12', '1.14.14', '3.1.1', '2.1.1', '1.17.99', '6.2.1', '2.4.1', '1.3.1', '4.2.1', '3.6.1', '1.3.99', '1.14.18']"
